ISO-10303-21;
HEADER;
FILE_DESCRIPTION(('Open CASCADE Model'),'2;1');
FILE_NAME('Open CASCADE Shape Model','2026-07-30T16:33:13',('Author'),(
    'Open CASCADE'),'Open CASCADE STEP processor 7.9','Open CASCADE 7.9'
  ,'Unknown');
FILE_SCHEMA(('AUTOMOTIVE_DESIGN { 1 0 10303 214 1 1 1 1 }'));
ENDSEC;
DATA;
#1 = APPLICATION_PROTOCOL_DEFINITION('international standard',
  'automotive_design',2000,#2);
#2 = APPLICATION_CONTEXT(
  'core data for automotive mechanical design processes');
#3 = SHAPE_DEFINITION_REPRESENTATION(#4,#10);
#4 = PRODUCT_DEFINITION_SHAPE('','',#5);
#5 = PRODUCT_DEFINITION('design','',#6,#9);
#6 = PRODUCT_DEFINITION_FORMATION('','',#7);
#7 = PRODUCT('Open CASCADE STEP translator 7.9 2',
  'Open CASCADE STEP translator 7.9 2','',(#8));
#8 = PRODUCT_CONTEXT('',#2,'mechanical');
#9 = PRODUCT_DEFINITION_CONTEXT('part definition',#2,'design');
#10 = ADVANCED_BREP_SHAPE_REPRESENTATION('',(#11,#15),#10353);
#11 = AXIS2_PLACEMENT_3D('',#12,#13,#14);
#12 = CARTESIAN_POINT('',(0.,0.,0.));
#13 = DIRECTION('',(0.,0.,1.));
#14 = DIRECTION('',(1.,0.,-0.));
#15 = MANIFOLD_SOLID_BREP('',#16);
#16 = CLOSED_SHELL('',(#17,#137,#213,#289,#3907,#6890,#6917,#6944,#6971,
    #6998,#7025,#7052,#7079,#7106,#7133,#7160,#7187,#7214,#7241,#7268,
    #7295,#7322,#7349,#7376,#7403,#7430,#7457,#7484,#7511,#7538,#7565,
    #7592,#7619,#7646,#7673,#7700,#7727,#7754,#7781,#7808,#7835,#7862,
    #7889,#7916,#7943,#7970,#7997,#8024,#8051,#8078,#8105,#8132,#8159,
    #8186,#8213,#8240,#8267,#8294,#8321,#8348,#8375,#8402,#8429,#8456,
    #8483,#8510,#8537,#8564,#8591,#8618,#8645,#8672,#8699,#8726,#8753,
    #8780,#8807,#8834,#8861,#8888,#8915,#8942,#8969,#8996,#9023,#9050,
    #9077,#9104,#9131,#9158,#9185,#9212,#9239,#9266,#9293,#9320,#9347,
    #9374,#9401,#9428,#9455,#9482,#9509,#9536,#9563,#9590,#9617,#9644,
    #9671,#9698,#9725,#9752,#9779,#9806,#9833,#9860,#9887,#9914,#9941,
    #9968,#9995,#10022,#10049,#10076,#10103,#10130,#10157,#10184,#10211,
    #10238,#10245,#10272,#10299,#10326));
#17 = ADVANCED_FACE('',(#18),#32,.T.);
#18 = FACE_BOUND('',#19,.T.);
#19 = EDGE_LOOP('',(#20,#55,#83,#111));
#20 = ORIENTED_EDGE('',*,*,#21,.T.);
#21 = EDGE_CURVE('',#22,#24,#26,.T.);
#22 = VERTEX_POINT('',#23);
#23 = CARTESIAN_POINT('',(12.7,0.,-1.8E-02));
#24 = VERTEX_POINT('',#25);
#25 = CARTESIAN_POINT('',(12.7,0.,4.3E-02));
#26 = SURFACE_CURVE('',#27,(#31,#43),.PCURVE_S1.);
#27 = LINE('',#28,#29);
#28 = CARTESIAN_POINT('',(12.7,0.,-1.8E-02));
#29 = VECTOR('',#30,1.);
#30 = DIRECTION('',(0.,0.,1.));
#31 = PCURVE('',#32,#37);
#32 = PLANE('',#33);
#33 = AXIS2_PLACEMENT_3D('',#34,#35,#36);
#34 = CARTESIAN_POINT('',(12.7,0.,-1.8E-02));
#35 = DIRECTION('',(0.999698818696,-2.454122852291E-02,0.));
#36 = DIRECTION('',(-2.454122852291E-02,-0.999698818696,0.));
#37 = DEFINITIONAL_REPRESENTATION('',(#38),#42);
#38 = LINE('',#39,#40);
#39 = CARTESIAN_POINT('',(0.,0.));
#40 = VECTOR('',#41,1.);
#41 = DIRECTION('',(0.,-1.));
#42 = ( GEOMETRIC_REPRESENTATION_CONTEXT(2) 
PARAMETRIC_REPRESENTATION_CONTEXT() REPRESENTATION_CONTEXT('2D SPACE',''
  ) );
#43 = PCURVE('',#44,#49);
#44 = PLANE('',#45);
#45 = AXIS2_PLACEMENT_3D('',#46,#47,#48);
#46 = CARTESIAN_POINT('',(12.684702293806,0.623159463958,-1.8E-02));
#47 = DIRECTION('',(0.999698818696,2.454122852291E-02,-0.));
#48 = DIRECTION('',(2.454122852291E-02,-0.999698818696,0.));
#49 = DEFINITIONAL_REPRESENTATION('',(#50),#54);
#50 = LINE('',#51,#52);
#51 = CARTESIAN_POINT('',(0.623347204482,0.));
#52 = VECTOR('',#53,1.);
#53 = DIRECTION('',(0.,-1.));
#54 = ( GEOMETRIC_REPRESENTATION_CONTEXT(2) 
PARAMETRIC_REPRESENTATION_CONTEXT() REPRESENTATION_CONTEXT('2D SPACE',''
  ) );
#55 = ORIENTED_EDGE('',*,*,#56,.T.);
#56 = EDGE_CURVE('',#24,#57,#59,.T.);
#57 = VERTEX_POINT('',#58);
#58 = CARTESIAN_POINT('',(12.684702293806,-0.623159463958,4.3E-02));
#59 = SURFACE_CURVE('',#60,(#64,#71),.PCURVE_S1.);
#60 = LINE('',#61,#62);
#61 = CARTESIAN_POINT('',(12.7,0.,4.3E-02));
#62 = VECTOR('',#63,1.);
#63 = DIRECTION('',(-2.454122852291E-02,-0.999698818696,0.));
#64 = PCURVE('',#32,#65);
#65 = DEFINITIONAL_REPRESENTATION('',(#66),#70);
#66 = LINE('',#67,#68);
#67 = CARTESIAN_POINT('',(0.,-6.1E-02));
#68 = VECTOR('',#69,1.);
#69 = DIRECTION('',(1.,0.));
#70 = ( GEOMETRIC_REPRESENTATION_CONTEXT(2) 
PARAMETRIC_REPRESENTATION_CONTEXT() REPRESENTATION_CONTEXT('2D SPACE',''
  ) );
#71 = PCURVE('',#72,#77);
#72 = PLANE('',#73);
#73 = AXIS2_PLACEMENT_3D('',#74,#75,#76);
#74 = CARTESIAN_POINT('',(-1.218917606455E-15,1.564108885543E-15,4.3E-02
    ));
#75 = DIRECTION('',(-0.,-0.,-1.));
#76 = DIRECTION('',(-1.,0.,0.));
#77 = DEFINITIONAL_REPRESENTATION('',(#78),#82);
#78 = LINE('',#79,#80);
#79 = CARTESIAN_POINT('',(-12.7,-1.564108885543E-15));
#80 = VECTOR('',#81,1.);
#81 = DIRECTION('',(2.454122852291E-02,-0.999698818696));
#82 = ( GEOMETRIC_REPRESENTATION_CONTEXT(2) 
PARAMETRIC_REPRESENTATION_CONTEXT() REPRESENTATION_CONTEXT('2D SPACE',''
  ) );
#83 = ORIENTED_EDGE('',*,*,#84,.F.);
#84 = EDGE_CURVE('',#85,#57,#87,.T.);
#85 = VERTEX_POINT('',#86);
#86 = CARTESIAN_POINT('',(12.684702293806,-0.623159463958,-1.8E-02));
#87 = SURFACE_CURVE('',#88,(#92,#99),.PCURVE_S1.);
#88 = LINE('',#89,#90);
#89 = CARTESIAN_POINT('',(12.684702293806,-0.623159463958,-1.8E-02));
#90 = VECTOR('',#91,1.);
#91 = DIRECTION('',(0.,0.,1.));
#92 = PCURVE('',#32,#93);
#93 = DEFINITIONAL_REPRESENTATION('',(#94),#98);
#94 = LINE('',#95,#96);
#95 = CARTESIAN_POINT('',(0.623347204482,0.));
#96 = VECTOR('',#97,1.);
#97 = DIRECTION('',(0.,-1.));
#98 = ( GEOMETRIC_REPRESENTATION_CONTEXT(2) 
PARAMETRIC_REPRESENTATION_CONTEXT() REPRESENTATION_CONTEXT('2D SPACE',''
  ) );
#99 = PCURVE('',#100,#105);
#100 = PLANE('',#101);
#101 = AXIS2_PLACEMENT_3D('',#102,#103,#104);
#102 = CARTESIAN_POINT('',(12.684702293806,-0.623159463958,-1.8E-02));
#103 = DIRECTION('',(0.997290456679,-7.356456359967E-02,0.));
#104 = DIRECTION('',(-7.356456359967E-02,-0.997290456679,0.));
#105 = DEFINITIONAL_REPRESENTATION('',(#106),#110);
#106 = LINE('',#107,#108);
#107 = CARTESIAN_POINT('',(0.,0.));
#108 = VECTOR('',#109,1.);
#109 = DIRECTION('',(0.,-1.));
#110 = ( GEOMETRIC_REPRESENTATION_CONTEXT(2) 
PARAMETRIC_REPRESENTATION_CONTEXT() REPRESENTATION_CONTEXT('2D SPACE',''
  ) );
#111 = ORIENTED_EDGE('',*,*,#112,.F.);
#112 = EDGE_CURVE('',#22,#85,#113,.T.);
#113 = SURFACE_CURVE('',#114,(#118,#125),.PCURVE_S1.);
#114 = LINE('',#115,#116);
#115 = CARTESIAN_POINT('',(12.7,0.,-1.8E-02));
#116 = VECTOR('',#117,1.);
#117 = DIRECTION('',(-2.454122852291E-02,-0.999698818696,0.));
#118 = PCURVE('',#32,#119);
#119 = DEFINITIONAL_REPRESENTATION('',(#120),#124);
#120 = LINE('',#121,#122);
#121 = CARTESIAN_POINT('',(0.,0.));
#122 = VECTOR('',#123,1.);
#123 = DIRECTION('',(1.,0.));
#124 = ( GEOMETRIC_REPRESENTATION_CONTEXT(2) 
PARAMETRIC_REPRESENTATION_CONTEXT() REPRESENTATION_CONTEXT('2D SPACE',''
  ) );
#125 = PCURVE('',#126,#131);
#126 = PLANE('',#127);
#127 = AXIS2_PLACEMENT_3D('',#128,#129,#130);
#128 = CARTESIAN_POINT('',(-1.218917606455E-15,1.564108885543E-15,
    -1.8E-02));
#129 = DIRECTION('',(-0.,-0.,-1.));
#130 = DIRECTION('',(-1.,0.,0.));
#131 = DEFINITIONAL_REPRESENTATION('',(#132),#136);
#132 = LINE('',#133,#134);
#133 = CARTESIAN_POINT('',(-12.7,-1.564108885543E-15));
#134 = VECTOR('',#135,1.);
#135 = DIRECTION('',(2.454122852291E-02,-0.999698818696));
#136 = ( GEOMETRIC_REPRESENTATION_CONTEXT(2) 
PARAMETRIC_REPRESENTATION_CONTEXT() REPRESENTATION_CONTEXT('2D SPACE',''
  ) );
#137 = ADVANCED_FACE('',(#138),#44,.T.);
#138 = FACE_BOUND('',#139,.T.);
#139 = EDGE_LOOP('',(#140,#170,#191,#192));
#140 = ORIENTED_EDGE('',*,*,#141,.T.);
#141 = EDGE_CURVE('',#142,#144,#146,.T.);
#142 = VERTEX_POINT('',#143);
#143 = CARTESIAN_POINT('',(12.684702293806,0.623159463958,-1.8E-02));
#144 = VERTEX_POINT('',#145);
#145 = CARTESIAN_POINT('',(12.684702293806,0.623159463958,4.3E-02));
#146 = SURFACE_CURVE('',#147,(#151,#158),.PCURVE_S1.);
#147 = LINE('',#148,#149);
#148 = CARTESIAN_POINT('',(12.684702293806,0.623159463958,-1.8E-02));
#149 = VECTOR('',#150,1.);
#150 = DIRECTION('',(0.,0.,1.));
#151 = PCURVE('',#44,#152);
#152 = DEFINITIONAL_REPRESENTATION('',(#153),#157);
#153 = LINE('',#154,#155);
#154 = CARTESIAN_POINT('',(0.,0.));
#155 = VECTOR('',#156,1.);
#156 = DIRECTION('',(0.,-1.));
#157 = ( GEOMETRIC_REPRESENTATION_CONTEXT(2) 
PARAMETRIC_REPRESENTATION_CONTEXT() REPRESENTATION_CONTEXT('2D SPACE',''
  ) );
#158 = PCURVE('',#159,#164);
#159 = PLANE('',#160);
#160 = AXIS2_PLACEMENT_3D('',#161,#162,#163);
#161 = CARTESIAN_POINT('',(12.638846028737,1.244817682185,-1.8E-02));
#162 = DIRECTION('',(0.997290456679,7.356456359967E-02,-0.));
#163 = DIRECTION('',(7.356456359967E-02,-0.997290456679,0.));
#164 = DEFINITIONAL_REPRESENTATION('',(#165),#169);
#165 = LINE('',#166,#167);
#166 = CARTESIAN_POINT('',(0.623347204482,0.));
#167 = VECTOR('',#168,1.);
#168 = DIRECTION('',(0.,-1.));
#169 = ( GEOMETRIC_REPRESENTATION_CONTEXT(2) 
PARAMETRIC_REPRESENTATION_CONTEXT() REPRESENTATION_CONTEXT('2D SPACE',''
  ) );
#170 = ORIENTED_EDGE('',*,*,#171,.T.);
#171 = EDGE_CURVE('',#144,#24,#172,.T.);
#172 = SURFACE_CURVE('',#173,(#177,#184),.PCURVE_S1.);
#173 = LINE('',#174,#175);
#174 = CARTESIAN_POINT('',(12.684702293806,0.623159463958,4.3E-02));
#175 = VECTOR('',#176,1.);
#176 = DIRECTION('',(2.454122852291E-02,-0.999698818696,0.));
#177 = PCURVE('',#44,#178);
#178 = DEFINITIONAL_REPRESENTATION('',(#179),#183);
#179 = LINE('',#180,#181);
#180 = CARTESIAN_POINT('',(0.,-6.1E-02));
#181 = VECTOR('',#182,1.);
#182 = DIRECTION('',(1.,0.));
#183 = ( GEOMETRIC_REPRESENTATION_CONTEXT(2) 
PARAMETRIC_REPRESENTATION_CONTEXT() REPRESENTATION_CONTEXT('2D SPACE',''
  ) );
#184 = PCURVE('',#72,#185);
#185 = DEFINITIONAL_REPRESENTATION('',(#186),#190);
#186 = LINE('',#187,#188);
#187 = CARTESIAN_POINT('',(-12.6847022938,0.623159463958));
#188 = VECTOR('',#189,1.);
#189 = DIRECTION('',(-2.454122852291E-02,-0.999698818696));
#190 = ( GEOMETRIC_REPRESENTATION_CONTEXT(2) 
PARAMETRIC_REPRESENTATION_CONTEXT() REPRESENTATION_CONTEXT('2D SPACE',''
  ) );
#191 = ORIENTED_EDGE('',*,*,#21,.F.);
#192 = ORIENTED_EDGE('',*,*,#193,.F.);
#193 = EDGE_CURVE('',#142,#22,#194,.T.);
#194 = SURFACE_CURVE('',#195,(#199,#206),.PCURVE_S1.);
#195 = LINE('',#196,#197);
#196 = CARTESIAN_POINT('',(12.684702293806,0.623159463958,-1.8E-02));
#197 = VECTOR('',#198,1.);
#198 = DIRECTION('',(2.454122852291E-02,-0.999698818696,0.));
#199 = PCURVE('',#44,#200);
#200 = DEFINITIONAL_REPRESENTATION('',(#201),#205);
#201 = LINE('',#202,#203);
#202 = CARTESIAN_POINT('',(0.,0.));
#203 = VECTOR('',#204,1.);
#204 = DIRECTION('',(1.,0.));
#205 = ( GEOMETRIC_REPRESENTATION_CONTEXT(2) 
PARAMETRIC_REPRESENTATION_CONTEXT() REPRESENTATION_CONTEXT('2D SPACE',''
  ) );
#206 = PCURVE('',#126,#207);
#207 = DEFINITIONAL_REPRESENTATION('',(#208),#212);
#208 = LINE('',#209,#210);
#209 = CARTESIAN_POINT('',(-12.6847022938,0.623159463958));
#210 = VECTOR('',#211,1.);
#211 = DIRECTION('',(-2.454122852291E-02,-0.999698818696));
#212 = ( GEOMETRIC_REPRESENTATION_CONTEXT(2) 
PARAMETRIC_REPRESENTATION_CONTEXT() REPRESENTATION_CONTEXT('2D SPACE',''
  ) );
#213 = ADVANCED_FACE('',(#214),#100,.T.);
#214 = FACE_BOUND('',#215,.T.);
#215 = EDGE_LOOP('',(#216,#217,#240,#268));
#216 = ORIENTED_EDGE('',*,*,#84,.T.);
#217 = ORIENTED_EDGE('',*,*,#218,.T.);
#218 = EDGE_CURVE('',#57,#219,#221,.T.);
#219 = VERTEX_POINT('',#220);
#220 = CARTESIAN_POINT('',(12.638846028737,-1.244817682185,4.3E-02));
#221 = SURFACE_CURVE('',#222,(#226,#233),.PCURVE_S1.);
#222 = LINE('',#223,#224);
#223 = CARTESIAN_POINT('',(12.684702293806,-0.623159463958,4.3E-02));
#224 = VECTOR('',#225,1.);
#225 = DIRECTION('',(-7.356456359967E-02,-0.997290456679,0.));
#226 = PCURVE('',#100,#227);
#227 = DEFINITIONAL_REPRESENTATION('',(#228),#232);
#228 = LINE('',#229,#230);
#229 = CARTESIAN_POINT('',(0.,-6.1E-02));
#230 = VECTOR('',#231,1.);
#231 = DIRECTION('',(1.,0.));
#232 = ( GEOMETRIC_REPRESENTATION_CONTEXT(2) 
PARAMETRIC_REPRESENTATION_CONTEXT() REPRESENTATION_CONTEXT('2D SPACE',''
  ) );
#233 = PCURVE('',#72,#234);
#234 = DEFINITIONAL_REPRESENTATION('',(#235),#239);
#235 = LINE('',#236,#237);
#236 = CARTESIAN_POINT('',(-12.6847022938,-0.623159463958));
#237 = VECTOR('',#238,1.);
#238 = DIRECTION('',(7.356456359967E-02,-0.997290456679));
#239 = ( GEOMETRIC_REPRESENTATION_CONTEXT(2) 
PARAMETRIC_REPRESENTATION_CONTEXT() REPRESENTATION_CONTEXT('2D SPACE',''
  ) );
#240 = ORIENTED_EDGE('',*,*,#241,.F.);
#241 = EDGE_CURVE('',#242,#219,#244,.T.);
#242 = VERTEX_POINT('',#243);
#243 = CARTESIAN_POINT('',(12.638846028737,-1.244817682185,-1.8E-02));
#244 = SURFACE_CURVE('',#245,(#249,#256),.PCURVE_S1.);
#245 = LINE('',#246,#247);
#246 = CARTESIAN_POINT('',(12.638846028737,-1.244817682185,-1.8E-02));
#247 = VECTOR('',#248,1.);
#248 = DIRECTION('',(0.,0.,1.));
#249 = PCURVE('',#100,#250);
#250 = DEFINITIONAL_REPRESENTATION('',(#251),#255);
#251 = LINE('',#252,#253);
#252 = CARTESIAN_POINT('',(0.623347204482,0.));
#253 = VECTOR('',#254,1.);
#254 = DIRECTION('',(0.,-1.));
#255 = ( GEOMETRIC_REPRESENTATION_CONTEXT(2) 
PARAMETRIC_REPRESENTATION_CONTEXT() REPRESENTATION_CONTEXT('2D SPACE',''
  ) );
#256 = PCURVE('',#257,#262);
#257 = PLANE('',#258);
#258 = AXIS2_PLACEMENT_3D('',#259,#260,#261);
#259 = CARTESIAN_POINT('',(12.638846028737,-1.244817682185,-1.8E-02));
#260 = DIRECTION('',(0.992479534599,-0.122410675199,0.));
#261 = DIRECTION('',(-0.122410675199,-0.992479534599,0.));
#262 = DEFINITIONAL_REPRESENTATION('',(#263),#267);
#263 = LINE('',#264,#265);
#264 = CARTESIAN_POINT('',(0.,0.));
#265 = VECTOR('',#266,1.);
#266 = DIRECTION('',(0.,-1.));
#267 = ( GEOMETRIC_REPRESENTATION_CONTEXT(2) 
PARAMETRIC_REPRESENTATION_CONTEXT() REPRESENTATION_CONTEXT('2D SPACE',''
  ) );
#268 = ORIENTED_EDGE('',*,*,#269,.F.);
#269 = EDGE_CURVE('',#85,#242,#270,.T.);
#270 = SURFACE_CURVE('',#271,(#275,#282),.PCURVE_S1.);
#271 = LINE('',#272,#273);
#272 = CARTESIAN_POINT('',(12.684702293806,-0.623159463958,-1.8E-02));
#273 = VECTOR('',#274,1.);
#274 = DIRECTION('',(-7.356456359967E-02,-0.997290456679,0.));
#275 = PCURVE('',#100,#276);
#276 = DEFINITIONAL_REPRESENTATION('',(#277),#281);
#277 = LINE('',#278,#279);
#278 = CARTESIAN_POINT('',(0.,0.));
#279 = VECTOR('',#280,1.);
#280 = DIRECTION('',(1.,0.));
#281 = ( GEOMETRIC_REPRESENTATION_CONTEXT(2) 
PARAMETRIC_REPRESENTATION_CONTEXT() REPRESENTATION_CONTEXT('2D SPACE',''
  ) );
#282 = PCURVE('',#126,#283);
#283 = DEFINITIONAL_REPRESENTATION('',(#284),#288);
#284 = LINE('',#285,#286);
#285 = CARTESIAN_POINT('',(-12.6847022938,-0.623159463958));
#286 = VECTOR('',#287,1.);
#287 = DIRECTION('',(7.356456359967E-02,-0.997290456679));
#288 = ( GEOMETRIC_REPRESENTATION_CONTEXT(2) 
PARAMETRIC_REPRESENTATION_CONTEXT() REPRESENTATION_CONTEXT('2D SPACE',''
  ) );
#289 = ADVANCED_FACE('',(#290,#3783,#3814,#3845,#3876),#126,.T.);
#290 = FACE_BOUND('',#291,.T.);
#291 = EDGE_LOOP('',(#292,#293,#294,#317,#345,#373,#401,#429,#457,#485,
    #513,#541,#569,#597,#625,#653,#681,#709,#737,#765,#793,#821,#849,
    #877,#905,#933,#961,#989,#1017,#1045,#1073,#1101,#1129,#1157,#1185,
    #1213,#1241,#1269,#1297,#1325,#1353,#1381,#1409,#1437,#1465,#1493,
    #1521,#1549,#1577,#1605,#1633,#1661,#1689,#1717,#1745,#1773,#1801,
    #1829,#1857,#1885,#1913,#1941,#1969,#1997,#2025,#2053,#2081,#2109,
    #2137,#2165,#2193,#2221,#2249,#2277,#2305,#2333,#2361,#2389,#2417,
    #2445,#2473,#2501,#2529,#2557,#2585,#2613,#2641,#2669,#2697,#2725,
    #2753,#2781,#2809,#2837,#2865,#2893,#2921,#2949,#2977,#3005,#3033,
    #3061,#3089,#3117,#3145,#3173,#3201,#3229,#3257,#3285,#3313,#3341,
    #3369,#3397,#3425,#3453,#3481,#3509,#3537,#3565,#3593,#3621,#3649,
    #3677,#3705,#3733,#3761,#3782));
#292 = ORIENTED_EDGE('',*,*,#112,.T.);
#293 = ORIENTED_EDGE('',*,*,#269,.T.);
#294 = ORIENTED_EDGE('',*,*,#295,.T.);
#295 = EDGE_CURVE('',#242,#296,#298,.T.);
#296 = VERTEX_POINT('',#297);
#297 = CARTESIAN_POINT('',(12.562541676553,-1.863477025583,-1.8E-02));
#298 = SURFACE_CURVE('',#299,(#303,#310),.PCURVE_S1.);
#299 = LINE('',#300,#301);
#300 = CARTESIAN_POINT('',(12.638846028737,-1.244817682185,-1.8E-02));
#301 = VECTOR('',#302,1.);
#302 = DIRECTION('',(-0.122410675199,-0.992479534599,0.));
#303 = PCURVE('',#126,#304);
#304 = DEFINITIONAL_REPRESENTATION('',(#305),#309);
#305 = LINE('',#306,#307);
#306 = CARTESIAN_POINT('',(-12.63884602873,-1.244817682185));
#307 = VECTOR('',#308,1.);
#308 = DIRECTION('',(0.122410675199,-0.992479534599));
#309 = ( GEOMETRIC_REPRESENTATION_CONTEXT(2) 
PARAMETRIC_REPRESENTATION_CONTEXT() REPRESENTATION_CONTEXT('2D SPACE',''
  ) );
#310 = PCURVE('',#257,#311);
#311 = DEFINITIONAL_REPRESENTATION('',(#312),#316);
#312 = LINE('',#313,#314);
#313 = CARTESIAN_POINT('',(0.,0.));
#314 = VECTOR('',#315,1.);
#315 = DIRECTION('',(1.,0.));
#316 = ( GEOMETRIC_REPRESENTATION_CONTEXT(2) 
PARAMETRIC_REPRESENTATION_CONTEXT() REPRESENTATION_CONTEXT('2D SPACE',''
  ) );
#317 = ORIENTED_EDGE('',*,*,#318,.T.);
#318 = EDGE_CURVE('',#296,#319,#321,.T.);
#319 = VERTEX_POINT('',#320);
#320 = CARTESIAN_POINT('',(12.455973061121,-2.477647089605,-1.8E-02));
#321 = SURFACE_CURVE('',#322,(#326,#333),.PCURVE_S1.);
#322 = LINE('',#323,#324);
#323 = CARTESIAN_POINT('',(12.562541676553,-1.863477025583,-1.8E-02));
#324 = VECTOR('',#325,1.);
#325 = DIRECTION('',(-0.17096188876,-0.985277642389,0.));
#326 = PCURVE('',#126,#327);
#327 = DEFINITIONAL_REPRESENTATION('',(#328),#332);
#328 = LINE('',#329,#330);
#329 = CARTESIAN_POINT('',(-12.56254167655,-1.863477025583));
#330 = VECTOR('',#331,1.);
#331 = DIRECTION('',(0.17096188876,-0.985277642389));
#332 = ( GEOMETRIC_REPRESENTATION_CONTEXT(2) 
PARAMETRIC_REPRESENTATION_CONTEXT() REPRESENTATION_CONTEXT('2D SPACE',''
  ) );
#333 = PCURVE('',#334,#339);
#334 = PLANE('',#335);
#335 = AXIS2_PLACEMENT_3D('',#336,#337,#338);
#336 = CARTESIAN_POINT('',(12.562541676553,-1.863477025583,-1.8E-02));
#337 = DIRECTION('',(0.985277642389,-0.17096188876,0.));
#338 = DIRECTION('',(-0.17096188876,-0.985277642389,0.));
#339 = DEFINITIONAL_REPRESENTATION('',(#340),#344);
#340 = LINE('',#341,#342);
#341 = CARTESIAN_POINT('',(0.,0.));
#342 = VECTOR('',#343,1.);
#343 = DIRECTION('',(1.,0.));
#344 = ( GEOMETRIC_REPRESENTATION_CONTEXT(2) 
PARAMETRIC_REPRESENTATION_CONTEXT() REPRESENTATION_CONTEXT('2D SPACE',''
  ) );
#345 = ORIENTED_EDGE('',*,*,#346,.T.);
#346 = EDGE_CURVE('',#319,#347,#349,.T.);
#347 = VERTEX_POINT('',#348);
#348 = CARTESIAN_POINT('',(12.319396915571,-3.085848284771,-1.8E-02));
#349 = SURFACE_CURVE('',#350,(#354,#361),.PCURVE_S1.);
#350 = LINE('',#351,#352);
#351 = CARTESIAN_POINT('',(12.455973061121,-2.477647089605,-1.8E-02));
#352 = VECTOR('',#353,1.);
#353 = DIRECTION('',(-0.219101240157,-0.975702130039,0.));
#354 = PCURVE('',#126,#355);
#355 = DEFINITIONAL_REPRESENTATION('',(#356),#360);
#356 = LINE('',#357,#358);
#357 = CARTESIAN_POINT('',(-12.45597306112,-2.477647089605));
#358 = VECTOR('',#359,1.);
#359 = DIRECTION('',(0.219101240157,-0.975702130039));
#360 = ( GEOMETRIC_REPRESENTATION_CONTEXT(2) 
PARAMETRIC_REPRESENTATION_CONTEXT() REPRESENTATION_CONTEXT('2D SPACE',''
  ) );
#361 = PCURVE('',#362,#367);
#362 = PLANE('',#363);
#363 = AXIS2_PLACEMENT_3D('',#364,#365,#366);
#364 = CARTESIAN_POINT('',(12.455973061121,-2.477647089605,-1.8E-02));
#365 = DIRECTION('',(0.975702130039,-0.219101240157,0.));
#366 = DIRECTION('',(-0.219101240157,-0.975702130039,0.));
#367 = DEFINITIONAL_REPRESENTATION('',(#368),#372);
#368 = LINE('',#369,#370);
#369 = CARTESIAN_POINT('',(0.,0.));
#370 = VECTOR('',#371,1.);
#371 = DIRECTION('',(1.,0.));
#372 = ( GEOMETRIC_REPRESENTATION_CONTEXT(2) 
PARAMETRIC_REPRESENTATION_CONTEXT() REPRESENTATION_CONTEXT('2D SPACE',''
  ) );
#373 = ORIENTED_EDGE('',*,*,#374,.T.);
#374 = EDGE_CURVE('',#347,#375,#377,.T.);
#375 = VERTEX_POINT('',#376);
#376 = CARTESIAN_POINT('',(12.153142263799,-3.686615401132,-1.8E-02));
#377 = SURFACE_CURVE('',#378,(#382,#389),.PCURVE_S1.);
#378 = LINE('',#379,#380);
#379 = CARTESIAN_POINT('',(12.319396915571,-3.085848284771,-1.8E-02));
#380 = VECTOR('',#381,1.);
#381 = DIRECTION('',(-0.266712757475,-0.963776065795,0.));
#382 = PCURVE('',#126,#383);
#383 = DEFINITIONAL_REPRESENTATION('',(#384),#388);
#384 = LINE('',#385,#386);
#385 = CARTESIAN_POINT('',(-12.31939691557,-3.085848284771));
#386 = VECTOR('',#387,1.);
#387 = DIRECTION('',(0.266712757475,-0.963776065795));
#388 = ( GEOMETRIC_REPRESENTATION_CONTEXT(2) 
PARAMETRIC_REPRESENTATION_CONTEXT() REPRESENTATION_CONTEXT('2D SPACE',''
  ) );
#389 = PCURVE('',#390,#395);
#390 = PLANE('',#391);
#391 = AXIS2_PLACEMENT_3D('',#392,#393,#394);
#392 = CARTESIAN_POINT('',(12.319396915571,-3.085848284771,-1.8E-02));
#393 = DIRECTION('',(0.963776065795,-0.266712757475,0.));
#394 = DIRECTION('',(-0.266712757475,-0.963776065795,0.));
#395 = DEFINITIONAL_REPRESENTATION('',(#396),#400);
#396 = LINE('',#397,#398);
#397 = CARTESIAN_POINT('',(0.,0.));
#398 = VECTOR('',#399,1.);
#399 = DIRECTION('',(1.,0.));
#400 = ( GEOMETRIC_REPRESENTATION_CONTEXT(2) 
PARAMETRIC_REPRESENTATION_CONTEXT() REPRESENTATION_CONTEXT('2D SPACE',''
  ) );
#401 = ORIENTED_EDGE('',*,*,#402,.T.);
#402 = EDGE_CURVE('',#375,#403,#405,.T.);
#403 = VERTEX_POINT('',#404);
#404 = CARTESIAN_POINT('',(11.957609627824,-4.278501138081,-1.8E-02));
#405 = SURFACE_CURVE('',#406,(#410,#417),.PCURVE_S1.);
#406 = LINE('',#407,#408);
#407 = CARTESIAN_POINT('',(12.153142263799,-3.686615401132,-1.8E-02));
#408 = VECTOR('',#409,1.);
#409 = DIRECTION('',(-0.313681740399,-0.949528180593,0.));
#410 = PCURVE('',#126,#411);
#411 = DEFINITIONAL_REPRESENTATION('',(#412),#416);
#412 = LINE('',#413,#414);
#413 = CARTESIAN_POINT('',(-12.15314226379,-3.686615401132));
#414 = VECTOR('',#415,1.);
#415 = DIRECTION('',(0.313681740399,-0.949528180593));
#416 = ( GEOMETRIC_REPRESENTATION_CONTEXT(2) 
PARAMETRIC_REPRESENTATION_CONTEXT() REPRESENTATION_CONTEXT('2D SPACE',''
  ) );
#417 = PCURVE('',#418,#423);
#418 = PLANE('',#419);
#419 = AXIS2_PLACEMENT_3D('',#420,#421,#422);
#420 = CARTESIAN_POINT('',(12.153142263799,-3.686615401132,-1.8E-02));
#421 = DIRECTION('',(0.949528180593,-0.313681740399,0.));
#422 = DIRECTION('',(-0.313681740399,-0.949528180593,0.));
#423 = DEFINITIONAL_REPRESENTATION('',(#424),#428);
#424 = LINE('',#425,#426);
#425 = CARTESIAN_POINT('',(0.,0.));
#426 = VECTOR('',#427,1.);
#427 = DIRECTION('',(1.,0.));
#428 = ( GEOMETRIC_REPRESENTATION_CONTEXT(2) 
PARAMETRIC_REPRESENTATION_CONTEXT() REPRESENTATION_CONTEXT('2D SPACE',''
  ) );
#429 = ORIENTED_EDGE('',*,*,#430,.T.);
#430 = EDGE_CURVE('',#403,#431,#433,.T.);
#431 = VERTEX_POINT('',#432);
#432 = CARTESIAN_POINT('',(11.733270062893,-4.860079591037,-1.8E-02));
#433 = SURFACE_CURVE('',#434,(#438,#445),.PCURVE_S1.);
#434 = LINE('',#435,#436);
#435 = CARTESIAN_POINT('',(11.957609627824,-4.278501138081,-1.8E-02));
#436 = VECTOR('',#437,1.);
#437 = DIRECTION('',(-0.359895036535,-0.932992798835,0.));
#438 = PCURVE('',#126,#439);
#439 = DEFINITIONAL_REPRESENTATION('',(#440),#444);
#440 = LINE('',#441,#442);
#441 = CARTESIAN_POINT('',(-11.95760962782,-4.278501138081));
#442 = VECTOR('',#443,1.);
#443 = DIRECTION('',(0.359895036535,-0.932992798835));
#444 = ( GEOMETRIC_REPRESENTATION_CONTEXT(2) 
PARAMETRIC_REPRESENTATION_CONTEXT() REPRESENTATION_CONTEXT('2D SPACE',''
  ) );
#445 = PCURVE('',#446,#451);
#446 = PLANE('',#447);
#447 = AXIS2_PLACEMENT_3D('',#448,#449,#450);
#448 = CARTESIAN_POINT('',(11.957609627824,-4.278501138081,-1.8E-02));
#449 = DIRECTION('',(0.932992798835,-0.359895036535,0.));
#450 = DIRECTION('',(-0.359895036535,-0.932992798835,0.));
#451 = DEFINITIONAL_REPRESENTATION('',(#452),#456);
#452 = LINE('',#453,#454);
#453 = CARTESIAN_POINT('',(0.,0.));
#454 = VECTOR('',#455,1.);
#455 = DIRECTION('',(1.,0.));
#456 = ( GEOMETRIC_REPRESENTATION_CONTEXT(2) 
PARAMETRIC_REPRESENTATION_CONTEXT() REPRESENTATION_CONTEXT('2D SPACE',''
  ) );
#457 = ORIENTED_EDGE('',*,*,#458,.T.);
#458 = EDGE_CURVE('',#431,#459,#461,.T.);
#459 = VERTEX_POINT('',#460);
#460 = CARTESIAN_POINT('',(11.480664022668,-5.429949686565,-1.8E-02));
#461 = SURFACE_CURVE('',#462,(#466,#473),.PCURVE_S1.);
#462 = LINE('',#463,#464);
#463 = CARTESIAN_POINT('',(11.733270062893,-4.860079591037,-1.8E-02));
#464 = VECTOR('',#465,1.);
#465 = DIRECTION('',(-0.405241314005,-0.914209755704,0.));
#466 = PCURVE('',#126,#467);
#467 = DEFINITIONAL_REPRESENTATION('',(#468),#472);
#468 = LINE('',#469,#470);
#469 = CARTESIAN_POINT('',(-11.73327006289,-4.860079591037));
#470 = VECTOR('',#471,1.);
#471 = DIRECTION('',(0.405241314005,-0.914209755704));
#472 = ( GEOMETRIC_REPRESENTATION_CONTEXT(2) 
PARAMETRIC_REPRESENTATION_CONTEXT() REPRESENTATION_CONTEXT('2D SPACE',''
  ) );
#473 = PCURVE('',#474,#479);
#474 = PLANE('',#475);
#475 = AXIS2_PLACEMENT_3D('',#476,#477,#478);
#476 = CARTESIAN_POINT('',(11.733270062893,-4.860079591037,-1.8E-02));
#477 = DIRECTION('',(0.914209755704,-0.405241314005,0.));
#478 = DIRECTION('',(-0.405241314005,-0.914209755704,0.));
#479 = DEFINITIONAL_REPRESENTATION('',(#480),#484);
#480 = LINE('',#481,#482);
#481 = CARTESIAN_POINT('',(0.,0.));
#482 = VECTOR('',#483,1.);
#483 = DIRECTION('',(1.,0.));
#484 = ( GEOMETRIC_REPRESENTATION_CONTEXT(2) 
PARAMETRIC_REPRESENTATION_CONTEXT() REPRESENTATION_CONTEXT('2D SPACE',''
  ) );
#485 = ORIENTED_EDGE('',*,*,#486,.T.);
#486 = EDGE_CURVE('',#459,#487,#489,.T.);
#487 = VERTEX_POINT('',#488);
#488 = CARTESIAN_POINT('',(11.200400057224,-5.98673855769,-1.8E-02));
#489 = SURFACE_CURVE('',#490,(#494,#501),.PCURVE_S1.);
#490 = LINE('',#491,#492);
#491 = CARTESIAN_POINT('',(11.480664022668,-5.429949686565,-1.8E-02));
#492 = VECTOR('',#493,1.);
#493 = DIRECTION('',(-0.449611329655,-0.893224301196,0.));
#494 = PCURVE('',#126,#495);
#495 = DEFINITIONAL_REPRESENTATION('',(#496),#500);
#496 = LINE('',#497,#498);
#497 = CARTESIAN_POINT('',(-11.48066402266,-5.429949686565));
#498 = VECTOR('',#499,1.);
#499 = DIRECTION('',(0.449611329655,-0.893224301196));
#500 = ( GEOMETRIC_REPRESENTATION_CONTEXT(2) 
PARAMETRIC_REPRESENTATION_CONTEXT() REPRESENTATION_CONTEXT('2D SPACE',''
  ) );
#501 = PCURVE('',#502,#507);
#502 = PLANE('',#503);
#503 = AXIS2_PLACEMENT_3D('',#504,#505,#506);
#504 = CARTESIAN_POINT('',(11.480664022668,-5.429949686565,-1.8E-02));
#505 = DIRECTION('',(0.893224301196,-0.449611329655,0.));
#506 = DIRECTION('',(-0.449611329655,-0.893224301196,0.));
#507 = DEFINITIONAL_REPRESENTATION('',(#508),#512);
#508 = LINE('',#509,#510);
#509 = CARTESIAN_POINT('',(0.,0.));
#510 = VECTOR('',#511,1.);
#511 = DIRECTION('',(1.,0.));
#512 = ( GEOMETRIC_REPRESENTATION_CONTEXT(2) 
PARAMETRIC_REPRESENTATION_CONTEXT() REPRESENTATION_CONTEXT('2D SPACE',''
  ) );
#513 = ORIENTED_EDGE('',*,*,#514,.T.);
#514 = EDGE_CURVE('',#487,#515,#517,.T.);
#515 = VERTEX_POINT('',#516);
#516 = CARTESIAN_POINT('',(10.893153347003,-6.529104851254,-1.8E-02));
#517 = SURFACE_CURVE('',#518,(#522,#529),.PCURVE_S1.);
#518 = LINE('',#519,#520);
#519 = CARTESIAN_POINT('',(11.200400057224,-5.98673855769,-1.8E-02));
#520 = VECTOR('',#521,1.);
#521 = DIRECTION('',(-0.49289819223,-0.870086991109,0.));
#522 = PCURVE('',#126,#523);
#523 = DEFINITIONAL_REPRESENTATION('',(#524),#528);
#524 = LINE('',#525,#526);
#525 = CARTESIAN_POINT('',(-11.20040005722,-5.98673855769));
#526 = VECTOR('',#527,1.);
#527 = DIRECTION('',(0.49289819223,-0.870086991109));
#528 = ( GEOMETRIC_REPRESENTATION_CONTEXT(2) 
PARAMETRIC_REPRESENTATION_CONTEXT() REPRESENTATION_CONTEXT('2D SPACE',''
  ) );
#529 = PCURVE('',#530,#535);
#530 = PLANE('',#531);
#531 = AXIS2_PLACEMENT_3D('',#532,#533,#534);
#532 = CARTESIAN_POINT('',(11.200400057224,-5.98673855769,-1.8E-02));
#533 = DIRECTION('',(0.870086991109,-0.49289819223,0.));
#534 = DIRECTION('',(-0.49289819223,-0.870086991109,0.));
#535 = DEFINITIONAL_REPRESENTATION('',(#536),#540);
#536 = LINE('',#537,#538);
#537 = CARTESIAN_POINT('',(0.,0.));
#538 = VECTOR('',#539,1.);
#539 = DIRECTION('',(1.,0.));
#540 = ( GEOMETRIC_REPRESENTATION_CONTEXT(2) 
PARAMETRIC_REPRESENTATION_CONTEXT() REPRESENTATION_CONTEXT('2D SPACE',''
  ) );
#541 = ORIENTED_EDGE('',*,*,#542,.T.);
#542 = EDGE_CURVE('',#515,#543,#545,.T.);
#543 = VERTEX_POINT('',#544);
#544 = CARTESIAN_POINT('',(10.559664076242,-7.055741959349,-1.8E-02));
#545 = SURFACE_CURVE('',#546,(#550,#557),.PCURVE_S1.);
#546 = LINE('',#547,#548);
#547 = CARTESIAN_POINT('',(10.893153347003,-6.529104851254,-1.8E-02));
#548 = VECTOR('',#549,1.);
#549 = DIRECTION('',(-0.534997619887,-0.84485356525,0.));
#550 = PCURVE('',#126,#551);
#551 = DEFINITIONAL_REPRESENTATION('',(#552),#556);
#552 = LINE('',#553,#554);
#553 = CARTESIAN_POINT('',(-10.893153347,-6.529104851254));
#554 = VECTOR('',#555,1.);
#555 = DIRECTION('',(0.534997619887,-0.84485356525));
#556 = ( GEOMETRIC_REPRESENTATION_CONTEXT(2) 
PARAMETRIC_REPRESENTATION_CONTEXT() REPRESENTATION_CONTEXT('2D SPACE',''
  ) );
#557 = PCURVE('',#558,#563);
#558 = PLANE('',#559);
#559 = AXIS2_PLACEMENT_3D('',#560,#561,#562);
#560 = CARTESIAN_POINT('',(10.893153347003,-6.529104851254,-1.8E-02));
#561 = DIRECTION('',(0.84485356525,-0.534997619887,0.));
#562 = DIRECTION('',(-0.534997619887,-0.84485356525,0.));
#563 = DEFINITIONAL_REPRESENTATION('',(#564),#568);
#564 = LINE('',#565,#566);
#565 = CARTESIAN_POINT('',(0.,0.));
#566 = VECTOR('',#567,1.);
#567 = DIRECTION('',(1.,0.));
#568 = ( GEOMETRIC_REPRESENTATION_CONTEXT(2) 
PARAMETRIC_REPRESENTATION_CONTEXT() REPRESENTATION_CONTEXT('2D SPACE',''
  ) );
#569 = ORIENTED_EDGE('',*,*,#570,.T.);
#570 = EDGE_CURVE('',#543,#571,#573,.T.);
#571 = VERTEX_POINT('',#572);
#572 = CARTESIAN_POINT('',(10.200735649804,-7.565381167054,-1.8E-02));
#573 = SURFACE_CURVE('',#574,(#578,#585),.PCURVE_S1.);
#574 = LINE('',#575,#576);
#575 = CARTESIAN_POINT('',(10.559664076242,-7.055741959349,-1.8E-02));
#576 = VECTOR('',#577,1.);
#577 = DIRECTION('',(-0.575808191418,-0.817584813152,0.));
#578 = PCURVE('',#126,#579);
#579 = DEFINITIONAL_REPRESENTATION('',(#580),#584);
#580 = LINE('',#581,#582);
#581 = CARTESIAN_POINT('',(-10.55966407624,-7.055741959349));
#582 = VECTOR('',#583,1.);
#583 = DIRECTION('',(0.575808191418,-0.817584813152));
#584 = ( GEOMETRIC_REPRESENTATION_CONTEXT(2) 
PARAMETRIC_REPRESENTATION_CONTEXT() REPRESENTATION_CONTEXT('2D SPACE',''
  ) );
#585 = PCURVE('',#586,#591);
#586 = PLANE('',#587);
#587 = AXIS2_PLACEMENT_3D('',#588,#589,#590);
#588 = CARTESIAN_POINT('',(10.559664076242,-7.055741959349,-1.8E-02));
#589 = DIRECTION('',(0.817584813152,-0.575808191418,0.));
#590 = DIRECTION('',(-0.575808191418,-0.817584813152,0.));
#591 = DEFINITIONAL_REPRESENTATION('',(#592),#596);
#592 = LINE('',#593,#594);
#593 = CARTESIAN_POINT('',(0.,0.));
#594 = VECTOR('',#595,1.);
#595 = DIRECTION('',(1.,0.));
#596 = ( GEOMETRIC_REPRESENTATION_CONTEXT(2) 
PARAMETRIC_REPRESENTATION_CONTEXT() REPRESENTATION_CONTEXT('2D SPACE',''
  ) );
#597 = ORIENTED_EDGE('',*,*,#598,.T.);
#598 = EDGE_CURVE('',#571,#599,#601,.T.);
#599 = VERTEX_POINT('',#600);
#600 = CARTESIAN_POINT('',(9.817232757707,-8.056794708878,-1.8E-02));
#601 = SURFACE_CURVE('',#602,(#606,#613),.PCURVE_S1.);
#602 = LINE('',#603,#604);
#603 = CARTESIAN_POINT('',(10.200735649804,-7.565381167054,-1.8E-02));
#604 = VECTOR('',#605,1.);
#605 = DIRECTION('',(-0.615231590581,-0.788346427627,0.));
#606 = PCURVE('',#126,#607);
#607 = DEFINITIONAL_REPRESENTATION('',(#608),#612);
#608 = LINE('',#609,#610);
#609 = CARTESIAN_POINT('',(-10.2007356498,-7.565381167054));
#610 = VECTOR('',#611,1.);
#611 = DIRECTION('',(0.615231590581,-0.788346427627));
#612 = ( GEOMETRIC_REPRESENTATION_CONTEXT(2) 
PARAMETRIC_REPRESENTATION_CONTEXT() REPRESENTATION_CONTEXT('2D SPACE',''
  ) );
#613 = PCURVE('',#614,#619);
#614 = PLANE('',#615);
#615 = AXIS2_PLACEMENT_3D('',#616,#617,#618);
#616 = CARTESIAN_POINT('',(10.200735649804,-7.565381167054,-1.8E-02));
#617 = DIRECTION('',(0.788346427627,-0.615231590581,0.));
#618 = DIRECTION('',(-0.615231590581,-0.788346427627,0.));
#619 = DEFINITIONAL_REPRESENTATION('',(#620),#624);
#620 = LINE('',#621,#622);
#621 = CARTESIAN_POINT('',(0.,0.));
#622 = VECTOR('',#623,1.);
#623 = DIRECTION('',(1.,0.));
#624 = ( GEOMETRIC_REPRESENTATION_CONTEXT(2) 
PARAMETRIC_REPRESENTATION_CONTEXT() REPRESENTATION_CONTEXT('2D SPACE',''
  ) );
#625 = ORIENTED_EDGE('',*,*,#626,.T.);
#626 = EDGE_CURVE('',#599,#627,#629,.T.);
#627 = VERTEX_POINT('',#628);
#628 = CARTESIAN_POINT('',(9.410079292008,-8.528798726557,-1.8E-02));
#629 = SURFACE_CURVE('',#630,(#634,#641),.PCURVE_S1.);
#630 = LINE('',#631,#632);
#631 = CARTESIAN_POINT('',(9.817232757707,-8.056794708878,-1.8E-02));
#632 = VECTOR('',#633,1.);
#633 = DIRECTION('',(-0.653172842954,-0.757208846506,0.));
#634 = PCURVE('',#126,#635);
#635 = DEFINITIONAL_REPRESENTATION('',(#636),#640);
#636 = LINE('',#637,#638);
#637 = CARTESIAN_POINT('',(-9.817232757707,-8.056794708878));
#638 = VECTOR('',#639,1.);
#639 = DIRECTION('',(0.653172842954,-0.757208846506));
#640 = ( GEOMETRIC_REPRESENTATION_CONTEXT(2) 
PARAMETRIC_REPRESENTATION_CONTEXT() REPRESENTATION_CONTEXT('2D SPACE',''
  ) );
#641 = PCURVE('',#642,#647);
#642 = PLANE('',#643);
#643 = AXIS2_PLACEMENT_3D('',#644,#645,#646);
#644 = CARTESIAN_POINT('',(9.817232757707,-8.056794708878,-1.8E-02));
#645 = DIRECTION('',(0.757208846506,-0.653172842954,0.));
#646 = DIRECTION('',(-0.653172842954,-0.757208846506,0.));
#647 = DEFINITIONAL_REPRESENTATION('',(#648),#652);
#648 = LINE('',#649,#650);
#649 = CARTESIAN_POINT('',(0.,0.));
#650 = VECTOR('',#651,1.);
#651 = DIRECTION('',(1.,0.));
#652 = ( GEOMETRIC_REPRESENTATION_CONTEXT(2) 
PARAMETRIC_REPRESENTATION_CONTEXT() REPRESENTATION_CONTEXT('2D SPACE',''
  ) );
#653 = ORIENTED_EDGE('',*,*,#654,.T.);
#654 = EDGE_CURVE('',#627,#655,#657,.T.);
#655 = VERTEX_POINT('',#656);
#656 = CARTESIAN_POINT('',(8.980256121069,-8.980256121069,-1.8E-02));
#657 = SURFACE_CURVE('',#658,(#662,#669),.PCURVE_S1.);
#658 = LINE('',#659,#660);
#659 = CARTESIAN_POINT('',(9.410079292008,-8.528798726557,-1.8E-02));
#660 = VECTOR('',#661,1.);
#661 = DIRECTION('',(-0.689540544737,-0.724247082951,0.));
#662 = PCURVE('',#126,#663);
#663 = DEFINITIONAL_REPRESENTATION('',(#664),#668);
#664 = LINE('',#665,#666);
#665 = CARTESIAN_POINT('',(-9.410079292008,-8.528798726557));
#666 = VECTOR('',#667,1.);
#667 = DIRECTION('',(0.689540544737,-0.724247082951));
#668 = ( GEOMETRIC_REPRESENTATION_CONTEXT(2) 
PARAMETRIC_REPRESENTATION_CONTEXT() REPRESENTATION_CONTEXT('2D SPACE',''
  ) );
#669 = PCURVE('',#670,#675);
#670 = PLANE('',#671);
#671 = AXIS2_PLACEMENT_3D('',#672,#673,#674);
#672 = CARTESIAN_POINT('',(9.410079292008,-8.528798726557,-1.8E-02));
#673 = DIRECTION('',(0.724247082951,-0.689540544737,0.));
#674 = DIRECTION('',(-0.689540544737,-0.724247082951,0.));
#675 = DEFINITIONAL_REPRESENTATION('',(#676),#680);
#676 = LINE('',#677,#678);
#677 = CARTESIAN_POINT('',(0.,0.));
#678 = VECTOR('',#679,1.);
#679 = DIRECTION('',(1.,0.));
#680 = ( GEOMETRIC_REPRESENTATION_CONTEXT(2) 
PARAMETRIC_REPRESENTATION_CONTEXT() REPRESENTATION_CONTEXT('2D SPACE',''
  ) );
#681 = ORIENTED_EDGE('',*,*,#682,.T.);
#682 = EDGE_CURVE('',#655,#683,#685,.T.);
#683 = VERTEX_POINT('',#684);
#684 = CARTESIAN_POINT('',(8.528798726557,-9.410079292008,-1.8E-02));
#685 = SURFACE_CURVE('',#686,(#690,#697),.PCURVE_S1.);
#686 = LINE('',#687,#688);
#687 = CARTESIAN_POINT('',(8.980256121069,-8.980256121069,-1.8E-02));
#688 = VECTOR('',#689,1.);
#689 = DIRECTION('',(-0.724247082951,-0.689540544737,0.));
#690 = PCURVE('',#126,#691);
#691 = DEFINITIONAL_REPRESENTATION('',(#692),#696);
#692 = LINE('',#693,#694);
#693 = CARTESIAN_POINT('',(-8.980256121069,-8.980256121069));
#694 = VECTOR('',#695,1.);
#695 = DIRECTION('',(0.724247082951,-0.689540544737));
#696 = ( GEOMETRIC_REPRESENTATION_CONTEXT(2) 
PARAMETRIC_REPRESENTATION_CONTEXT() REPRESENTATION_CONTEXT('2D SPACE',''
  ) );
#697 = PCURVE('',#698,#703);
#698 = PLANE('',#699);
#699 = AXIS2_PLACEMENT_3D('',#700,#701,#702);
#700 = CARTESIAN_POINT('',(8.980256121069,-8.980256121069,-1.8E-02));
#701 = DIRECTION('',(0.689540544737,-0.724247082951,0.));
#702 = DIRECTION('',(-0.724247082951,-0.689540544737,0.));
#703 = DEFINITIONAL_REPRESENTATION('',(#704),#708);
#704 = LINE('',#705,#706);
#705 = CARTESIAN_POINT('',(0.,0.));
#706 = VECTOR('',#707,1.);
#707 = DIRECTION('',(1.,0.));
#708 = ( GEOMETRIC_REPRESENTATION_CONTEXT(2) 
PARAMETRIC_REPRESENTATION_CONTEXT() REPRESENTATION_CONTEXT('2D SPACE',''
  ) );
#709 = ORIENTED_EDGE('',*,*,#710,.T.);
#710 = EDGE_CURVE('',#683,#711,#713,.T.);
#711 = VERTEX_POINT('',#712);
#712 = CARTESIAN_POINT('',(8.056794708878,-9.817232757707,-1.8E-02));
#713 = SURFACE_CURVE('',#714,(#718,#725),.PCURVE_S1.);
#714 = LINE('',#715,#716);
#715 = CARTESIAN_POINT('',(8.528798726557,-9.410079292008,-1.8E-02));
#716 = VECTOR('',#717,1.);
#717 = DIRECTION('',(-0.757208846506,-0.653172842954,0.));
#718 = PCURVE('',#126,#719);
#719 = DEFINITIONAL_REPRESENTATION('',(#720),#724);
#720 = LINE('',#721,#722);
#721 = CARTESIAN_POINT('',(-8.528798726557,-9.410079292008));
#722 = VECTOR('',#723,1.);
#723 = DIRECTION('',(0.757208846506,-0.653172842954));
#724 = ( GEOMETRIC_REPRESENTATION_CONTEXT(2) 
PARAMETRIC_REPRESENTATION_CONTEXT() REPRESENTATION_CONTEXT('2D SPACE',''
  ) );
#725 = PCURVE('',#726,#731);
#726 = PLANE('',#727);
#727 = AXIS2_PLACEMENT_3D('',#728,#729,#730);
#728 = CARTESIAN_POINT('',(8.528798726557,-9.410079292008,-1.8E-02));
#729 = DIRECTION('',(0.653172842954,-0.757208846506,0.));
#730 = DIRECTION('',(-0.757208846506,-0.653172842954,0.));
#731 = DEFINITIONAL_REPRESENTATION('',(#732),#736);
#732 = LINE('',#733,#734);
#733 = CARTESIAN_POINT('',(0.,0.));
#734 = VECTOR('',#735,1.);
#735 = DIRECTION('',(1.,0.));
#736 = ( GEOMETRIC_REPRESENTATION_CONTEXT(2) 
PARAMETRIC_REPRESENTATION_CONTEXT() REPRESENTATION_CONTEXT('2D SPACE',''
  ) );
#737 = ORIENTED_EDGE('',*,*,#738,.T.);
#738 = EDGE_CURVE('',#711,#739,#741,.T.);
#739 = VERTEX_POINT('',#740);
#740 = CARTESIAN_POINT('',(7.565381167054,-10.2007356498,-1.8E-02));
#741 = SURFACE_CURVE('',#742,(#746,#753),.PCURVE_S1.);
#742 = LINE('',#743,#744);
#743 = CARTESIAN_POINT('',(8.056794708878,-9.817232757707,-1.8E-02));
#744 = VECTOR('',#745,1.);
#745 = DIRECTION('',(-0.788346427627,-0.615231590581,0.));
#746 = PCURVE('',#126,#747);
#747 = DEFINITIONAL_REPRESENTATION('',(#748),#752);
#748 = LINE('',#749,#750);
#749 = CARTESIAN_POINT('',(-8.056794708878,-9.817232757707));
#750 = VECTOR('',#751,1.);
#751 = DIRECTION('',(0.788346427627,-0.615231590581));
#752 = ( GEOMETRIC_REPRESENTATION_CONTEXT(2) 
PARAMETRIC_REPRESENTATION_CONTEXT() REPRESENTATION_CONTEXT('2D SPACE',''
  ) );
#753 = PCURVE('',#754,#759);
#754 = PLANE('',#755);
#755 = AXIS2_PLACEMENT_3D('',#756,#757,#758);
#756 = CARTESIAN_POINT('',(8.056794708878,-9.817232757707,-1.8E-02));
#757 = DIRECTION('',(0.615231590581,-0.788346427627,0.));
#758 = DIRECTION('',(-0.788346427627,-0.615231590581,0.));
#759 = DEFINITIONAL_REPRESENTATION('',(#760),#764);
#760 = LINE('',#761,#762);
#761 = CARTESIAN_POINT('',(0.,0.));
#762 = VECTOR('',#763,1.);
#763 = DIRECTION('',(1.,0.));
#764 = ( GEOMETRIC_REPRESENTATION_CONTEXT(2) 
PARAMETRIC_REPRESENTATION_CONTEXT() REPRESENTATION_CONTEXT('2D SPACE',''
  ) );
#765 = ORIENTED_EDGE('',*,*,#766,.T.);
#766 = EDGE_CURVE('',#739,#767,#769,.T.);
#767 = VERTEX_POINT('',#768);
#768 = CARTESIAN_POINT('',(7.055741959349,-10.55966407624,-1.8E-02));
#769 = SURFACE_CURVE('',#770,(#774,#781),.PCURVE_S1.);
#770 = LINE('',#771,#772);
#771 = CARTESIAN_POINT('',(7.565381167054,-10.2007356498,-1.8E-02));
#772 = VECTOR('',#773,1.);
#773 = DIRECTION('',(-0.817584813152,-0.575808191418,0.));
#774 = PCURVE('',#126,#775);
#775 = DEFINITIONAL_REPRESENTATION('',(#776),#780);
#776 = LINE('',#777,#778);
#777 = CARTESIAN_POINT('',(-7.565381167054,-10.2007356498));
#778 = VECTOR('',#779,1.);
#779 = DIRECTION('',(0.817584813152,-0.575808191418));
#780 = ( GEOMETRIC_REPRESENTATION_CONTEXT(2) 
PARAMETRIC_REPRESENTATION_CONTEXT() REPRESENTATION_CONTEXT('2D SPACE',''
  ) );
#781 = PCURVE('',#782,#787);
#782 = PLANE('',#783);
#783 = AXIS2_PLACEMENT_3D('',#784,#785,#786);
#784 = CARTESIAN_POINT('',(7.565381167054,-10.2007356498,-1.8E-02));
#785 = DIRECTION('',(0.575808191418,-0.817584813152,0.));
#786 = DIRECTION('',(-0.817584813152,-0.575808191418,0.));
#787 = DEFINITIONAL_REPRESENTATION('',(#788),#792);
#788 = LINE('',#789,#790);
#789 = CARTESIAN_POINT('',(0.,0.));
#790 = VECTOR('',#791,1.);
#791 = DIRECTION('',(1.,0.));
#792 = ( GEOMETRIC_REPRESENTATION_CONTEXT(2) 
PARAMETRIC_REPRESENTATION_CONTEXT() REPRESENTATION_CONTEXT('2D SPACE',''
  ) );
#793 = ORIENTED_EDGE('',*,*,#794,.T.);
#794 = EDGE_CURVE('',#767,#795,#797,.T.);
#795 = VERTEX_POINT('',#796);
#796 = CARTESIAN_POINT('',(6.529104851254,-10.893153347,-1.8E-02));
#797 = SURFACE_CURVE('',#798,(#802,#809),.PCURVE_S1.);
#798 = LINE('',#799,#800);
#799 = CARTESIAN_POINT('',(7.055741959349,-10.55966407624,-1.8E-02));
#800 = VECTOR('',#801,1.);
#801 = DIRECTION('',(-0.84485356525,-0.534997619887,0.));
#802 = PCURVE('',#126,#803);
#803 = DEFINITIONAL_REPRESENTATION('',(#804),#808);
#804 = LINE('',#805,#806);
#805 = CARTESIAN_POINT('',(-7.055741959349,-10.55966407624));
#806 = VECTOR('',#807,1.);
#807 = DIRECTION('',(0.84485356525,-0.534997619887));
#808 = ( GEOMETRIC_REPRESENTATION_CONTEXT(2) 
PARAMETRIC_REPRESENTATION_CONTEXT() REPRESENTATION_CONTEXT('2D SPACE',''
  ) );
#809 = PCURVE('',#810,#815);
#810 = PLANE('',#811);
#811 = AXIS2_PLACEMENT_3D('',#812,#813,#814);
#812 = CARTESIAN_POINT('',(7.055741959349,-10.55966407624,-1.8E-02));
#813 = DIRECTION('',(0.534997619887,-0.84485356525,0.));
#814 = DIRECTION('',(-0.84485356525,-0.534997619887,0.));
#815 = DEFINITIONAL_REPRESENTATION('',(#816),#820);
#816 = LINE('',#817,#818);
#817 = CARTESIAN_POINT('',(0.,0.));
#818 = VECTOR('',#819,1.);
#819 = DIRECTION('',(1.,0.));
#820 = ( GEOMETRIC_REPRESENTATION_CONTEXT(2) 
PARAMETRIC_REPRESENTATION_CONTEXT() REPRESENTATION_CONTEXT('2D SPACE',''
  ) );
#821 = ORIENTED_EDGE('',*,*,#822,.T.);
#822 = EDGE_CURVE('',#795,#823,#825,.T.);
#823 = VERTEX_POINT('',#824);
#824 = CARTESIAN_POINT('',(5.98673855769,-11.20040005722,-1.8E-02));
#825 = SURFACE_CURVE('',#826,(#830,#837),.PCURVE_S1.);
#826 = LINE('',#827,#828);
#827 = CARTESIAN_POINT('',(6.529104851254,-10.893153347,-1.8E-02));
#828 = VECTOR('',#829,1.);
#829 = DIRECTION('',(-0.870086991109,-0.49289819223,0.));
#830 = PCURVE('',#126,#831);
#831 = DEFINITIONAL_REPRESENTATION('',(#832),#836);
#832 = LINE('',#833,#834);
#833 = CARTESIAN_POINT('',(-6.529104851254,-10.893153347));
#834 = VECTOR('',#835,1.);
#835 = DIRECTION('',(0.870086991109,-0.49289819223));
#836 = ( GEOMETRIC_REPRESENTATION_CONTEXT(2) 
PARAMETRIC_REPRESENTATION_CONTEXT() REPRESENTATION_CONTEXT('2D SPACE',''
  ) );
#837 = PCURVE('',#838,#843);
#838 = PLANE('',#839);
#839 = AXIS2_PLACEMENT_3D('',#840,#841,#842);
#840 = CARTESIAN_POINT('',(6.529104851254,-10.893153347,-1.8E-02));
#841 = DIRECTION('',(0.49289819223,-0.870086991109,0.));
#842 = DIRECTION('',(-0.870086991109,-0.49289819223,0.));
#843 = DEFINITIONAL_REPRESENTATION('',(#844),#848);
#844 = LINE('',#845,#846);
#845 = CARTESIAN_POINT('',(0.,0.));
#846 = VECTOR('',#847,1.);
#847 = DIRECTION('',(1.,0.));
#848 = ( GEOMETRIC_REPRESENTATION_CONTEXT(2) 
PARAMETRIC_REPRESENTATION_CONTEXT() REPRESENTATION_CONTEXT('2D SPACE',''
  ) );
#849 = ORIENTED_EDGE('',*,*,#850,.T.);
#850 = EDGE_CURVE('',#823,#851,#853,.T.);
#851 = VERTEX_POINT('',#852);
#852 = CARTESIAN_POINT('',(5.429949686565,-11.48066402266,-1.8E-02));
#853 = SURFACE_CURVE('',#854,(#858,#865),.PCURVE_S1.);
#854 = LINE('',#855,#856);
#855 = CARTESIAN_POINT('',(5.98673855769,-11.20040005722,-1.8E-02));
#856 = VECTOR('',#857,1.);
#857 = DIRECTION('',(-0.893224301196,-0.449611329655,0.));
#858 = PCURVE('',#126,#859);
#859 = DEFINITIONAL_REPRESENTATION('',(#860),#864);
#860 = LINE('',#861,#862);
#861 = CARTESIAN_POINT('',(-5.98673855769,-11.20040005722));
#862 = VECTOR('',#863,1.);
#863 = DIRECTION('',(0.893224301196,-0.449611329655));
#864 = ( GEOMETRIC_REPRESENTATION_CONTEXT(2) 
PARAMETRIC_REPRESENTATION_CONTEXT() REPRESENTATION_CONTEXT('2D SPACE',''
  ) );
#865 = PCURVE('',#866,#871);
#866 = PLANE('',#867);
#867 = AXIS2_PLACEMENT_3D('',#868,#869,#870);
#868 = CARTESIAN_POINT('',(5.98673855769,-11.20040005722,-1.8E-02));
#869 = DIRECTION('',(0.449611329655,-0.893224301196,0.));
#870 = DIRECTION('',(-0.893224301196,-0.449611329655,0.));
#871 = DEFINITIONAL_REPRESENTATION('',(#872),#876);
#872 = LINE('',#873,#874);
#873 = CARTESIAN_POINT('',(0.,0.));
#874 = VECTOR('',#875,1.);
#875 = DIRECTION('',(1.,0.));
#876 = ( GEOMETRIC_REPRESENTATION_CONTEXT(2) 
PARAMETRIC_REPRESENTATION_CONTEXT() REPRESENTATION_CONTEXT('2D SPACE',''
  ) );
#877 = ORIENTED_EDGE('',*,*,#878,.T.);
#878 = EDGE_CURVE('',#851,#879,#881,.T.);
#879 = VERTEX_POINT('',#880);
#880 = CARTESIAN_POINT('',(4.860079591037,-11.73327006289,-1.8E-02));
#881 = SURFACE_CURVE('',#882,(#886,#893),.PCURVE_S1.);
#882 = LINE('',#883,#884);
#883 = CARTESIAN_POINT('',(5.429949686565,-11.48066402266,-1.8E-02));
#884 = VECTOR('',#885,1.);
#885 = DIRECTION('',(-0.914209755704,-0.405241314005,0.));
#886 = PCURVE('',#126,#887);
#887 = DEFINITIONAL_REPRESENTATION('',(#888),#892);
#888 = LINE('',#889,#890);
#889 = CARTESIAN_POINT('',(-5.429949686565,-11.48066402266));
#890 = VECTOR('',#891,1.);
#891 = DIRECTION('',(0.914209755704,-0.405241314005));
#892 = ( GEOMETRIC_REPRESENTATION_CONTEXT(2) 
PARAMETRIC_REPRESENTATION_CONTEXT() REPRESENTATION_CONTEXT('2D SPACE',''
  ) );
#893 = PCURVE('',#894,#899);
#894 = PLANE('',#895);
#895 = AXIS2_PLACEMENT_3D('',#896,#897,#898);
#896 = CARTESIAN_POINT('',(5.429949686565,-11.48066402266,-1.8E-02));
#897 = DIRECTION('',(0.405241314005,-0.914209755704,0.));
#898 = DIRECTION('',(-0.914209755704,-0.405241314005,0.));
#899 = DEFINITIONAL_REPRESENTATION('',(#900),#904);
#900 = LINE('',#901,#902);
#901 = CARTESIAN_POINT('',(0.,0.));
#902 = VECTOR('',#903,1.);
#903 = DIRECTION('',(1.,0.));
#904 = ( GEOMETRIC_REPRESENTATION_CONTEXT(2) 
PARAMETRIC_REPRESENTATION_CONTEXT() REPRESENTATION_CONTEXT('2D SPACE',''
  ) );
#905 = ORIENTED_EDGE('',*,*,#906,.T.);
#906 = EDGE_CURVE('',#879,#907,#909,.T.);
#907 = VERTEX_POINT('',#908);
#908 = CARTESIAN_POINT('',(4.278501138081,-11.95760962782,-1.8E-02));
#909 = SURFACE_CURVE('',#910,(#914,#921),.PCURVE_S1.);
#910 = LINE('',#911,#912);
#911 = CARTESIAN_POINT('',(4.860079591037,-11.73327006289,-1.8E-02));
#912 = VECTOR('',#913,1.);
#913 = DIRECTION('',(-0.932992798835,-0.359895036535,0.));
#914 = PCURVE('',#126,#915);
#915 = DEFINITIONAL_REPRESENTATION('',(#916),#920);
#916 = LINE('',#917,#918);
#917 = CARTESIAN_POINT('',(-4.860079591037,-11.73327006289));
#918 = VECTOR('',#919,1.);
#919 = DIRECTION('',(0.932992798835,-0.359895036535));
#920 = ( GEOMETRIC_REPRESENTATION_CONTEXT(2) 
PARAMETRIC_REPRESENTATION_CONTEXT() REPRESENTATION_CONTEXT('2D SPACE',''
  ) );
#921 = PCURVE('',#922,#927);
#922 = PLANE('',#923);
#923 = AXIS2_PLACEMENT_3D('',#924,#925,#926);
#924 = CARTESIAN_POINT('',(4.860079591037,-11.73327006289,-1.8E-02));
#925 = DIRECTION('',(0.359895036535,-0.932992798835,0.));
#926 = DIRECTION('',(-0.932992798835,-0.359895036535,0.));
#927 = DEFINITIONAL_REPRESENTATION('',(#928),#932);
#928 = LINE('',#929,#930);
#929 = CARTESIAN_POINT('',(0.,0.));
#930 = VECTOR('',#931,1.);
#931 = DIRECTION('',(1.,0.));
#932 = ( GEOMETRIC_REPRESENTATION_CONTEXT(2) 
PARAMETRIC_REPRESENTATION_CONTEXT() REPRESENTATION_CONTEXT('2D SPACE',''
  ) );
#933 = ORIENTED_EDGE('',*,*,#934,.T.);
#934 = EDGE_CURVE('',#907,#935,#937,.T.);
#935 = VERTEX_POINT('',#936);
#936 = CARTESIAN_POINT('',(3.686615401132,-12.15314226379,-1.8E-02));
#937 = SURFACE_CURVE('',#938,(#942,#949),.PCURVE_S1.);
#938 = LINE('',#939,#940);
#939 = CARTESIAN_POINT('',(4.278501138081,-11.95760962782,-1.8E-02));
#940 = VECTOR('',#941,1.);
#941 = DIRECTION('',(-0.949528180593,-0.313681740399,0.));
#942 = PCURVE('',#126,#943);
#943 = DEFINITIONAL_REPRESENTATION('',(#944),#948);
#944 = LINE('',#945,#946);
#945 = CARTESIAN_POINT('',(-4.278501138081,-11.95760962782));
#946 = VECTOR('',#947,1.);
#947 = DIRECTION('',(0.949528180593,-0.313681740399));
#948 = ( GEOMETRIC_REPRESENTATION_CONTEXT(2) 
PARAMETRIC_REPRESENTATION_CONTEXT() REPRESENTATION_CONTEXT('2D SPACE',''
  ) );
#949 = PCURVE('',#950,#955);
#950 = PLANE('',#951);
#951 = AXIS2_PLACEMENT_3D('',#952,#953,#954);
#952 = CARTESIAN_POINT('',(4.278501138081,-11.95760962782,-1.8E-02));
#953 = DIRECTION('',(0.313681740399,-0.949528180593,0.));
#954 = DIRECTION('',(-0.949528180593,-0.313681740399,0.));
#955 = DEFINITIONAL_REPRESENTATION('',(#956),#960);
#956 = LINE('',#957,#958);
#957 = CARTESIAN_POINT('',(0.,0.));
#958 = VECTOR('',#959,1.);
#959 = DIRECTION('',(1.,0.));
#960 = ( GEOMETRIC_REPRESENTATION_CONTEXT(2) 
PARAMETRIC_REPRESENTATION_CONTEXT() REPRESENTATION_CONTEXT('2D SPACE',''
  ) );
#961 = ORIENTED_EDGE('',*,*,#962,.T.);
#962 = EDGE_CURVE('',#935,#963,#965,.T.);
#963 = VERTEX_POINT('',#964);
#964 = CARTESIAN_POINT('',(3.085848284771,-12.31939691557,-1.8E-02));
#965 = SURFACE_CURVE('',#966,(#970,#977),.PCURVE_S1.);
#966 = LINE('',#967,#968);
#967 = CARTESIAN_POINT('',(3.686615401132,-12.15314226379,-1.8E-02));
#968 = VECTOR('',#969,1.);
#969 = DIRECTION('',(-0.963776065795,-0.266712757475,0.));
#970 = PCURVE('',#126,#971);
#971 = DEFINITIONAL_REPRESENTATION('',(#972),#976);
#972 = LINE('',#973,#974);
#973 = CARTESIAN_POINT('',(-3.686615401132,-12.15314226379));
#974 = VECTOR('',#975,1.);
#975 = DIRECTION('',(0.963776065795,-0.266712757475));
#976 = ( GEOMETRIC_REPRESENTATION_CONTEXT(2) 
PARAMETRIC_REPRESENTATION_CONTEXT() REPRESENTATION_CONTEXT('2D SPACE',''
  ) );
#977 = PCURVE('',#978,#983);
#978 = PLANE('',#979);
#979 = AXIS2_PLACEMENT_3D('',#980,#981,#982);
#980 = CARTESIAN_POINT('',(3.686615401132,-12.15314226379,-1.8E-02));
#981 = DIRECTION('',(0.266712757475,-0.963776065795,0.));
#982 = DIRECTION('',(-0.963776065795,-0.266712757475,0.));
#983 = DEFINITIONAL_REPRESENTATION('',(#984),#988);
#984 = LINE('',#985,#986);
#985 = CARTESIAN_POINT('',(0.,0.));
#986 = VECTOR('',#987,1.);
#987 = DIRECTION('',(1.,0.));
#988 = ( GEOMETRIC_REPRESENTATION_CONTEXT(2) 
PARAMETRIC_REPRESENTATION_CONTEXT() REPRESENTATION_CONTEXT('2D SPACE',''
  ) );
#989 = ORIENTED_EDGE('',*,*,#990,.T.);
#990 = EDGE_CURVE('',#963,#991,#993,.T.);
#991 = VERTEX_POINT('',#992);
#992 = CARTESIAN_POINT('',(2.477647089605,-12.45597306112,-1.8E-02));
#993 = SURFACE_CURVE('',#994,(#998,#1005),.PCURVE_S1.);
#994 = LINE('',#995,#996);
#995 = CARTESIAN_POINT('',(3.085848284771,-12.31939691557,-1.8E-02));
#996 = VECTOR('',#997,1.);
#997 = DIRECTION('',(-0.975702130039,-0.219101240157,0.));
#998 = PCURVE('',#126,#999);
#999 = DEFINITIONAL_REPRESENTATION('',(#1000),#1004);
#1000 = LINE('',#1001,#1002);
#1001 = CARTESIAN_POINT('',(-3.085848284771,-12.31939691557));
#1002 = VECTOR('',#1003,1.);
#1003 = DIRECTION('',(0.975702130039,-0.219101240157));
#1004 = ( GEOMETRIC_REPRESENTATION_CONTEXT(2) 
PARAMETRIC_REPRESENTATION_CONTEXT() REPRESENTATION_CONTEXT('2D SPACE',''
  ) );
#1005 = PCURVE('',#1006,#1011);
#1006 = PLANE('',#1007);
#1007 = AXIS2_PLACEMENT_3D('',#1008,#1009,#1010);
#1008 = CARTESIAN_POINT('',(3.085848284771,-12.31939691557,-1.8E-02));
#1009 = DIRECTION('',(0.219101240157,-0.975702130039,0.));
#1010 = DIRECTION('',(-0.975702130039,-0.219101240157,0.));
#1011 = DEFINITIONAL_REPRESENTATION('',(#1012),#1016);
#1012 = LINE('',#1013,#1014);
#1013 = CARTESIAN_POINT('',(0.,0.));
#1014 = VECTOR('',#1015,1.);
#1015 = DIRECTION('',(1.,0.));
#1016 = ( GEOMETRIC_REPRESENTATION_CONTEXT(2) 
PARAMETRIC_REPRESENTATION_CONTEXT() REPRESENTATION_CONTEXT('2D SPACE',''
  ) );
#1017 = ORIENTED_EDGE('',*,*,#1018,.T.);
#1018 = EDGE_CURVE('',#991,#1019,#1021,.T.);
#1019 = VERTEX_POINT('',#1020);
#1020 = CARTESIAN_POINT('',(1.863477025583,-12.56254167655,-1.8E-02));
#1021 = SURFACE_CURVE('',#1022,(#1026,#1033),.PCURVE_S1.);
#1022 = LINE('',#1023,#1024);
#1023 = CARTESIAN_POINT('',(2.477647089605,-12.45597306112,-1.8E-02));
#1024 = VECTOR('',#1025,1.);
#1025 = DIRECTION('',(-0.985277642389,-0.17096188876,0.));
#1026 = PCURVE('',#126,#1027);
#1027 = DEFINITIONAL_REPRESENTATION('',(#1028),#1032);
#1028 = LINE('',#1029,#1030);
#1029 = CARTESIAN_POINT('',(-2.477647089605,-12.45597306112));
#1030 = VECTOR('',#1031,1.);
#1031 = DIRECTION('',(0.985277642389,-0.17096188876));
#1032 = ( GEOMETRIC_REPRESENTATION_CONTEXT(2) 
PARAMETRIC_REPRESENTATION_CONTEXT() REPRESENTATION_CONTEXT('2D SPACE',''
  ) );
#1033 = PCURVE('',#1034,#1039);
#1034 = PLANE('',#1035);
#1035 = AXIS2_PLACEMENT_3D('',#1036,#1037,#1038);
#1036 = CARTESIAN_POINT('',(2.477647089605,-12.45597306112,-1.8E-02));
#1037 = DIRECTION('',(0.17096188876,-0.985277642389,0.));
#1038 = DIRECTION('',(-0.985277642389,-0.17096188876,0.));
#1039 = DEFINITIONAL_REPRESENTATION('',(#1040),#1044);
#1040 = LINE('',#1041,#1042);
#1041 = CARTESIAN_POINT('',(0.,0.));
#1042 = VECTOR('',#1043,1.);
#1043 = DIRECTION('',(1.,0.));
#1044 = ( GEOMETRIC_REPRESENTATION_CONTEXT(2) 
PARAMETRIC_REPRESENTATION_CONTEXT() REPRESENTATION_CONTEXT('2D SPACE',''
  ) );
#1045 = ORIENTED_EDGE('',*,*,#1046,.T.);
#1046 = EDGE_CURVE('',#1019,#1047,#1049,.T.);
#1047 = VERTEX_POINT('',#1048);
#1048 = CARTESIAN_POINT('',(1.244817682185,-12.63884602873,-1.8E-02));
#1049 = SURFACE_CURVE('',#1050,(#1054,#1061),.PCURVE_S1.);
#1050 = LINE('',#1051,#1052);
#1051 = CARTESIAN_POINT('',(1.863477025583,-12.56254167655,-1.8E-02));
#1052 = VECTOR('',#1053,1.);
#1053 = DIRECTION('',(-0.992479534599,-0.122410675199,0.));
#1054 = PCURVE('',#126,#1055);
#1055 = DEFINITIONAL_REPRESENTATION('',(#1056),#1060);
#1056 = LINE('',#1057,#1058);
#1057 = CARTESIAN_POINT('',(-1.863477025583,-12.56254167655));
#1058 = VECTOR('',#1059,1.);
#1059 = DIRECTION('',(0.992479534599,-0.122410675199));
#1060 = ( GEOMETRIC_REPRESENTATION_CONTEXT(2) 
PARAMETRIC_REPRESENTATION_CONTEXT() REPRESENTATION_CONTEXT('2D SPACE',''
  ) );
#1061 = PCURVE('',#1062,#1067);
#1062 = PLANE('',#1063);
#1063 = AXIS2_PLACEMENT_3D('',#1064,#1065,#1066);
#1064 = CARTESIAN_POINT('',(1.863477025583,-12.56254167655,-1.8E-02));
#1065 = DIRECTION('',(0.122410675199,-0.992479534599,0.));
#1066 = DIRECTION('',(-0.992479534599,-0.122410675199,0.));
#1067 = DEFINITIONAL_REPRESENTATION('',(#1068),#1072);
#1068 = LINE('',#1069,#1070);
#1069 = CARTESIAN_POINT('',(0.,0.));
#1070 = VECTOR('',#1071,1.);
#1071 = DIRECTION('',(1.,0.));
#1072 = ( GEOMETRIC_REPRESENTATION_CONTEXT(2) 
PARAMETRIC_REPRESENTATION_CONTEXT() REPRESENTATION_CONTEXT('2D SPACE',''
  ) );
#1073 = ORIENTED_EDGE('',*,*,#1074,.T.);
#1074 = EDGE_CURVE('',#1047,#1075,#1077,.T.);
#1075 = VERTEX_POINT('',#1076);
#1076 = CARTESIAN_POINT('',(0.623159463958,-12.6847022938,-1.8E-02));
#1077 = SURFACE_CURVE('',#1078,(#1082,#1089),.PCURVE_S1.);
#1078 = LINE('',#1079,#1080);
#1079 = CARTESIAN_POINT('',(1.244817682185,-12.63884602873,-1.8E-02));
#1080 = VECTOR('',#1081,1.);
#1081 = DIRECTION('',(-0.997290456679,-7.356456359967E-02,0.));
#1082 = PCURVE('',#126,#1083);
#1083 = DEFINITIONAL_REPRESENTATION('',(#1084),#1088);
#1084 = LINE('',#1085,#1086);
#1085 = CARTESIAN_POINT('',(-1.244817682185,-12.63884602873));
#1086 = VECTOR('',#1087,1.);
#1087 = DIRECTION('',(0.997290456679,-7.356456359967E-02));
#1088 = ( GEOMETRIC_REPRESENTATION_CONTEXT(2) 
PARAMETRIC_REPRESENTATION_CONTEXT() REPRESENTATION_CONTEXT('2D SPACE',''
  ) );
#1089 = PCURVE('',#1090,#1095);
#1090 = PLANE('',#1091);
#1091 = AXIS2_PLACEMENT_3D('',#1092,#1093,#1094);
#1092 = CARTESIAN_POINT('',(1.244817682185,-12.63884602873,-1.8E-02));
#1093 = DIRECTION('',(7.356456359967E-02,-0.997290456679,0.));
#1094 = DIRECTION('',(-0.997290456679,-7.356456359967E-02,0.));
#1095 = DEFINITIONAL_REPRESENTATION('',(#1096),#1100);
#1096 = LINE('',#1097,#1098);
#1097 = CARTESIAN_POINT('',(0.,0.));
#1098 = VECTOR('',#1099,1.);
#1099 = DIRECTION('',(1.,0.));
#1100 = ( GEOMETRIC_REPRESENTATION_CONTEXT(2) 
PARAMETRIC_REPRESENTATION_CONTEXT() REPRESENTATION_CONTEXT('2D SPACE',''
  ) );
#1101 = ORIENTED_EDGE('',*,*,#1102,.T.);
#1102 = EDGE_CURVE('',#1075,#1103,#1105,.T.);
#1103 = VERTEX_POINT('',#1104);
#1104 = CARTESIAN_POINT('',(0.,-12.7,-1.8E-02));
#1105 = SURFACE_CURVE('',#1106,(#1110,#1117),.PCURVE_S1.);
#1106 = LINE('',#1107,#1108);
#1107 = CARTESIAN_POINT('',(0.623159463958,-12.6847022938,-1.8E-02));
#1108 = VECTOR('',#1109,1.);
#1109 = DIRECTION('',(-0.999698818696,-2.454122852291E-02,0.));
#1110 = PCURVE('',#126,#1111);
#1111 = DEFINITIONAL_REPRESENTATION('',(#1112),#1116);
#1112 = LINE('',#1113,#1114);
#1113 = CARTESIAN_POINT('',(-0.623159463958,-12.6847022938));
#1114 = VECTOR('',#1115,1.);
#1115 = DIRECTION('',(0.999698818696,-2.454122852291E-02));
#1116 = ( GEOMETRIC_REPRESENTATION_CONTEXT(2) 
PARAMETRIC_REPRESENTATION_CONTEXT() REPRESENTATION_CONTEXT('2D SPACE',''
  ) );
#1117 = PCURVE('',#1118,#1123);
#1118 = PLANE('',#1119);
#1119 = AXIS2_PLACEMENT_3D('',#1120,#1121,#1122);
#1120 = CARTESIAN_POINT('',(0.623159463958,-12.6847022938,-1.8E-02));
#1121 = DIRECTION('',(2.454122852291E-02,-0.999698818696,0.));
#1122 = DIRECTION('',(-0.999698818696,-2.454122852291E-02,0.));
#1123 = DEFINITIONAL_REPRESENTATION('',(#1124),#1128);
#1124 = LINE('',#1125,#1126);
#1125 = CARTESIAN_POINT('',(0.,0.));
#1126 = VECTOR('',#1127,1.);
#1127 = DIRECTION('',(1.,0.));
#1128 = ( GEOMETRIC_REPRESENTATION_CONTEXT(2) 
PARAMETRIC_REPRESENTATION_CONTEXT() REPRESENTATION_CONTEXT('2D SPACE',''
  ) );
#1129 = ORIENTED_EDGE('',*,*,#1130,.T.);
#1130 = EDGE_CURVE('',#1103,#1131,#1133,.T.);
#1131 = VERTEX_POINT('',#1132);
#1132 = CARTESIAN_POINT('',(-0.623159463958,-12.6847022938,-1.8E-02));
#1133 = SURFACE_CURVE('',#1134,(#1138,#1145),.PCURVE_S1.);
#1134 = LINE('',#1135,#1136);
#1135 = CARTESIAN_POINT('',(0.,-12.7,-1.8E-02));
#1136 = VECTOR('',#1137,1.);
#1137 = DIRECTION('',(-0.999698818696,2.454122852291E-02,0.));
#1138 = PCURVE('',#126,#1139);
#1139 = DEFINITIONAL_REPRESENTATION('',(#1140),#1144);
#1140 = LINE('',#1141,#1142);
#1141 = CARTESIAN_POINT('',(-1.218917606455E-15,-12.7));
#1142 = VECTOR('',#1143,1.);
#1143 = DIRECTION('',(0.999698818696,2.454122852291E-02));
#1144 = ( GEOMETRIC_REPRESENTATION_CONTEXT(2) 
PARAMETRIC_REPRESENTATION_CONTEXT() REPRESENTATION_CONTEXT('2D SPACE',''
  ) );
#1145 = PCURVE('',#1146,#1151);
#1146 = PLANE('',#1147);
#1147 = AXIS2_PLACEMENT_3D('',#1148,#1149,#1150);
#1148 = CARTESIAN_POINT('',(0.,-12.7,-1.8E-02));
#1149 = DIRECTION('',(-2.454122852291E-02,-0.999698818696,0.));
#1150 = DIRECTION('',(-0.999698818696,2.454122852291E-02,0.));
#1151 = DEFINITIONAL_REPRESENTATION('',(#1152),#1156);
#1152 = LINE('',#1153,#1154);
#1153 = CARTESIAN_POINT('',(0.,0.));
#1154 = VECTOR('',#1155,1.);
#1155 = DIRECTION('',(1.,0.));
#1156 = ( GEOMETRIC_REPRESENTATION_CONTEXT(2) 
PARAMETRIC_REPRESENTATION_CONTEXT() REPRESENTATION_CONTEXT('2D SPACE',''
  ) );
#1157 = ORIENTED_EDGE('',*,*,#1158,.T.);
#1158 = EDGE_CURVE('',#1131,#1159,#1161,.T.);
#1159 = VERTEX_POINT('',#1160);
#1160 = CARTESIAN_POINT('',(-1.244817682185,-12.63884602873,-1.8E-02));
#1161 = SURFACE_CURVE('',#1162,(#1166,#1173),.PCURVE_S1.);
#1162 = LINE('',#1163,#1164);
#1163 = CARTESIAN_POINT('',(-0.623159463958,-12.6847022938,-1.8E-02));
#1164 = VECTOR('',#1165,1.);
#1165 = DIRECTION('',(-0.997290456679,7.356456359967E-02,0.));
#1166 = PCURVE('',#126,#1167);
#1167 = DEFINITIONAL_REPRESENTATION('',(#1168),#1172);
#1168 = LINE('',#1169,#1170);
#1169 = CARTESIAN_POINT('',(0.623159463958,-12.6847022938));
#1170 = VECTOR('',#1171,1.);
#1171 = DIRECTION('',(0.997290456679,7.356456359967E-02));
#1172 = ( GEOMETRIC_REPRESENTATION_CONTEXT(2) 
PARAMETRIC_REPRESENTATION_CONTEXT() REPRESENTATION_CONTEXT('2D SPACE',''
  ) );
#1173 = PCURVE('',#1174,#1179);
#1174 = PLANE('',#1175);
#1175 = AXIS2_PLACEMENT_3D('',#1176,#1177,#1178);
#1176 = CARTESIAN_POINT('',(-0.623159463958,-12.6847022938,-1.8E-02));
#1177 = DIRECTION('',(-7.356456359967E-02,-0.997290456679,0.));
#1178 = DIRECTION('',(-0.997290456679,7.356456359967E-02,0.));
#1179 = DEFINITIONAL_REPRESENTATION('',(#1180),#1184);
#1180 = LINE('',#1181,#1182);
#1181 = CARTESIAN_POINT('',(0.,0.));
#1182 = VECTOR('',#1183,1.);
#1183 = DIRECTION('',(1.,0.));
#1184 = ( GEOMETRIC_REPRESENTATION_CONTEXT(2) 
PARAMETRIC_REPRESENTATION_CONTEXT() REPRESENTATION_CONTEXT('2D SPACE',''
  ) );
#1185 = ORIENTED_EDGE('',*,*,#1186,.T.);
#1186 = EDGE_CURVE('',#1159,#1187,#1189,.T.);
#1187 = VERTEX_POINT('',#1188);
#1188 = CARTESIAN_POINT('',(-1.863477025583,-12.56254167655,-1.8E-02));
#1189 = SURFACE_CURVE('',#1190,(#1194,#1201),.PCURVE_S1.);
#1190 = LINE('',#1191,#1192);
#1191 = CARTESIAN_POINT('',(-1.244817682185,-12.63884602873,-1.8E-02));
#1192 = VECTOR('',#1193,1.);
#1193 = DIRECTION('',(-0.992479534599,0.122410675199,0.));
#1194 = PCURVE('',#126,#1195);
#1195 = DEFINITIONAL_REPRESENTATION('',(#1196),#1200);
#1196 = LINE('',#1197,#1198);
#1197 = CARTESIAN_POINT('',(1.244817682185,-12.63884602873));
#1198 = VECTOR('',#1199,1.);
#1199 = DIRECTION('',(0.992479534599,0.122410675199));
#1200 = ( GEOMETRIC_REPRESENTATION_CONTEXT(2) 
PARAMETRIC_REPRESENTATION_CONTEXT() REPRESENTATION_CONTEXT('2D SPACE',''
  ) );
#1201 = PCURVE('',#1202,#1207);
#1202 = PLANE('',#1203);
#1203 = AXIS2_PLACEMENT_3D('',#1204,#1205,#1206);
#1204 = CARTESIAN_POINT('',(-1.244817682185,-12.63884602873,-1.8E-02));
#1205 = DIRECTION('',(-0.122410675199,-0.992479534599,0.));
#1206 = DIRECTION('',(-0.992479534599,0.122410675199,0.));
#1207 = DEFINITIONAL_REPRESENTATION('',(#1208),#1212);
#1208 = LINE('',#1209,#1210);
#1209 = CARTESIAN_POINT('',(0.,0.));
#1210 = VECTOR('',#1211,1.);
#1211 = DIRECTION('',(1.,0.));
#1212 = ( GEOMETRIC_REPRESENTATION_CONTEXT(2) 
PARAMETRIC_REPRESENTATION_CONTEXT() REPRESENTATION_CONTEXT('2D SPACE',''
  ) );
#1213 = ORIENTED_EDGE('',*,*,#1214,.T.);
#1214 = EDGE_CURVE('',#1187,#1215,#1217,.T.);
#1215 = VERTEX_POINT('',#1216);
#1216 = CARTESIAN_POINT('',(-2.477647089605,-12.45597306112,-1.8E-02));
#1217 = SURFACE_CURVE('',#1218,(#1222,#1229),.PCURVE_S1.);
#1218 = LINE('',#1219,#1220);
#1219 = CARTESIAN_POINT('',(-1.863477025583,-12.56254167655,-1.8E-02));
#1220 = VECTOR('',#1221,1.);
#1221 = DIRECTION('',(-0.985277642389,0.17096188876,0.));
#1222 = PCURVE('',#126,#1223);
#1223 = DEFINITIONAL_REPRESENTATION('',(#1224),#1228);
#1224 = LINE('',#1225,#1226);
#1225 = CARTESIAN_POINT('',(1.863477025583,-12.56254167655));
#1226 = VECTOR('',#1227,1.);
#1227 = DIRECTION('',(0.985277642389,0.17096188876));
#1228 = ( GEOMETRIC_REPRESENTATION_CONTEXT(2) 
PARAMETRIC_REPRESENTATION_CONTEXT() REPRESENTATION_CONTEXT('2D SPACE',''
  ) );
#1229 = PCURVE('',#1230,#1235);
#1230 = PLANE('',#1231);
#1231 = AXIS2_PLACEMENT_3D('',#1232,#1233,#1234);
#1232 = CARTESIAN_POINT('',(-1.863477025583,-12.56254167655,-1.8E-02));
#1233 = DIRECTION('',(-0.17096188876,-0.985277642389,0.));
#1234 = DIRECTION('',(-0.985277642389,0.17096188876,0.));
#1235 = DEFINITIONAL_REPRESENTATION('',(#1236),#1240);
#1236 = LINE('',#1237,#1238);
#1237 = CARTESIAN_POINT('',(0.,0.));
#1238 = VECTOR('',#1239,1.);
#1239 = DIRECTION('',(1.,0.));
#1240 = ( GEOMETRIC_REPRESENTATION_CONTEXT(2) 
PARAMETRIC_REPRESENTATION_CONTEXT() REPRESENTATION_CONTEXT('2D SPACE',''
  ) );
#1241 = ORIENTED_EDGE('',*,*,#1242,.T.);
#1242 = EDGE_CURVE('',#1215,#1243,#1245,.T.);
#1243 = VERTEX_POINT('',#1244);
#1244 = CARTESIAN_POINT('',(-3.085848284771,-12.31939691557,-1.8E-02));
#1245 = SURFACE_CURVE('',#1246,(#1250,#1257),.PCURVE_S1.);
#1246 = LINE('',#1247,#1248);
#1247 = CARTESIAN_POINT('',(-2.477647089605,-12.45597306112,-1.8E-02));
#1248 = VECTOR('',#1249,1.);
#1249 = DIRECTION('',(-0.975702130039,0.219101240157,0.));
#1250 = PCURVE('',#126,#1251);
#1251 = DEFINITIONAL_REPRESENTATION('',(#1252),#1256);
#1252 = LINE('',#1253,#1254);
#1253 = CARTESIAN_POINT('',(2.477647089605,-12.45597306112));
#1254 = VECTOR('',#1255,1.);
#1255 = DIRECTION('',(0.975702130039,0.219101240157));
#1256 = ( GEOMETRIC_REPRESENTATION_CONTEXT(2) 
PARAMETRIC_REPRESENTATION_CONTEXT() REPRESENTATION_CONTEXT('2D SPACE',''
  ) );
#1257 = PCURVE('',#1258,#1263);
#1258 = PLANE('',#1259);
#1259 = AXIS2_PLACEMENT_3D('',#1260,#1261,#1262);
#1260 = CARTESIAN_POINT('',(-2.477647089605,-12.45597306112,-1.8E-02));
#1261 = DIRECTION('',(-0.219101240157,-0.975702130039,0.));
#1262 = DIRECTION('',(-0.975702130039,0.219101240157,0.));
#1263 = DEFINITIONAL_REPRESENTATION('',(#1264),#1268);
#1264 = LINE('',#1265,#1266);
#1265 = CARTESIAN_POINT('',(0.,0.));
#1266 = VECTOR('',#1267,1.);
#1267 = DIRECTION('',(1.,0.));
#1268 = ( GEOMETRIC_REPRESENTATION_CONTEXT(2) 
PARAMETRIC_REPRESENTATION_CONTEXT() REPRESENTATION_CONTEXT('2D SPACE',''
  ) );
#1269 = ORIENTED_EDGE('',*,*,#1270,.T.);
#1270 = EDGE_CURVE('',#1243,#1271,#1273,.T.);
#1271 = VERTEX_POINT('',#1272);
#1272 = CARTESIAN_POINT('',(-3.686615401132,-12.15314226379,-1.8E-02));
#1273 = SURFACE_CURVE('',#1274,(#1278,#1285),.PCURVE_S1.);
#1274 = LINE('',#1275,#1276);
#1275 = CARTESIAN_POINT('',(-3.085848284771,-12.31939691557,-1.8E-02));
#1276 = VECTOR('',#1277,1.);
#1277 = DIRECTION('',(-0.963776065795,0.266712757475,0.));
#1278 = PCURVE('',#126,#1279);
#1279 = DEFINITIONAL_REPRESENTATION('',(#1280),#1284);
#1280 = LINE('',#1281,#1282);
#1281 = CARTESIAN_POINT('',(3.085848284771,-12.31939691557));
#1282 = VECTOR('',#1283,1.);
#1283 = DIRECTION('',(0.963776065795,0.266712757475));
#1284 = ( GEOMETRIC_REPRESENTATION_CONTEXT(2) 
PARAMETRIC_REPRESENTATION_CONTEXT() REPRESENTATION_CONTEXT('2D SPACE',''
  ) );
#1285 = PCURVE('',#1286,#1291);
#1286 = PLANE('',#1287);
#1287 = AXIS2_PLACEMENT_3D('',#1288,#1289,#1290);
#1288 = CARTESIAN_POINT('',(-3.085848284771,-12.31939691557,-1.8E-02));
#1289 = DIRECTION('',(-0.266712757475,-0.963776065795,0.));
#1290 = DIRECTION('',(-0.963776065795,0.266712757475,0.));
#1291 = DEFINITIONAL_REPRESENTATION('',(#1292),#1296);
#1292 = LINE('',#1293,#1294);
#1293 = CARTESIAN_POINT('',(0.,0.));
#1294 = VECTOR('',#1295,1.);
#1295 = DIRECTION('',(1.,0.));
#1296 = ( GEOMETRIC_REPRESENTATION_CONTEXT(2) 
PARAMETRIC_REPRESENTATION_CONTEXT() REPRESENTATION_CONTEXT('2D SPACE',''
  ) );
#1297 = ORIENTED_EDGE('',*,*,#1298,.T.);
#1298 = EDGE_CURVE('',#1271,#1299,#1301,.T.);
#1299 = VERTEX_POINT('',#1300);
#1300 = CARTESIAN_POINT('',(-4.278501138081,-11.95760962782,-1.8E-02));
#1301 = SURFACE_CURVE('',#1302,(#1306,#1313),.PCURVE_S1.);
#1302 = LINE('',#1303,#1304);
#1303 = CARTESIAN_POINT('',(-3.686615401132,-12.15314226379,-1.8E-02));
#1304 = VECTOR('',#1305,1.);
#1305 = DIRECTION('',(-0.949528180593,0.313681740399,0.));
#1306 = PCURVE('',#126,#1307);
#1307 = DEFINITIONAL_REPRESENTATION('',(#1308),#1312);
#1308 = LINE('',#1309,#1310);
#1309 = CARTESIAN_POINT('',(3.686615401132,-12.15314226379));
#1310 = VECTOR('',#1311,1.);
#1311 = DIRECTION('',(0.949528180593,0.313681740399));
#1312 = ( GEOMETRIC_REPRESENTATION_CONTEXT(2) 
PARAMETRIC_REPRESENTATION_CONTEXT() REPRESENTATION_CONTEXT('2D SPACE',''
  ) );
#1313 = PCURVE('',#1314,#1319);
#1314 = PLANE('',#1315);
#1315 = AXIS2_PLACEMENT_3D('',#1316,#1317,#1318);
#1316 = CARTESIAN_POINT('',(-3.686615401132,-12.15314226379,-1.8E-02));
#1317 = DIRECTION('',(-0.313681740399,-0.949528180593,0.));
#1318 = DIRECTION('',(-0.949528180593,0.313681740399,0.));
#1319 = DEFINITIONAL_REPRESENTATION('',(#1320),#1324);
#1320 = LINE('',#1321,#1322);
#1321 = CARTESIAN_POINT('',(0.,0.));
#1322 = VECTOR('',#1323,1.);
#1323 = DIRECTION('',(1.,0.));
#1324 = ( GEOMETRIC_REPRESENTATION_CONTEXT(2) 
PARAMETRIC_REPRESENTATION_CONTEXT() REPRESENTATION_CONTEXT('2D SPACE',''
  ) );
#1325 = ORIENTED_EDGE('',*,*,#1326,.T.);
#1326 = EDGE_CURVE('',#1299,#1327,#1329,.T.);
#1327 = VERTEX_POINT('',#1328);
#1328 = CARTESIAN_POINT('',(-4.860079591037,-11.73327006289,-1.8E-02));
#1329 = SURFACE_CURVE('',#1330,(#1334,#1341),.PCURVE_S1.);
#1330 = LINE('',#1331,#1332);
#1331 = CARTESIAN_POINT('',(-4.278501138081,-11.95760962782,-1.8E-02));
#1332 = VECTOR('',#1333,1.);
#1333 = DIRECTION('',(-0.932992798835,0.359895036535,0.));
#1334 = PCURVE('',#126,#1335);
#1335 = DEFINITIONAL_REPRESENTATION('',(#1336),#1340);
#1336 = LINE('',#1337,#1338);
#1337 = CARTESIAN_POINT('',(4.278501138081,-11.95760962782));
#1338 = VECTOR('',#1339,1.);
#1339 = DIRECTION('',(0.932992798835,0.359895036535));
#1340 = ( GEOMETRIC_REPRESENTATION_CONTEXT(2) 
PARAMETRIC_REPRESENTATION_CONTEXT() REPRESENTATION_CONTEXT('2D SPACE',''
  ) );
#1341 = PCURVE('',#1342,#1347);
#1342 = PLANE('',#1343);
#1343 = AXIS2_PLACEMENT_3D('',#1344,#1345,#1346);
#1344 = CARTESIAN_POINT('',(-4.278501138081,-11.95760962782,-1.8E-02));
#1345 = DIRECTION('',(-0.359895036535,-0.932992798835,0.));
#1346 = DIRECTION('',(-0.932992798835,0.359895036535,0.));
#1347 = DEFINITIONAL_REPRESENTATION('',(#1348),#1352);
#1348 = LINE('',#1349,#1350);
#1349 = CARTESIAN_POINT('',(0.,0.));
#1350 = VECTOR('',#1351,1.);
#1351 = DIRECTION('',(1.,0.));
#1352 = ( GEOMETRIC_REPRESENTATION_CONTEXT(2) 
PARAMETRIC_REPRESENTATION_CONTEXT() REPRESENTATION_CONTEXT('2D SPACE',''
  ) );
#1353 = ORIENTED_EDGE('',*,*,#1354,.T.);
#1354 = EDGE_CURVE('',#1327,#1355,#1357,.T.);
#1355 = VERTEX_POINT('',#1356);
#1356 = CARTESIAN_POINT('',(-5.429949686565,-11.48066402266,-1.8E-02));
#1357 = SURFACE_CURVE('',#1358,(#1362,#1369),.PCURVE_S1.);
#1358 = LINE('',#1359,#1360);
#1359 = CARTESIAN_POINT('',(-4.860079591037,-11.73327006289,-1.8E-02));
#1360 = VECTOR('',#1361,1.);
#1361 = DIRECTION('',(-0.914209755704,0.405241314005,0.));
#1362 = PCURVE('',#126,#1363);
#1363 = DEFINITIONAL_REPRESENTATION('',(#1364),#1368);
#1364 = LINE('',#1365,#1366);
#1365 = CARTESIAN_POINT('',(4.860079591037,-11.73327006289));
#1366 = VECTOR('',#1367,1.);
#1367 = DIRECTION('',(0.914209755704,0.405241314005));
#1368 = ( GEOMETRIC_REPRESENTATION_CONTEXT(2) 
PARAMETRIC_REPRESENTATION_CONTEXT() REPRESENTATION_CONTEXT('2D SPACE',''
  ) );
#1369 = PCURVE('',#1370,#1375);
#1370 = PLANE('',#1371);
#1371 = AXIS2_PLACEMENT_3D('',#1372,#1373,#1374);
#1372 = CARTESIAN_POINT('',(-4.860079591037,-11.73327006289,-1.8E-02));
#1373 = DIRECTION('',(-0.405241314005,-0.914209755704,0.));
#1374 = DIRECTION('',(-0.914209755704,0.405241314005,0.));
#1375 = DEFINITIONAL_REPRESENTATION('',(#1376),#1380);
#1376 = LINE('',#1377,#1378);
#1377 = CARTESIAN_POINT('',(0.,0.));
#1378 = VECTOR('',#1379,1.);
#1379 = DIRECTION('',(1.,0.));
#1380 = ( GEOMETRIC_REPRESENTATION_CONTEXT(2) 
PARAMETRIC_REPRESENTATION_CONTEXT() REPRESENTATION_CONTEXT('2D SPACE',''
  ) );
#1381 = ORIENTED_EDGE('',*,*,#1382,.T.);
#1382 = EDGE_CURVE('',#1355,#1383,#1385,.T.);
#1383 = VERTEX_POINT('',#1384);
#1384 = CARTESIAN_POINT('',(-5.98673855769,-11.20040005722,-1.8E-02));
#1385 = SURFACE_CURVE('',#1386,(#1390,#1397),.PCURVE_S1.);
#1386 = LINE('',#1387,#1388);
#1387 = CARTESIAN_POINT('',(-5.429949686565,-11.48066402266,-1.8E-02));
#1388 = VECTOR('',#1389,1.);
#1389 = DIRECTION('',(-0.893224301196,0.449611329655,0.));
#1390 = PCURVE('',#126,#1391);
#1391 = DEFINITIONAL_REPRESENTATION('',(#1392),#1396);
#1392 = LINE('',#1393,#1394);
#1393 = CARTESIAN_POINT('',(5.429949686565,-11.48066402266));
#1394 = VECTOR('',#1395,1.);
#1395 = DIRECTION('',(0.893224301196,0.449611329655));
#1396 = ( GEOMETRIC_REPRESENTATION_CONTEXT(2) 
PARAMETRIC_REPRESENTATION_CONTEXT() REPRESENTATION_CONTEXT('2D SPACE',''
  ) );
#1397 = PCURVE('',#1398,#1403);
#1398 = PLANE('',#1399);
#1399 = AXIS2_PLACEMENT_3D('',#1400,#1401,#1402);
#1400 = CARTESIAN_POINT('',(-5.429949686565,-11.48066402266,-1.8E-02));
#1401 = DIRECTION('',(-0.449611329655,-0.893224301196,0.));
#1402 = DIRECTION('',(-0.893224301196,0.449611329655,0.));
#1403 = DEFINITIONAL_REPRESENTATION('',(#1404),#1408);
#1404 = LINE('',#1405,#1406);
#1405 = CARTESIAN_POINT('',(0.,0.));
#1406 = VECTOR('',#1407,1.);
#1407 = DIRECTION('',(1.,0.));
#1408 = ( GEOMETRIC_REPRESENTATION_CONTEXT(2) 
PARAMETRIC_REPRESENTATION_CONTEXT() REPRESENTATION_CONTEXT('2D SPACE',''
  ) );
#1409 = ORIENTED_EDGE('',*,*,#1410,.T.);
#1410 = EDGE_CURVE('',#1383,#1411,#1413,.T.);
#1411 = VERTEX_POINT('',#1412);
#1412 = CARTESIAN_POINT('',(-6.529104851254,-10.893153347,-1.8E-02));
#1413 = SURFACE_CURVE('',#1414,(#1418,#1425),.PCURVE_S1.);
#1414 = LINE('',#1415,#1416);
#1415 = CARTESIAN_POINT('',(-5.98673855769,-11.20040005722,-1.8E-02));
#1416 = VECTOR('',#1417,1.);
#1417 = DIRECTION('',(-0.870086991109,0.49289819223,0.));
#1418 = PCURVE('',#126,#1419);
#1419 = DEFINITIONAL_REPRESENTATION('',(#1420),#1424);
#1420 = LINE('',#1421,#1422);
#1421 = CARTESIAN_POINT('',(5.98673855769,-11.20040005722));
#1422 = VECTOR('',#1423,1.);
#1423 = DIRECTION('',(0.870086991109,0.49289819223));
#1424 = ( GEOMETRIC_REPRESENTATION_CONTEXT(2) 
PARAMETRIC_REPRESENTATION_CONTEXT() REPRESENTATION_CONTEXT('2D SPACE',''
  ) );
#1425 = PCURVE('',#1426,#1431);
#1426 = PLANE('',#1427);
#1427 = AXIS2_PLACEMENT_3D('',#1428,#1429,#1430);
#1428 = CARTESIAN_POINT('',(-5.98673855769,-11.20040005722,-1.8E-02));
#1429 = DIRECTION('',(-0.49289819223,-0.870086991109,0.));
#1430 = DIRECTION('',(-0.870086991109,0.49289819223,0.));
#1431 = DEFINITIONAL_REPRESENTATION('',(#1432),#1436);
#1432 = LINE('',#1433,#1434);
#1433 = CARTESIAN_POINT('',(0.,0.));
#1434 = VECTOR('',#1435,1.);
#1435 = DIRECTION('',(1.,0.));
#1436 = ( GEOMETRIC_REPRESENTATION_CONTEXT(2) 
PARAMETRIC_REPRESENTATION_CONTEXT() REPRESENTATION_CONTEXT('2D SPACE',''
  ) );
#1437 = ORIENTED_EDGE('',*,*,#1438,.T.);
#1438 = EDGE_CURVE('',#1411,#1439,#1441,.T.);
#1439 = VERTEX_POINT('',#1440);
#1440 = CARTESIAN_POINT('',(-7.055741959349,-10.55966407624,-1.8E-02));
#1441 = SURFACE_CURVE('',#1442,(#1446,#1453),.PCURVE_S1.);
#1442 = LINE('',#1443,#1444);
#1443 = CARTESIAN_POINT('',(-6.529104851254,-10.893153347,-1.8E-02));
#1444 = VECTOR('',#1445,1.);
#1445 = DIRECTION('',(-0.84485356525,0.534997619887,0.));
#1446 = PCURVE('',#126,#1447);
#1447 = DEFINITIONAL_REPRESENTATION('',(#1448),#1452);
#1448 = LINE('',#1449,#1450);
#1449 = CARTESIAN_POINT('',(6.529104851254,-10.893153347));
#1450 = VECTOR('',#1451,1.);
#1451 = DIRECTION('',(0.84485356525,0.534997619887));
#1452 = ( GEOMETRIC_REPRESENTATION_CONTEXT(2) 
PARAMETRIC_REPRESENTATION_CONTEXT() REPRESENTATION_CONTEXT('2D SPACE',''
  ) );
#1453 = PCURVE('',#1454,#1459);
#1454 = PLANE('',#1455);
#1455 = AXIS2_PLACEMENT_3D('',#1456,#1457,#1458);
#1456 = CARTESIAN_POINT('',(-6.529104851254,-10.893153347,-1.8E-02));
#1457 = DIRECTION('',(-0.534997619887,-0.84485356525,0.));
#1458 = DIRECTION('',(-0.84485356525,0.534997619887,0.));
#1459 = DEFINITIONAL_REPRESENTATION('',(#1460),#1464);
#1460 = LINE('',#1461,#1462);
#1461 = CARTESIAN_POINT('',(0.,0.));
#1462 = VECTOR('',#1463,1.);
#1463 = DIRECTION('',(1.,0.));
#1464 = ( GEOMETRIC_REPRESENTATION_CONTEXT(2) 
PARAMETRIC_REPRESENTATION_CONTEXT() REPRESENTATION_CONTEXT('2D SPACE',''
  ) );
#1465 = ORIENTED_EDGE('',*,*,#1466,.T.);
#1466 = EDGE_CURVE('',#1439,#1467,#1469,.T.);
#1467 = VERTEX_POINT('',#1468);
#1468 = CARTESIAN_POINT('',(-7.565381167054,-10.2007356498,-1.8E-02));
#1469 = SURFACE_CURVE('',#1470,(#1474,#1481),.PCURVE_S1.);
#1470 = LINE('',#1471,#1472);
#1471 = CARTESIAN_POINT('',(-7.055741959349,-10.55966407624,-1.8E-02));
#1472 = VECTOR('',#1473,1.);
#1473 = DIRECTION('',(-0.817584813152,0.575808191418,0.));
#1474 = PCURVE('',#126,#1475);
#1475 = DEFINITIONAL_REPRESENTATION('',(#1476),#1480);
#1476 = LINE('',#1477,#1478);
#1477 = CARTESIAN_POINT('',(7.055741959349,-10.55966407624));
#1478 = VECTOR('',#1479,1.);
#1479 = DIRECTION('',(0.817584813152,0.575808191418));
#1480 = ( GEOMETRIC_REPRESENTATION_CONTEXT(2) 
PARAMETRIC_REPRESENTATION_CONTEXT() REPRESENTATION_CONTEXT('2D SPACE',''
  ) );
#1481 = PCURVE('',#1482,#1487);
#1482 = PLANE('',#1483);
#1483 = AXIS2_PLACEMENT_3D('',#1484,#1485,#1486);
#1484 = CARTESIAN_POINT('',(-7.055741959349,-10.55966407624,-1.8E-02));
#1485 = DIRECTION('',(-0.575808191418,-0.817584813152,0.));
#1486 = DIRECTION('',(-0.817584813152,0.575808191418,0.));
#1487 = DEFINITIONAL_REPRESENTATION('',(#1488),#1492);
#1488 = LINE('',#1489,#1490);
#1489 = CARTESIAN_POINT('',(0.,0.));
#1490 = VECTOR('',#1491,1.);
#1491 = DIRECTION('',(1.,0.));
#1492 = ( GEOMETRIC_REPRESENTATION_CONTEXT(2) 
PARAMETRIC_REPRESENTATION_CONTEXT() REPRESENTATION_CONTEXT('2D SPACE',''
  ) );
#1493 = ORIENTED_EDGE('',*,*,#1494,.T.);
#1494 = EDGE_CURVE('',#1467,#1495,#1497,.T.);
#1495 = VERTEX_POINT('',#1496);
#1496 = CARTESIAN_POINT('',(-8.056794708878,-9.817232757707,-1.8E-02));
#1497 = SURFACE_CURVE('',#1498,(#1502,#1509),.PCURVE_S1.);
#1498 = LINE('',#1499,#1500);
#1499 = CARTESIAN_POINT('',(-7.565381167054,-10.2007356498,-1.8E-02));
#1500 = VECTOR('',#1501,1.);
#1501 = DIRECTION('',(-0.788346427627,0.615231590581,0.));
#1502 = PCURVE('',#126,#1503);
#1503 = DEFINITIONAL_REPRESENTATION('',(#1504),#1508);
#1504 = LINE('',#1505,#1506);
#1505 = CARTESIAN_POINT('',(7.565381167054,-10.2007356498));
#1506 = VECTOR('',#1507,1.);
#1507 = DIRECTION('',(0.788346427627,0.615231590581));
#1508 = ( GEOMETRIC_REPRESENTATION_CONTEXT(2) 
PARAMETRIC_REPRESENTATION_CONTEXT() REPRESENTATION_CONTEXT('2D SPACE',''
  ) );
#1509 = PCURVE('',#1510,#1515);
#1510 = PLANE('',#1511);
#1511 = AXIS2_PLACEMENT_3D('',#1512,#1513,#1514);
#1512 = CARTESIAN_POINT('',(-7.565381167054,-10.2007356498,-1.8E-02));
#1513 = DIRECTION('',(-0.615231590581,-0.788346427627,0.));
#1514 = DIRECTION('',(-0.788346427627,0.615231590581,0.));
#1515 = DEFINITIONAL_REPRESENTATION('',(#1516),#1520);
#1516 = LINE('',#1517,#1518);
#1517 = CARTESIAN_POINT('',(0.,0.));
#1518 = VECTOR('',#1519,1.);
#1519 = DIRECTION('',(1.,0.));
#1520 = ( GEOMETRIC_REPRESENTATION_CONTEXT(2) 
PARAMETRIC_REPRESENTATION_CONTEXT() REPRESENTATION_CONTEXT('2D SPACE',''
  ) );
#1521 = ORIENTED_EDGE('',*,*,#1522,.T.);
#1522 = EDGE_CURVE('',#1495,#1523,#1525,.T.);
#1523 = VERTEX_POINT('',#1524);
#1524 = CARTESIAN_POINT('',(-8.528798726557,-9.410079292008,-1.8E-02));
#1525 = SURFACE_CURVE('',#1526,(#1530,#1537),.PCURVE_S1.);
#1526 = LINE('',#1527,#1528);
#1527 = CARTESIAN_POINT('',(-8.056794708878,-9.817232757707,-1.8E-02));
#1528 = VECTOR('',#1529,1.);
#1529 = DIRECTION('',(-0.757208846506,0.653172842954,0.));
#1530 = PCURVE('',#126,#1531);
#1531 = DEFINITIONAL_REPRESENTATION('',(#1532),#1536);
#1532 = LINE('',#1533,#1534);
#1533 = CARTESIAN_POINT('',(8.056794708878,-9.817232757707));
#1534 = VECTOR('',#1535,1.);
#1535 = DIRECTION('',(0.757208846506,0.653172842954));
#1536 = ( GEOMETRIC_REPRESENTATION_CONTEXT(2) 
PARAMETRIC_REPRESENTATION_CONTEXT() REPRESENTATION_CONTEXT('2D SPACE',''
  ) );
#1537 = PCURVE('',#1538,#1543);
#1538 = PLANE('',#1539);
#1539 = AXIS2_PLACEMENT_3D('',#1540,#1541,#1542);
#1540 = CARTESIAN_POINT('',(-8.056794708878,-9.817232757707,-1.8E-02));
#1541 = DIRECTION('',(-0.653172842954,-0.757208846506,0.));
#1542 = DIRECTION('',(-0.757208846506,0.653172842954,0.));
#1543 = DEFINITIONAL_REPRESENTATION('',(#1544),#1548);
#1544 = LINE('',#1545,#1546);
#1545 = CARTESIAN_POINT('',(0.,0.));
#1546 = VECTOR('',#1547,1.);
#1547 = DIRECTION('',(1.,0.));
#1548 = ( GEOMETRIC_REPRESENTATION_CONTEXT(2) 
PARAMETRIC_REPRESENTATION_CONTEXT() REPRESENTATION_CONTEXT('2D SPACE',''
  ) );
#1549 = ORIENTED_EDGE('',*,*,#1550,.T.);
#1550 = EDGE_CURVE('',#1523,#1551,#1553,.T.);
#1551 = VERTEX_POINT('',#1552);
#1552 = CARTESIAN_POINT('',(-8.980256121069,-8.980256121069,-1.8E-02));
#1553 = SURFACE_CURVE('',#1554,(#1558,#1565),.PCURVE_S1.);
#1554 = LINE('',#1555,#1556);
#1555 = CARTESIAN_POINT('',(-8.528798726557,-9.410079292008,-1.8E-02));
#1556 = VECTOR('',#1557,1.);
#1557 = DIRECTION('',(-0.724247082951,0.689540544737,0.));
#1558 = PCURVE('',#126,#1559);
#1559 = DEFINITIONAL_REPRESENTATION('',(#1560),#1564);
#1560 = LINE('',#1561,#1562);
#1561 = CARTESIAN_POINT('',(8.528798726557,-9.410079292008));
#1562 = VECTOR('',#1563,1.);
#1563 = DIRECTION('',(0.724247082951,0.689540544737));
#1564 = ( GEOMETRIC_REPRESENTATION_CONTEXT(2) 
PARAMETRIC_REPRESENTATION_CONTEXT() REPRESENTATION_CONTEXT('2D SPACE',''
  ) );
#1565 = PCURVE('',#1566,#1571);
#1566 = PLANE('',#1567);
#1567 = AXIS2_PLACEMENT_3D('',#1568,#1569,#1570);
#1568 = CARTESIAN_POINT('',(-8.528798726557,-9.410079292008,-1.8E-02));
#1569 = DIRECTION('',(-0.689540544737,-0.724247082951,0.));
#1570 = DIRECTION('',(-0.724247082951,0.689540544737,0.));
#1571 = DEFINITIONAL_REPRESENTATION('',(#1572),#1576);
#1572 = LINE('',#1573,#1574);
#1573 = CARTESIAN_POINT('',(0.,0.));
#1574 = VECTOR('',#1575,1.);
#1575 = DIRECTION('',(1.,0.));
#1576 = ( GEOMETRIC_REPRESENTATION_CONTEXT(2) 
PARAMETRIC_REPRESENTATION_CONTEXT() REPRESENTATION_CONTEXT('2D SPACE',''
  ) );
#1577 = ORIENTED_EDGE('',*,*,#1578,.T.);
#1578 = EDGE_CURVE('',#1551,#1579,#1581,.T.);
#1579 = VERTEX_POINT('',#1580);
#1580 = CARTESIAN_POINT('',(-9.410079292008,-8.528798726557,-1.8E-02));
#1581 = SURFACE_CURVE('',#1582,(#1586,#1593),.PCURVE_S1.);
#1582 = LINE('',#1583,#1584);
#1583 = CARTESIAN_POINT('',(-8.980256121069,-8.980256121069,-1.8E-02));
#1584 = VECTOR('',#1585,1.);
#1585 = DIRECTION('',(-0.689540544737,0.724247082951,0.));
#1586 = PCURVE('',#126,#1587);
#1587 = DEFINITIONAL_REPRESENTATION('',(#1588),#1592);
#1588 = LINE('',#1589,#1590);
#1589 = CARTESIAN_POINT('',(8.980256121069,-8.980256121069));
#1590 = VECTOR('',#1591,1.);
#1591 = DIRECTION('',(0.689540544737,0.724247082951));
#1592 = ( GEOMETRIC_REPRESENTATION_CONTEXT(2) 
PARAMETRIC_REPRESENTATION_CONTEXT() REPRESENTATION_CONTEXT('2D SPACE',''
  ) );
#1593 = PCURVE('',#1594,#1599);
#1594 = PLANE('',#1595);
#1595 = AXIS2_PLACEMENT_3D('',#1596,#1597,#1598);
#1596 = CARTESIAN_POINT('',(-8.980256121069,-8.980256121069,-1.8E-02));
#1597 = DIRECTION('',(-0.724247082951,-0.689540544737,0.));
#1598 = DIRECTION('',(-0.689540544737,0.724247082951,0.));
#1599 = DEFINITIONAL_REPRESENTATION('',(#1600),#1604);
#1600 = LINE('',#1601,#1602);
#1601 = CARTESIAN_POINT('',(0.,0.));
#1602 = VECTOR('',#1603,1.);
#1603 = DIRECTION('',(1.,0.));
#1604 = ( GEOMETRIC_REPRESENTATION_CONTEXT(2) 
PARAMETRIC_REPRESENTATION_CONTEXT() REPRESENTATION_CONTEXT('2D SPACE',''
  ) );
#1605 = ORIENTED_EDGE('',*,*,#1606,.T.);
#1606 = EDGE_CURVE('',#1579,#1607,#1609,.T.);
#1607 = VERTEX_POINT('',#1608);
#1608 = CARTESIAN_POINT('',(-9.817232757707,-8.056794708878,-1.8E-02));
#1609 = SURFACE_CURVE('',#1610,(#1614,#1621),.PCURVE_S1.);
#1610 = LINE('',#1611,#1612);
#1611 = CARTESIAN_POINT('',(-9.410079292008,-8.528798726557,-1.8E-02));
#1612 = VECTOR('',#1613,1.);
#1613 = DIRECTION('',(-0.653172842954,0.757208846506,0.));
#1614 = PCURVE('',#126,#1615);
#1615 = DEFINITIONAL_REPRESENTATION('',(#1616),#1620);
#1616 = LINE('',#1617,#1618);
#1617 = CARTESIAN_POINT('',(9.410079292008,-8.528798726557));
#1618 = VECTOR('',#1619,1.);
#1619 = DIRECTION('',(0.653172842954,0.757208846506));
#1620 = ( GEOMETRIC_REPRESENTATION_CONTEXT(2) 
PARAMETRIC_REPRESENTATION_CONTEXT() REPRESENTATION_CONTEXT('2D SPACE',''
  ) );
#1621 = PCURVE('',#1622,#1627);
#1622 = PLANE('',#1623);
#1623 = AXIS2_PLACEMENT_3D('',#1624,#1625,#1626);
#1624 = CARTESIAN_POINT('',(-9.410079292008,-8.528798726557,-1.8E-02));
#1625 = DIRECTION('',(-0.757208846506,-0.653172842954,0.));
#1626 = DIRECTION('',(-0.653172842954,0.757208846506,0.));
#1627 = DEFINITIONAL_REPRESENTATION('',(#1628),#1632);
#1628 = LINE('',#1629,#1630);
#1629 = CARTESIAN_POINT('',(0.,0.));
#1630 = VECTOR('',#1631,1.);
#1631 = DIRECTION('',(1.,0.));
#1632 = ( GEOMETRIC_REPRESENTATION_CONTEXT(2) 
PARAMETRIC_REPRESENTATION_CONTEXT() REPRESENTATION_CONTEXT('2D SPACE',''
  ) );
#1633 = ORIENTED_EDGE('',*,*,#1634,.T.);
#1634 = EDGE_CURVE('',#1607,#1635,#1637,.T.);
#1635 = VERTEX_POINT('',#1636);
#1636 = CARTESIAN_POINT('',(-10.2007356498,-7.565381167054,-1.8E-02));
#1637 = SURFACE_CURVE('',#1638,(#1642,#1649),.PCURVE_S1.);
#1638 = LINE('',#1639,#1640);
#1639 = CARTESIAN_POINT('',(-9.817232757707,-8.056794708878,-1.8E-02));
#1640 = VECTOR('',#1641,1.);
#1641 = DIRECTION('',(-0.615231590581,0.788346427627,0.));
#1642 = PCURVE('',#126,#1643);
#1643 = DEFINITIONAL_REPRESENTATION('',(#1644),#1648);
#1644 = LINE('',#1645,#1646);
#1645 = CARTESIAN_POINT('',(9.817232757707,-8.056794708878));
#1646 = VECTOR('',#1647,1.);
#1647 = DIRECTION('',(0.615231590581,0.788346427627));
#1648 = ( GEOMETRIC_REPRESENTATION_CONTEXT(2) 
PARAMETRIC_REPRESENTATION_CONTEXT() REPRESENTATION_CONTEXT('2D SPACE',''
  ) );
#1649 = PCURVE('',#1650,#1655);
#1650 = PLANE('',#1651);
#1651 = AXIS2_PLACEMENT_3D('',#1652,#1653,#1654);
#1652 = CARTESIAN_POINT('',(-9.817232757707,-8.056794708878,-1.8E-02));
#1653 = DIRECTION('',(-0.788346427627,-0.615231590581,0.));
#1654 = DIRECTION('',(-0.615231590581,0.788346427627,0.));
#1655 = DEFINITIONAL_REPRESENTATION('',(#1656),#1660);
#1656 = LINE('',#1657,#1658);
#1657 = CARTESIAN_POINT('',(0.,0.));
#1658 = VECTOR('',#1659,1.);
#1659 = DIRECTION('',(1.,0.));
#1660 = ( GEOMETRIC_REPRESENTATION_CONTEXT(2) 
PARAMETRIC_REPRESENTATION_CONTEXT() REPRESENTATION_CONTEXT('2D SPACE',''
  ) );
#1661 = ORIENTED_EDGE('',*,*,#1662,.T.);
#1662 = EDGE_CURVE('',#1635,#1663,#1665,.T.);
#1663 = VERTEX_POINT('',#1664);
#1664 = CARTESIAN_POINT('',(-10.55966407624,-7.055741959349,-1.8E-02));
#1665 = SURFACE_CURVE('',#1666,(#1670,#1677),.PCURVE_S1.);
#1666 = LINE('',#1667,#1668);
#1667 = CARTESIAN_POINT('',(-10.2007356498,-7.565381167054,-1.8E-02));
#1668 = VECTOR('',#1669,1.);
#1669 = DIRECTION('',(-0.575808191418,0.817584813152,0.));
#1670 = PCURVE('',#126,#1671);
#1671 = DEFINITIONAL_REPRESENTATION('',(#1672),#1676);
#1672 = LINE('',#1673,#1674);
#1673 = CARTESIAN_POINT('',(10.200735649804,-7.565381167054));
#1674 = VECTOR('',#1675,1.);
#1675 = DIRECTION('',(0.575808191418,0.817584813152));
#1676 = ( GEOMETRIC_REPRESENTATION_CONTEXT(2) 
PARAMETRIC_REPRESENTATION_CONTEXT() REPRESENTATION_CONTEXT('2D SPACE',''
  ) );
#1677 = PCURVE('',#1678,#1683);
#1678 = PLANE('',#1679);
#1679 = AXIS2_PLACEMENT_3D('',#1680,#1681,#1682);
#1680 = CARTESIAN_POINT('',(-10.2007356498,-7.565381167054,-1.8E-02));
#1681 = DIRECTION('',(-0.817584813152,-0.575808191418,0.));
#1682 = DIRECTION('',(-0.575808191418,0.817584813152,0.));
#1683 = DEFINITIONAL_REPRESENTATION('',(#1684),#1688);
#1684 = LINE('',#1685,#1686);
#1685 = CARTESIAN_POINT('',(0.,0.));
#1686 = VECTOR('',#1687,1.);
#1687 = DIRECTION('',(1.,0.));
#1688 = ( GEOMETRIC_REPRESENTATION_CONTEXT(2) 
PARAMETRIC_REPRESENTATION_CONTEXT() REPRESENTATION_CONTEXT('2D SPACE',''
  ) );
#1689 = ORIENTED_EDGE('',*,*,#1690,.T.);
#1690 = EDGE_CURVE('',#1663,#1691,#1693,.T.);
#1691 = VERTEX_POINT('',#1692);
#1692 = CARTESIAN_POINT('',(-10.893153347,-6.529104851254,-1.8E-02));
#1693 = SURFACE_CURVE('',#1694,(#1698,#1705),.PCURVE_S1.);
#1694 = LINE('',#1695,#1696);
#1695 = CARTESIAN_POINT('',(-10.55966407624,-7.055741959349,-1.8E-02));
#1696 = VECTOR('',#1697,1.);
#1697 = DIRECTION('',(-0.534997619887,0.84485356525,0.));
#1698 = PCURVE('',#126,#1699);
#1699 = DEFINITIONAL_REPRESENTATION('',(#1700),#1704);
#1700 = LINE('',#1701,#1702);
#1701 = CARTESIAN_POINT('',(10.559664076242,-7.055741959349));
#1702 = VECTOR('',#1703,1.);
#1703 = DIRECTION('',(0.534997619887,0.84485356525));
#1704 = ( GEOMETRIC_REPRESENTATION_CONTEXT(2) 
PARAMETRIC_REPRESENTATION_CONTEXT() REPRESENTATION_CONTEXT('2D SPACE',''
  ) );
#1705 = PCURVE('',#1706,#1711);
#1706 = PLANE('',#1707);
#1707 = AXIS2_PLACEMENT_3D('',#1708,#1709,#1710);
#1708 = CARTESIAN_POINT('',(-10.55966407624,-7.055741959349,-1.8E-02));
#1709 = DIRECTION('',(-0.84485356525,-0.534997619887,0.));
#1710 = DIRECTION('',(-0.534997619887,0.84485356525,0.));
#1711 = DEFINITIONAL_REPRESENTATION('',(#1712),#1716);
#1712 = LINE('',#1713,#1714);
#1713 = CARTESIAN_POINT('',(0.,0.));
#1714 = VECTOR('',#1715,1.);
#1715 = DIRECTION('',(1.,0.));
#1716 = ( GEOMETRIC_REPRESENTATION_CONTEXT(2) 
PARAMETRIC_REPRESENTATION_CONTEXT() REPRESENTATION_CONTEXT('2D SPACE',''
  ) );
#1717 = ORIENTED_EDGE('',*,*,#1718,.T.);
#1718 = EDGE_CURVE('',#1691,#1719,#1721,.T.);
#1719 = VERTEX_POINT('',#1720);
#1720 = CARTESIAN_POINT('',(-11.20040005722,-5.98673855769,-1.8E-02));
#1721 = SURFACE_CURVE('',#1722,(#1726,#1733),.PCURVE_S1.);
#1722 = LINE('',#1723,#1724);
#1723 = CARTESIAN_POINT('',(-10.893153347,-6.529104851254,-1.8E-02));
#1724 = VECTOR('',#1725,1.);
#1725 = DIRECTION('',(-0.49289819223,0.870086991109,0.));
#1726 = PCURVE('',#126,#1727);
#1727 = DEFINITIONAL_REPRESENTATION('',(#1728),#1732);
#1728 = LINE('',#1729,#1730);
#1729 = CARTESIAN_POINT('',(10.893153347003,-6.529104851254));
#1730 = VECTOR('',#1731,1.);
#1731 = DIRECTION('',(0.49289819223,0.870086991109));
#1732 = ( GEOMETRIC_REPRESENTATION_CONTEXT(2) 
PARAMETRIC_REPRESENTATION_CONTEXT() REPRESENTATION_CONTEXT('2D SPACE',''
  ) );
#1733 = PCURVE('',#1734,#1739);
#1734 = PLANE('',#1735);
#1735 = AXIS2_PLACEMENT_3D('',#1736,#1737,#1738);
#1736 = CARTESIAN_POINT('',(-10.893153347,-6.529104851254,-1.8E-02));
#1737 = DIRECTION('',(-0.870086991109,-0.49289819223,0.));
#1738 = DIRECTION('',(-0.49289819223,0.870086991109,0.));
#1739 = DEFINITIONAL_REPRESENTATION('',(#1740),#1744);
#1740 = LINE('',#1741,#1742);
#1741 = CARTESIAN_POINT('',(0.,0.));
#1742 = VECTOR('',#1743,1.);
#1743 = DIRECTION('',(1.,0.));
#1744 = ( GEOMETRIC_REPRESENTATION_CONTEXT(2) 
PARAMETRIC_REPRESENTATION_CONTEXT() REPRESENTATION_CONTEXT('2D SPACE',''
  ) );
#1745 = ORIENTED_EDGE('',*,*,#1746,.T.);
#1746 = EDGE_CURVE('',#1719,#1747,#1749,.T.);
#1747 = VERTEX_POINT('',#1748);
#1748 = CARTESIAN_POINT('',(-11.48066402266,-5.429949686565,-1.8E-02));
#1749 = SURFACE_CURVE('',#1750,(#1754,#1761),.PCURVE_S1.);
#1750 = LINE('',#1751,#1752);
#1751 = CARTESIAN_POINT('',(-11.20040005722,-5.98673855769,-1.8E-02));
#1752 = VECTOR('',#1753,1.);
#1753 = DIRECTION('',(-0.449611329655,0.893224301196,0.));
#1754 = PCURVE('',#126,#1755);
#1755 = DEFINITIONAL_REPRESENTATION('',(#1756),#1760);
#1756 = LINE('',#1757,#1758);
#1757 = CARTESIAN_POINT('',(11.200400057224,-5.98673855769));
#1758 = VECTOR('',#1759,1.);
#1759 = DIRECTION('',(0.449611329655,0.893224301196));
#1760 = ( GEOMETRIC_REPRESENTATION_CONTEXT(2) 
PARAMETRIC_REPRESENTATION_CONTEXT() REPRESENTATION_CONTEXT('2D SPACE',''
  ) );
#1761 = PCURVE('',#1762,#1767);
#1762 = PLANE('',#1763);
#1763 = AXIS2_PLACEMENT_3D('',#1764,#1765,#1766);
#1764 = CARTESIAN_POINT('',(-11.20040005722,-5.98673855769,-1.8E-02));
#1765 = DIRECTION('',(-0.893224301196,-0.449611329655,0.));
#1766 = DIRECTION('',(-0.449611329655,0.893224301196,0.));
#1767 = DEFINITIONAL_REPRESENTATION('',(#1768),#1772);
#1768 = LINE('',#1769,#1770);
#1769 = CARTESIAN_POINT('',(0.,0.));
#1770 = VECTOR('',#1771,1.);
#1771 = DIRECTION('',(1.,0.));
#1772 = ( GEOMETRIC_REPRESENTATION_CONTEXT(2) 
PARAMETRIC_REPRESENTATION_CONTEXT() REPRESENTATION_CONTEXT('2D SPACE',''
  ) );
#1773 = ORIENTED_EDGE('',*,*,#1774,.T.);
#1774 = EDGE_CURVE('',#1747,#1775,#1777,.T.);
#1775 = VERTEX_POINT('',#1776);
#1776 = CARTESIAN_POINT('',(-11.73327006289,-4.860079591037,-1.8E-02));
#1777 = SURFACE_CURVE('',#1778,(#1782,#1789),.PCURVE_S1.);
#1778 = LINE('',#1779,#1780);
#1779 = CARTESIAN_POINT('',(-11.48066402266,-5.429949686565,-1.8E-02));
#1780 = VECTOR('',#1781,1.);
#1781 = DIRECTION('',(-0.405241314005,0.914209755704,0.));
#1782 = PCURVE('',#126,#1783);
#1783 = DEFINITIONAL_REPRESENTATION('',(#1784),#1788);
#1784 = LINE('',#1785,#1786);
#1785 = CARTESIAN_POINT('',(11.480664022668,-5.429949686565));
#1786 = VECTOR('',#1787,1.);
#1787 = DIRECTION('',(0.405241314005,0.914209755704));
#1788 = ( GEOMETRIC_REPRESENTATION_CONTEXT(2) 
PARAMETRIC_REPRESENTATION_CONTEXT() REPRESENTATION_CONTEXT('2D SPACE',''
  ) );
#1789 = PCURVE('',#1790,#1795);
#1790 = PLANE('',#1791);
#1791 = AXIS2_PLACEMENT_3D('',#1792,#1793,#1794);
#1792 = CARTESIAN_POINT('',(-11.48066402266,-5.429949686565,-1.8E-02));
#1793 = DIRECTION('',(-0.914209755704,-0.405241314005,0.));
#1794 = DIRECTION('',(-0.405241314005,0.914209755704,0.));
#1795 = DEFINITIONAL_REPRESENTATION('',(#1796),#1800);
#1796 = LINE('',#1797,#1798);
#1797 = CARTESIAN_POINT('',(0.,0.));
#1798 = VECTOR('',#1799,1.);
#1799 = DIRECTION('',(1.,0.));
#1800 = ( GEOMETRIC_REPRESENTATION_CONTEXT(2) 
PARAMETRIC_REPRESENTATION_CONTEXT() REPRESENTATION_CONTEXT('2D SPACE',''
  ) );
#1801 = ORIENTED_EDGE('',*,*,#1802,.T.);
#1802 = EDGE_CURVE('',#1775,#1803,#1805,.T.);
#1803 = VERTEX_POINT('',#1804);
#1804 = CARTESIAN_POINT('',(-11.95760962782,-4.278501138081,-1.8E-02));
#1805 = SURFACE_CURVE('',#1806,(#1810,#1817),.PCURVE_S1.);
#1806 = LINE('',#1807,#1808);
#1807 = CARTESIAN_POINT('',(-11.73327006289,-4.860079591037,-1.8E-02));
#1808 = VECTOR('',#1809,1.);
#1809 = DIRECTION('',(-0.359895036535,0.932992798835,0.));
#1810 = PCURVE('',#126,#1811);
#1811 = DEFINITIONAL_REPRESENTATION('',(#1812),#1816);
#1812 = LINE('',#1813,#1814);
#1813 = CARTESIAN_POINT('',(11.733270062893,-4.860079591037));
#1814 = VECTOR('',#1815,1.);
#1815 = DIRECTION('',(0.359895036535,0.932992798835));
#1816 = ( GEOMETRIC_REPRESENTATION_CONTEXT(2) 
PARAMETRIC_REPRESENTATION_CONTEXT() REPRESENTATION_CONTEXT('2D SPACE',''
  ) );
#1817 = PCURVE('',#1818,#1823);
#1818 = PLANE('',#1819);
#1819 = AXIS2_PLACEMENT_3D('',#1820,#1821,#1822);
#1820 = CARTESIAN_POINT('',(-11.73327006289,-4.860079591037,-1.8E-02));
#1821 = DIRECTION('',(-0.932992798835,-0.359895036535,0.));
#1822 = DIRECTION('',(-0.359895036535,0.932992798835,0.));
#1823 = DEFINITIONAL_REPRESENTATION('',(#1824),#1828);
#1824 = LINE('',#1825,#1826);
#1825 = CARTESIAN_POINT('',(0.,0.));
#1826 = VECTOR('',#1827,1.);
#1827 = DIRECTION('',(1.,0.));
#1828 = ( GEOMETRIC_REPRESENTATION_CONTEXT(2) 
PARAMETRIC_REPRESENTATION_CONTEXT() REPRESENTATION_CONTEXT('2D SPACE',''
  ) );
#1829 = ORIENTED_EDGE('',*,*,#1830,.T.);
#1830 = EDGE_CURVE('',#1803,#1831,#1833,.T.);
#1831 = VERTEX_POINT('',#1832);
#1832 = CARTESIAN_POINT('',(-12.15314226379,-3.686615401132,-1.8E-02));
#1833 = SURFACE_CURVE('',#1834,(#1838,#1845),.PCURVE_S1.);
#1834 = LINE('',#1835,#1836);
#1835 = CARTESIAN_POINT('',(-11.95760962782,-4.278501138081,-1.8E-02));
#1836 = VECTOR('',#1837,1.);
#1837 = DIRECTION('',(-0.313681740399,0.949528180593,0.));
#1838 = PCURVE('',#126,#1839);
#1839 = DEFINITIONAL_REPRESENTATION('',(#1840),#1844);
#1840 = LINE('',#1841,#1842);
#1841 = CARTESIAN_POINT('',(11.957609627824,-4.278501138081));
#1842 = VECTOR('',#1843,1.);
#1843 = DIRECTION('',(0.313681740399,0.949528180593));
#1844 = ( GEOMETRIC_REPRESENTATION_CONTEXT(2) 
PARAMETRIC_REPRESENTATION_CONTEXT() REPRESENTATION_CONTEXT('2D SPACE',''
  ) );
#1845 = PCURVE('',#1846,#1851);
#1846 = PLANE('',#1847);
#1847 = AXIS2_PLACEMENT_3D('',#1848,#1849,#1850);
#1848 = CARTESIAN_POINT('',(-11.95760962782,-4.278501138081,-1.8E-02));
#1849 = DIRECTION('',(-0.949528180593,-0.313681740399,0.));
#1850 = DIRECTION('',(-0.313681740399,0.949528180593,0.));
#1851 = DEFINITIONAL_REPRESENTATION('',(#1852),#1856);
#1852 = LINE('',#1853,#1854);
#1853 = CARTESIAN_POINT('',(0.,0.));
#1854 = VECTOR('',#1855,1.);
#1855 = DIRECTION('',(1.,0.));
#1856 = ( GEOMETRIC_REPRESENTATION_CONTEXT(2) 
PARAMETRIC_REPRESENTATION_CONTEXT() REPRESENTATION_CONTEXT('2D SPACE',''
  ) );
#1857 = ORIENTED_EDGE('',*,*,#1858,.T.);
#1858 = EDGE_CURVE('',#1831,#1859,#1861,.T.);
#1859 = VERTEX_POINT('',#1860);
#1860 = CARTESIAN_POINT('',(-12.31939691557,-3.085848284771,-1.8E-02));
#1861 = SURFACE_CURVE('',#1862,(#1866,#1873),.PCURVE_S1.);
#1862 = LINE('',#1863,#1864);
#1863 = CARTESIAN_POINT('',(-12.15314226379,-3.686615401132,-1.8E-02));
#1864 = VECTOR('',#1865,1.);
#1865 = DIRECTION('',(-0.266712757475,0.963776065795,0.));
#1866 = PCURVE('',#126,#1867);
#1867 = DEFINITIONAL_REPRESENTATION('',(#1868),#1872);
#1868 = LINE('',#1869,#1870);
#1869 = CARTESIAN_POINT('',(12.153142263799,-3.686615401132));
#1870 = VECTOR('',#1871,1.);
#1871 = DIRECTION('',(0.266712757475,0.963776065795));
#1872 = ( GEOMETRIC_REPRESENTATION_CONTEXT(2) 
PARAMETRIC_REPRESENTATION_CONTEXT() REPRESENTATION_CONTEXT('2D SPACE',''
  ) );
#1873 = PCURVE('',#1874,#1879);
#1874 = PLANE('',#1875);
#1875 = AXIS2_PLACEMENT_3D('',#1876,#1877,#1878);
#1876 = CARTESIAN_POINT('',(-12.15314226379,-3.686615401132,-1.8E-02));
#1877 = DIRECTION('',(-0.963776065795,-0.266712757475,0.));
#1878 = DIRECTION('',(-0.266712757475,0.963776065795,0.));
#1879 = DEFINITIONAL_REPRESENTATION('',(#1880),#1884);
#1880 = LINE('',#1881,#1882);
#1881 = CARTESIAN_POINT('',(0.,0.));
#1882 = VECTOR('',#1883,1.);
#1883 = DIRECTION('',(1.,0.));
#1884 = ( GEOMETRIC_REPRESENTATION_CONTEXT(2) 
PARAMETRIC_REPRESENTATION_CONTEXT() REPRESENTATION_CONTEXT('2D SPACE',''
  ) );
#1885 = ORIENTED_EDGE('',*,*,#1886,.T.);
#1886 = EDGE_CURVE('',#1859,#1887,#1889,.T.);
#1887 = VERTEX_POINT('',#1888);
#1888 = CARTESIAN_POINT('',(-12.45597306112,-2.477647089605,-1.8E-02));
#1889 = SURFACE_CURVE('',#1890,(#1894,#1901),.PCURVE_S1.);
#1890 = LINE('',#1891,#1892);
#1891 = CARTESIAN_POINT('',(-12.31939691557,-3.085848284771,-1.8E-02));
#1892 = VECTOR('',#1893,1.);
#1893 = DIRECTION('',(-0.219101240157,0.975702130039,0.));
#1894 = PCURVE('',#126,#1895);
#1895 = DEFINITIONAL_REPRESENTATION('',(#1896),#1900);
#1896 = LINE('',#1897,#1898);
#1897 = CARTESIAN_POINT('',(12.319396915571,-3.085848284771));
#1898 = VECTOR('',#1899,1.);
#1899 = DIRECTION('',(0.219101240157,0.975702130039));
#1900 = ( GEOMETRIC_REPRESENTATION_CONTEXT(2) 
PARAMETRIC_REPRESENTATION_CONTEXT() REPRESENTATION_CONTEXT('2D SPACE',''
  ) );
#1901 = PCURVE('',#1902,#1907);
#1902 = PLANE('',#1903);
#1903 = AXIS2_PLACEMENT_3D('',#1904,#1905,#1906);
#1904 = CARTESIAN_POINT('',(-12.31939691557,-3.085848284771,-1.8E-02));
#1905 = DIRECTION('',(-0.975702130039,-0.219101240157,0.));
#1906 = DIRECTION('',(-0.219101240157,0.975702130039,0.));
#1907 = DEFINITIONAL_REPRESENTATION('',(#1908),#1912);
#1908 = LINE('',#1909,#1910);
#1909 = CARTESIAN_POINT('',(0.,0.));
#1910 = VECTOR('',#1911,1.);
#1911 = DIRECTION('',(1.,0.));
#1912 = ( GEOMETRIC_REPRESENTATION_CONTEXT(2) 
PARAMETRIC_REPRESENTATION_CONTEXT() REPRESENTATION_CONTEXT('2D SPACE',''
  ) );
#1913 = ORIENTED_EDGE('',*,*,#1914,.T.);
#1914 = EDGE_CURVE('',#1887,#1915,#1917,.T.);
#1915 = VERTEX_POINT('',#1916);
#1916 = CARTESIAN_POINT('',(-12.56254167655,-1.863477025583,-1.8E-02));
#1917 = SURFACE_CURVE('',#1918,(#1922,#1929),.PCURVE_S1.);
#1918 = LINE('',#1919,#1920);
#1919 = CARTESIAN_POINT('',(-12.45597306112,-2.477647089605,-1.8E-02));
#1920 = VECTOR('',#1921,1.);
#1921 = DIRECTION('',(-0.17096188876,0.985277642389,0.));
#1922 = PCURVE('',#126,#1923);
#1923 = DEFINITIONAL_REPRESENTATION('',(#1924),#1928);
#1924 = LINE('',#1925,#1926);
#1925 = CARTESIAN_POINT('',(12.455973061121,-2.477647089605));
#1926 = VECTOR('',#1927,1.);
#1927 = DIRECTION('',(0.17096188876,0.985277642389));
#1928 = ( GEOMETRIC_REPRESENTATION_CONTEXT(2) 
PARAMETRIC_REPRESENTATION_CONTEXT() REPRESENTATION_CONTEXT('2D SPACE',''
  ) );
#1929 = PCURVE('',#1930,#1935);
#1930 = PLANE('',#1931);
#1931 = AXIS2_PLACEMENT_3D('',#1932,#1933,#1934);
#1932 = CARTESIAN_POINT('',(-12.45597306112,-2.477647089605,-1.8E-02));
#1933 = DIRECTION('',(-0.985277642389,-0.17096188876,0.));
#1934 = DIRECTION('',(-0.17096188876,0.985277642389,0.));
#1935 = DEFINITIONAL_REPRESENTATION('',(#1936),#1940);
#1936 = LINE('',#1937,#1938);
#1937 = CARTESIAN_POINT('',(0.,0.));
#1938 = VECTOR('',#1939,1.);
#1939 = DIRECTION('',(1.,0.));
#1940 = ( GEOMETRIC_REPRESENTATION_CONTEXT(2) 
PARAMETRIC_REPRESENTATION_CONTEXT() REPRESENTATION_CONTEXT('2D SPACE',''
  ) );
#1941 = ORIENTED_EDGE('',*,*,#1942,.T.);
#1942 = EDGE_CURVE('',#1915,#1943,#1945,.T.);
#1943 = VERTEX_POINT('',#1944);
#1944 = CARTESIAN_POINT('',(-12.63884602873,-1.244817682185,-1.8E-02));
#1945 = SURFACE_CURVE('',#1946,(#1950,#1957),.PCURVE_S1.);
#1946 = LINE('',#1947,#1948);
#1947 = CARTESIAN_POINT('',(-12.56254167655,-1.863477025583,-1.8E-02));
#1948 = VECTOR('',#1949,1.);
#1949 = DIRECTION('',(-0.122410675199,0.992479534599,0.));
#1950 = PCURVE('',#126,#1951);
#1951 = DEFINITIONAL_REPRESENTATION('',(#1952),#1956);
#1952 = LINE('',#1953,#1954);
#1953 = CARTESIAN_POINT('',(12.562541676553,-1.863477025583));
#1954 = VECTOR('',#1955,1.);
#1955 = DIRECTION('',(0.122410675199,0.992479534599));
#1956 = ( GEOMETRIC_REPRESENTATION_CONTEXT(2) 
PARAMETRIC_REPRESENTATION_CONTEXT() REPRESENTATION_CONTEXT('2D SPACE',''
  ) );
#1957 = PCURVE('',#1958,#1963);
#1958 = PLANE('',#1959);
#1959 = AXIS2_PLACEMENT_3D('',#1960,#1961,#1962);
#1960 = CARTESIAN_POINT('',(-12.56254167655,-1.863477025583,-1.8E-02));
#1961 = DIRECTION('',(-0.992479534599,-0.122410675199,0.));
#1962 = DIRECTION('',(-0.122410675199,0.992479534599,0.));
#1963 = DEFINITIONAL_REPRESENTATION('',(#1964),#1968);
#1964 = LINE('',#1965,#1966);
#1965 = CARTESIAN_POINT('',(0.,0.));
#1966 = VECTOR('',#1967,1.);
#1967 = DIRECTION('',(1.,0.));
#1968 = ( GEOMETRIC_REPRESENTATION_CONTEXT(2) 
PARAMETRIC_REPRESENTATION_CONTEXT() REPRESENTATION_CONTEXT('2D SPACE',''
  ) );
#1969 = ORIENTED_EDGE('',*,*,#1970,.T.);
#1970 = EDGE_CURVE('',#1943,#1971,#1973,.T.);
#1971 = VERTEX_POINT('',#1972);
#1972 = CARTESIAN_POINT('',(-12.6847022938,-0.623159463958,-1.8E-02));
#1973 = SURFACE_CURVE('',#1974,(#1978,#1985),.PCURVE_S1.);
#1974 = LINE('',#1975,#1976);
#1975 = CARTESIAN_POINT('',(-12.63884602873,-1.244817682185,-1.8E-02));
#1976 = VECTOR('',#1977,1.);
#1977 = DIRECTION('',(-7.356456359967E-02,0.997290456679,0.));
#1978 = PCURVE('',#126,#1979);
#1979 = DEFINITIONAL_REPRESENTATION('',(#1980),#1984);
#1980 = LINE('',#1981,#1982);
#1981 = CARTESIAN_POINT('',(12.638846028737,-1.244817682185));
#1982 = VECTOR('',#1983,1.);
#1983 = DIRECTION('',(7.356456359967E-02,0.997290456679));
#1984 = ( GEOMETRIC_REPRESENTATION_CONTEXT(2) 
PARAMETRIC_REPRESENTATION_CONTEXT() REPRESENTATION_CONTEXT('2D SPACE',''
  ) );
#1985 = PCURVE('',#1986,#1991);
#1986 = PLANE('',#1987);
#1987 = AXIS2_PLACEMENT_3D('',#1988,#1989,#1990);
#1988 = CARTESIAN_POINT('',(-12.63884602873,-1.244817682185,-1.8E-02));
#1989 = DIRECTION('',(-0.997290456679,-7.356456359967E-02,0.));
#1990 = DIRECTION('',(-7.356456359967E-02,0.997290456679,0.));
#1991 = DEFINITIONAL_REPRESENTATION('',(#1992),#1996);
#1992 = LINE('',#1993,#1994);
#1993 = CARTESIAN_POINT('',(0.,0.));
#1994 = VECTOR('',#1995,1.);
#1995 = DIRECTION('',(1.,0.));
#1996 = ( GEOMETRIC_REPRESENTATION_CONTEXT(2) 
PARAMETRIC_REPRESENTATION_CONTEXT() REPRESENTATION_CONTEXT('2D SPACE',''
  ) );
#1997 = ORIENTED_EDGE('',*,*,#1998,.T.);
#1998 = EDGE_CURVE('',#1971,#1999,#2001,.T.);
#1999 = VERTEX_POINT('',#2000);
#2000 = CARTESIAN_POINT('',(-12.7,0.,-1.8E-02));
#2001 = SURFACE_CURVE('',#2002,(#2006,#2013),.PCURVE_S1.);
#2002 = LINE('',#2003,#2004);
#2003 = CARTESIAN_POINT('',(-12.6847022938,-0.623159463958,-1.8E-02));
#2004 = VECTOR('',#2005,1.);
#2005 = DIRECTION('',(-2.454122852291E-02,0.999698818696,0.));
#2006 = PCURVE('',#126,#2007);
#2007 = DEFINITIONAL_REPRESENTATION('',(#2008),#2012);
#2008 = LINE('',#2009,#2010);
#2009 = CARTESIAN_POINT('',(12.684702293806,-0.623159463958));
#2010 = VECTOR('',#2011,1.);
#2011 = DIRECTION('',(2.454122852291E-02,0.999698818696));
#2012 = ( GEOMETRIC_REPRESENTATION_CONTEXT(2) 
PARAMETRIC_REPRESENTATION_CONTEXT() REPRESENTATION_CONTEXT('2D SPACE',''
  ) );
#2013 = PCURVE('',#2014,#2019);
#2014 = PLANE('',#2015);
#2015 = AXIS2_PLACEMENT_3D('',#2016,#2017,#2018);
#2016 = CARTESIAN_POINT('',(-12.6847022938,-0.623159463958,-1.8E-02));
#2017 = DIRECTION('',(-0.999698818696,-2.454122852291E-02,0.));
#2018 = DIRECTION('',(-2.454122852291E-02,0.999698818696,0.));
#2019 = DEFINITIONAL_REPRESENTATION('',(#2020),#2024);
#2020 = LINE('',#2021,#2022);
#2021 = CARTESIAN_POINT('',(0.,0.));
#2022 = VECTOR('',#2023,1.);
#2023 = DIRECTION('',(1.,0.));
#2024 = ( GEOMETRIC_REPRESENTATION_CONTEXT(2) 
PARAMETRIC_REPRESENTATION_CONTEXT() REPRESENTATION_CONTEXT('2D SPACE',''
  ) );
#2025 = ORIENTED_EDGE('',*,*,#2026,.T.);
#2026 = EDGE_CURVE('',#1999,#2027,#2029,.T.);
#2027 = VERTEX_POINT('',#2028);
#2028 = CARTESIAN_POINT('',(-12.6847022938,0.623159463958,-1.8E-02));
#2029 = SURFACE_CURVE('',#2030,(#2034,#2041),.PCURVE_S1.);
#2030 = LINE('',#2031,#2032);
#2031 = CARTESIAN_POINT('',(-12.7,0.,-1.8E-02));
#2032 = VECTOR('',#2033,1.);
#2033 = DIRECTION('',(2.454122852291E-02,0.999698818696,0.));
#2034 = PCURVE('',#126,#2035);
#2035 = DEFINITIONAL_REPRESENTATION('',(#2036),#2040);
#2036 = LINE('',#2037,#2038);
#2037 = CARTESIAN_POINT('',(12.7,-1.564108885543E-15));
#2038 = VECTOR('',#2039,1.);
#2039 = DIRECTION('',(-2.454122852291E-02,0.999698818696));
#2040 = ( GEOMETRIC_REPRESENTATION_CONTEXT(2) 
PARAMETRIC_REPRESENTATION_CONTEXT() REPRESENTATION_CONTEXT('2D SPACE',''
  ) );
#2041 = PCURVE('',#2042,#2047);
#2042 = PLANE('',#2043);
#2043 = AXIS2_PLACEMENT_3D('',#2044,#2045,#2046);
#2044 = CARTESIAN_POINT('',(-12.7,0.,-1.8E-02));
#2045 = DIRECTION('',(-0.999698818696,2.454122852291E-02,0.));
#2046 = DIRECTION('',(2.454122852291E-02,0.999698818696,0.));
#2047 = DEFINITIONAL_REPRESENTATION('',(#2048),#2052);
#2048 = LINE('',#2049,#2050);
#2049 = CARTESIAN_POINT('',(0.,0.));
#2050 = VECTOR('',#2051,1.);
#2051 = DIRECTION('',(1.,0.));
#2052 = ( GEOMETRIC_REPRESENTATION_CONTEXT(2) 
PARAMETRIC_REPRESENTATION_CONTEXT() REPRESENTATION_CONTEXT('2D SPACE',''
  ) );
#2053 = ORIENTED_EDGE('',*,*,#2054,.T.);
#2054 = EDGE_CURVE('',#2027,#2055,#2057,.T.);
#2055 = VERTEX_POINT('',#2056);
#2056 = CARTESIAN_POINT('',(-12.63884602873,1.244817682185,-1.8E-02));
#2057 = SURFACE_CURVE('',#2058,(#2062,#2069),.PCURVE_S1.);
#2058 = LINE('',#2059,#2060);
#2059 = CARTESIAN_POINT('',(-12.6847022938,0.623159463958,-1.8E-02));
#2060 = VECTOR('',#2061,1.);
#2061 = DIRECTION('',(7.356456359967E-02,0.997290456679,0.));
#2062 = PCURVE('',#126,#2063);
#2063 = DEFINITIONAL_REPRESENTATION('',(#2064),#2068);
#2064 = LINE('',#2065,#2066);
#2065 = CARTESIAN_POINT('',(12.684702293806,0.623159463958));
#2066 = VECTOR('',#2067,1.);
#2067 = DIRECTION('',(-7.356456359967E-02,0.997290456679));
#2068 = ( GEOMETRIC_REPRESENTATION_CONTEXT(2) 
PARAMETRIC_REPRESENTATION_CONTEXT() REPRESENTATION_CONTEXT('2D SPACE',''
  ) );
#2069 = PCURVE('',#2070,#2075);
#2070 = PLANE('',#2071);
#2071 = AXIS2_PLACEMENT_3D('',#2072,#2073,#2074);
#2072 = CARTESIAN_POINT('',(-12.6847022938,0.623159463958,-1.8E-02));
#2073 = DIRECTION('',(-0.997290456679,7.356456359967E-02,0.));
#2074 = DIRECTION('',(7.356456359967E-02,0.997290456679,0.));
#2075 = DEFINITIONAL_REPRESENTATION('',(#2076),#2080);
#2076 = LINE('',#2077,#2078);
#2077 = CARTESIAN_POINT('',(0.,0.));
#2078 = VECTOR('',#2079,1.);
#2079 = DIRECTION('',(1.,0.));
#2080 = ( GEOMETRIC_REPRESENTATION_CONTEXT(2) 
PARAMETRIC_REPRESENTATION_CONTEXT() REPRESENTATION_CONTEXT('2D SPACE',''
  ) );
#2081 = ORIENTED_EDGE('',*,*,#2082,.T.);
#2082 = EDGE_CURVE('',#2055,#2083,#2085,.T.);
#2083 = VERTEX_POINT('',#2084);
#2084 = CARTESIAN_POINT('',(-12.56254167655,1.863477025583,-1.8E-02));
#2085 = SURFACE_CURVE('',#2086,(#2090,#2097),.PCURVE_S1.);
#2086 = LINE('',#2087,#2088);
#2087 = CARTESIAN_POINT('',(-12.63884602873,1.244817682185,-1.8E-02));
#2088 = VECTOR('',#2089,1.);
#2089 = DIRECTION('',(0.122410675199,0.992479534599,0.));
#2090 = PCURVE('',#126,#2091);
#2091 = DEFINITIONAL_REPRESENTATION('',(#2092),#2096);
#2092 = LINE('',#2093,#2094);
#2093 = CARTESIAN_POINT('',(12.638846028737,1.244817682185));
#2094 = VECTOR('',#2095,1.);
#2095 = DIRECTION('',(-0.122410675199,0.992479534599));
#2096 = ( GEOMETRIC_REPRESENTATION_CONTEXT(2) 
PARAMETRIC_REPRESENTATION_CONTEXT() REPRESENTATION_CONTEXT('2D SPACE',''
  ) );
#2097 = PCURVE('',#2098,#2103);
#2098 = PLANE('',#2099);
#2099 = AXIS2_PLACEMENT_3D('',#2100,#2101,#2102);
#2100 = CARTESIAN_POINT('',(-12.63884602873,1.244817682185,-1.8E-02));
#2101 = DIRECTION('',(-0.992479534599,0.122410675199,0.));
#2102 = DIRECTION('',(0.122410675199,0.992479534599,0.));
#2103 = DEFINITIONAL_REPRESENTATION('',(#2104),#2108);
#2104 = LINE('',#2105,#2106);
#2105 = CARTESIAN_POINT('',(0.,0.));
#2106 = VECTOR('',#2107,1.);
#2107 = DIRECTION('',(1.,0.));
#2108 = ( GEOMETRIC_REPRESENTATION_CONTEXT(2) 
PARAMETRIC_REPRESENTATION_CONTEXT() REPRESENTATION_CONTEXT('2D SPACE',''
  ) );
#2109 = ORIENTED_EDGE('',*,*,#2110,.T.);
#2110 = EDGE_CURVE('',#2083,#2111,#2113,.T.);
#2111 = VERTEX_POINT('',#2112);
#2112 = CARTESIAN_POINT('',(-12.45597306112,2.477647089605,-1.8E-02));
#2113 = SURFACE_CURVE('',#2114,(#2118,#2125),.PCURVE_S1.);
#2114 = LINE('',#2115,#2116);
#2115 = CARTESIAN_POINT('',(-12.56254167655,1.863477025583,-1.8E-02));
#2116 = VECTOR('',#2117,1.);
#2117 = DIRECTION('',(0.17096188876,0.985277642389,0.));
#2118 = PCURVE('',#126,#2119);
#2119 = DEFINITIONAL_REPRESENTATION('',(#2120),#2124);
#2120 = LINE('',#2121,#2122);
#2121 = CARTESIAN_POINT('',(12.562541676553,1.863477025583));
#2122 = VECTOR('',#2123,1.);
#2123 = DIRECTION('',(-0.17096188876,0.985277642389));
#2124 = ( GEOMETRIC_REPRESENTATION_CONTEXT(2) 
PARAMETRIC_REPRESENTATION_CONTEXT() REPRESENTATION_CONTEXT('2D SPACE',''
  ) );
#2125 = PCURVE('',#2126,#2131);
#2126 = PLANE('',#2127);
#2127 = AXIS2_PLACEMENT_3D('',#2128,#2129,#2130);
#2128 = CARTESIAN_POINT('',(-12.56254167655,1.863477025583,-1.8E-02));
#2129 = DIRECTION('',(-0.985277642389,0.17096188876,0.));
#2130 = DIRECTION('',(0.17096188876,0.985277642389,0.));
#2131 = DEFINITIONAL_REPRESENTATION('',(#2132),#2136);
#2132 = LINE('',#2133,#2134);
#2133 = CARTESIAN_POINT('',(0.,0.));
#2134 = VECTOR('',#2135,1.);
#2135 = DIRECTION('',(1.,0.));
#2136 = ( GEOMETRIC_REPRESENTATION_CONTEXT(2) 
PARAMETRIC_REPRESENTATION_CONTEXT() REPRESENTATION_CONTEXT('2D SPACE',''
  ) );
#2137 = ORIENTED_EDGE('',*,*,#2138,.T.);
#2138 = EDGE_CURVE('',#2111,#2139,#2141,.T.);
#2139 = VERTEX_POINT('',#2140);
#2140 = CARTESIAN_POINT('',(-12.31939691557,3.085848284771,-1.8E-02));
#2141 = SURFACE_CURVE('',#2142,(#2146,#2153),.PCURVE_S1.);
#2142 = LINE('',#2143,#2144);
#2143 = CARTESIAN_POINT('',(-12.45597306112,2.477647089605,-1.8E-02));
#2144 = VECTOR('',#2145,1.);
#2145 = DIRECTION('',(0.219101240157,0.975702130039,0.));
#2146 = PCURVE('',#126,#2147);
#2147 = DEFINITIONAL_REPRESENTATION('',(#2148),#2152);
#2148 = LINE('',#2149,#2150);
#2149 = CARTESIAN_POINT('',(12.455973061121,2.477647089605));
#2150 = VECTOR('',#2151,1.);
#2151 = DIRECTION('',(-0.219101240157,0.975702130039));
#2152 = ( GEOMETRIC_REPRESENTATION_CONTEXT(2) 
PARAMETRIC_REPRESENTATION_CONTEXT() REPRESENTATION_CONTEXT('2D SPACE',''
  ) );
#2153 = PCURVE('',#2154,#2159);
#2154 = PLANE('',#2155);
#2155 = AXIS2_PLACEMENT_3D('',#2156,#2157,#2158);
#2156 = CARTESIAN_POINT('',(-12.45597306112,2.477647089605,-1.8E-02));
#2157 = DIRECTION('',(-0.975702130039,0.219101240157,0.));
#2158 = DIRECTION('',(0.219101240157,0.975702130039,0.));
#2159 = DEFINITIONAL_REPRESENTATION('',(#2160),#2164);
#2160 = LINE('',#2161,#2162);
#2161 = CARTESIAN_POINT('',(0.,0.));
#2162 = VECTOR('',#2163,1.);
#2163 = DIRECTION('',(1.,0.));
#2164 = ( GEOMETRIC_REPRESENTATION_CONTEXT(2) 
PARAMETRIC_REPRESENTATION_CONTEXT() REPRESENTATION_CONTEXT('2D SPACE',''
  ) );
#2165 = ORIENTED_EDGE('',*,*,#2166,.T.);
#2166 = EDGE_CURVE('',#2139,#2167,#2169,.T.);
#2167 = VERTEX_POINT('',#2168);
#2168 = CARTESIAN_POINT('',(-12.15314226379,3.686615401132,-1.8E-02));
#2169 = SURFACE_CURVE('',#2170,(#2174,#2181),.PCURVE_S1.);
#2170 = LINE('',#2171,#2172);
#2171 = CARTESIAN_POINT('',(-12.31939691557,3.085848284771,-1.8E-02));
#2172 = VECTOR('',#2173,1.);
#2173 = DIRECTION('',(0.266712757475,0.963776065795,0.));
#2174 = PCURVE('',#126,#2175);
#2175 = DEFINITIONAL_REPRESENTATION('',(#2176),#2180);
#2176 = LINE('',#2177,#2178);
#2177 = CARTESIAN_POINT('',(12.319396915571,3.085848284771));
#2178 = VECTOR('',#2179,1.);
#2179 = DIRECTION('',(-0.266712757475,0.963776065795));
#2180 = ( GEOMETRIC_REPRESENTATION_CONTEXT(2) 
PARAMETRIC_REPRESENTATION_CONTEXT() REPRESENTATION_CONTEXT('2D SPACE',''
  ) );
#2181 = PCURVE('',#2182,#2187);
#2182 = PLANE('',#2183);
#2183 = AXIS2_PLACEMENT_3D('',#2184,#2185,#2186);
#2184 = CARTESIAN_POINT('',(-12.31939691557,3.085848284771,-1.8E-02));
#2185 = DIRECTION('',(-0.963776065795,0.266712757475,0.));
#2186 = DIRECTION('',(0.266712757475,0.963776065795,0.));
#2187 = DEFINITIONAL_REPRESENTATION('',(#2188),#2192);
#2188 = LINE('',#2189,#2190);
#2189 = CARTESIAN_POINT('',(0.,0.));
#2190 = VECTOR('',#2191,1.);
#2191 = DIRECTION('',(1.,0.));
#2192 = ( GEOMETRIC_REPRESENTATION_CONTEXT(2) 
PARAMETRIC_REPRESENTATION_CONTEXT() REPRESENTATION_CONTEXT('2D SPACE',''
  ) );
#2193 = ORIENTED_EDGE('',*,*,#2194,.T.);
#2194 = EDGE_CURVE('',#2167,#2195,#2197,.T.);
#2195 = VERTEX_POINT('',#2196);
#2196 = CARTESIAN_POINT('',(-11.95760962782,4.278501138081,-1.8E-02));
#2197 = SURFACE_CURVE('',#2198,(#2202,#2209),.PCURVE_S1.);
#2198 = LINE('',#2199,#2200);
#2199 = CARTESIAN_POINT('',(-12.15314226379,3.686615401132,-1.8E-02));
#2200 = VECTOR('',#2201,1.);
#2201 = DIRECTION('',(0.313681740399,0.949528180593,0.));
#2202 = PCURVE('',#126,#2203);
#2203 = DEFINITIONAL_REPRESENTATION('',(#2204),#2208);
#2204 = LINE('',#2205,#2206);
#2205 = CARTESIAN_POINT('',(12.153142263799,3.686615401132));
#2206 = VECTOR('',#2207,1.);
#2207 = DIRECTION('',(-0.313681740399,0.949528180593));
#2208 = ( GEOMETRIC_REPRESENTATION_CONTEXT(2) 
PARAMETRIC_REPRESENTATION_CONTEXT() REPRESENTATION_CONTEXT('2D SPACE',''
  ) );
#2209 = PCURVE('',#2210,#2215);
#2210 = PLANE('',#2211);
#2211 = AXIS2_PLACEMENT_3D('',#2212,#2213,#2214);
#2212 = CARTESIAN_POINT('',(-12.15314226379,3.686615401132,-1.8E-02));
#2213 = DIRECTION('',(-0.949528180593,0.313681740399,0.));
#2214 = DIRECTION('',(0.313681740399,0.949528180593,0.));
#2215 = DEFINITIONAL_REPRESENTATION('',(#2216),#2220);
#2216 = LINE('',#2217,#2218);
#2217 = CARTESIAN_POINT('',(0.,0.));
#2218 = VECTOR('',#2219,1.);
#2219 = DIRECTION('',(1.,0.));
#2220 = ( GEOMETRIC_REPRESENTATION_CONTEXT(2) 
PARAMETRIC_REPRESENTATION_CONTEXT() REPRESENTATION_CONTEXT('2D SPACE',''
  ) );
#2221 = ORIENTED_EDGE('',*,*,#2222,.T.);
#2222 = EDGE_CURVE('',#2195,#2223,#2225,.T.);
#2223 = VERTEX_POINT('',#2224);
#2224 = CARTESIAN_POINT('',(-11.73327006289,4.860079591037,-1.8E-02));
#2225 = SURFACE_CURVE('',#2226,(#2230,#2237),.PCURVE_S1.);
#2226 = LINE('',#2227,#2228);
#2227 = CARTESIAN_POINT('',(-11.95760962782,4.278501138081,-1.8E-02));
#2228 = VECTOR('',#2229,1.);
#2229 = DIRECTION('',(0.359895036535,0.932992798835,0.));
#2230 = PCURVE('',#126,#2231);
#2231 = DEFINITIONAL_REPRESENTATION('',(#2232),#2236);
#2232 = LINE('',#2233,#2234);
#2233 = CARTESIAN_POINT('',(11.957609627824,4.278501138081));
#2234 = VECTOR('',#2235,1.);
#2235 = DIRECTION('',(-0.359895036535,0.932992798835));
#2236 = ( GEOMETRIC_REPRESENTATION_CONTEXT(2) 
PARAMETRIC_REPRESENTATION_CONTEXT() REPRESENTATION_CONTEXT('2D SPACE',''
  ) );
#2237 = PCURVE('',#2238,#2243);
#2238 = PLANE('',#2239);
#2239 = AXIS2_PLACEMENT_3D('',#2240,#2241,#2242);
#2240 = CARTESIAN_POINT('',(-11.95760962782,4.278501138081,-1.8E-02));
#2241 = DIRECTION('',(-0.932992798835,0.359895036535,0.));
#2242 = DIRECTION('',(0.359895036535,0.932992798835,0.));
#2243 = DEFINITIONAL_REPRESENTATION('',(#2244),#2248);
#2244 = LINE('',#2245,#2246);
#2245 = CARTESIAN_POINT('',(0.,0.));
#2246 = VECTOR('',#2247,1.);
#2247 = DIRECTION('',(1.,0.));
#2248 = ( GEOMETRIC_REPRESENTATION_CONTEXT(2) 
PARAMETRIC_REPRESENTATION_CONTEXT() REPRESENTATION_CONTEXT('2D SPACE',''
  ) );
#2249 = ORIENTED_EDGE('',*,*,#2250,.T.);
#2250 = EDGE_CURVE('',#2223,#2251,#2253,.T.);
#2251 = VERTEX_POINT('',#2252);
#2252 = CARTESIAN_POINT('',(-11.48066402266,5.429949686565,-1.8E-02));
#2253 = SURFACE_CURVE('',#2254,(#2258,#2265),.PCURVE_S1.);
#2254 = LINE('',#2255,#2256);
#2255 = CARTESIAN_POINT('',(-11.73327006289,4.860079591037,-1.8E-02));
#2256 = VECTOR('',#2257,1.);
#2257 = DIRECTION('',(0.405241314005,0.914209755704,0.));
#2258 = PCURVE('',#126,#2259);
#2259 = DEFINITIONAL_REPRESENTATION('',(#2260),#2264);
#2260 = LINE('',#2261,#2262);
#2261 = CARTESIAN_POINT('',(11.733270062893,4.860079591037));
#2262 = VECTOR('',#2263,1.);
#2263 = DIRECTION('',(-0.405241314005,0.914209755704));
#2264 = ( GEOMETRIC_REPRESENTATION_CONTEXT(2) 
PARAMETRIC_REPRESENTATION_CONTEXT() REPRESENTATION_CONTEXT('2D SPACE',''
  ) );
#2265 = PCURVE('',#2266,#2271);
#2266 = PLANE('',#2267);
#2267 = AXIS2_PLACEMENT_3D('',#2268,#2269,#2270);
#2268 = CARTESIAN_POINT('',(-11.73327006289,4.860079591037,-1.8E-02));
#2269 = DIRECTION('',(-0.914209755704,0.405241314005,0.));
#2270 = DIRECTION('',(0.405241314005,0.914209755704,0.));
#2271 = DEFINITIONAL_REPRESENTATION('',(#2272),#2276);
#2272 = LINE('',#2273,#2274);
#2273 = CARTESIAN_POINT('',(0.,0.));
#2274 = VECTOR('',#2275,1.);
#2275 = DIRECTION('',(1.,0.));
#2276 = ( GEOMETRIC_REPRESENTATION_CONTEXT(2) 
PARAMETRIC_REPRESENTATION_CONTEXT() REPRESENTATION_CONTEXT('2D SPACE',''
  ) );
#2277 = ORIENTED_EDGE('',*,*,#2278,.T.);
#2278 = EDGE_CURVE('',#2251,#2279,#2281,.T.);
#2279 = VERTEX_POINT('',#2280);
#2280 = CARTESIAN_POINT('',(-11.20040005722,5.98673855769,-1.8E-02));
#2281 = SURFACE_CURVE('',#2282,(#2286,#2293),.PCURVE_S1.);
#2282 = LINE('',#2283,#2284);
#2283 = CARTESIAN_POINT('',(-11.48066402266,5.429949686565,-1.8E-02));
#2284 = VECTOR('',#2285,1.);
#2285 = DIRECTION('',(0.449611329655,0.893224301196,0.));
#2286 = PCURVE('',#126,#2287);
#2287 = DEFINITIONAL_REPRESENTATION('',(#2288),#2292);
#2288 = LINE('',#2289,#2290);
#2289 = CARTESIAN_POINT('',(11.480664022668,5.429949686565));
#2290 = VECTOR('',#2291,1.);
#2291 = DIRECTION('',(-0.449611329655,0.893224301196));
#2292 = ( GEOMETRIC_REPRESENTATION_CONTEXT(2) 
PARAMETRIC_REPRESENTATION_CONTEXT() REPRESENTATION_CONTEXT('2D SPACE',''
  ) );
#2293 = PCURVE('',#2294,#2299);
#2294 = PLANE('',#2295);
#2295 = AXIS2_PLACEMENT_3D('',#2296,#2297,#2298);
#2296 = CARTESIAN_POINT('',(-11.48066402266,5.429949686565,-1.8E-02));
#2297 = DIRECTION('',(-0.893224301196,0.449611329655,0.));
#2298 = DIRECTION('',(0.449611329655,0.893224301196,0.));
#2299 = DEFINITIONAL_REPRESENTATION('',(#2300),#2304);
#2300 = LINE('',#2301,#2302);
#2301 = CARTESIAN_POINT('',(0.,0.));
#2302 = VECTOR('',#2303,1.);
#2303 = DIRECTION('',(1.,0.));
#2304 = ( GEOMETRIC_REPRESENTATION_CONTEXT(2) 
PARAMETRIC_REPRESENTATION_CONTEXT() REPRESENTATION_CONTEXT('2D SPACE',''
  ) );
#2305 = ORIENTED_EDGE('',*,*,#2306,.T.);
#2306 = EDGE_CURVE('',#2279,#2307,#2309,.T.);
#2307 = VERTEX_POINT('',#2308);
#2308 = CARTESIAN_POINT('',(-10.893153347,6.529104851254,-1.8E-02));
#2309 = SURFACE_CURVE('',#2310,(#2314,#2321),.PCURVE_S1.);
#2310 = LINE('',#2311,#2312);
#2311 = CARTESIAN_POINT('',(-11.20040005722,5.98673855769,-1.8E-02));
#2312 = VECTOR('',#2313,1.);
#2313 = DIRECTION('',(0.49289819223,0.870086991109,0.));
#2314 = PCURVE('',#126,#2315);
#2315 = DEFINITIONAL_REPRESENTATION('',(#2316),#2320);
#2316 = LINE('',#2317,#2318);
#2317 = CARTESIAN_POINT('',(11.200400057224,5.98673855769));
#2318 = VECTOR('',#2319,1.);
#2319 = DIRECTION('',(-0.49289819223,0.870086991109));
#2320 = ( GEOMETRIC_REPRESENTATION_CONTEXT(2) 
PARAMETRIC_REPRESENTATION_CONTEXT() REPRESENTATION_CONTEXT('2D SPACE',''
  ) );
#2321 = PCURVE('',#2322,#2327);
#2322 = PLANE('',#2323);
#2323 = AXIS2_PLACEMENT_3D('',#2324,#2325,#2326);
#2324 = CARTESIAN_POINT('',(-11.20040005722,5.98673855769,-1.8E-02));
#2325 = DIRECTION('',(-0.870086991109,0.49289819223,0.));
#2326 = DIRECTION('',(0.49289819223,0.870086991109,0.));
#2327 = DEFINITIONAL_REPRESENTATION('',(#2328),#2332);
#2328 = LINE('',#2329,#2330);
#2329 = CARTESIAN_POINT('',(0.,0.));
#2330 = VECTOR('',#2331,1.);
#2331 = DIRECTION('',(1.,0.));
#2332 = ( GEOMETRIC_REPRESENTATION_CONTEXT(2) 
PARAMETRIC_REPRESENTATION_CONTEXT() REPRESENTATION_CONTEXT('2D SPACE',''
  ) );
#2333 = ORIENTED_EDGE('',*,*,#2334,.T.);
#2334 = EDGE_CURVE('',#2307,#2335,#2337,.T.);
#2335 = VERTEX_POINT('',#2336);
#2336 = CARTESIAN_POINT('',(-10.55966407624,7.055741959349,-1.8E-02));
#2337 = SURFACE_CURVE('',#2338,(#2342,#2349),.PCURVE_S1.);
#2338 = LINE('',#2339,#2340);
#2339 = CARTESIAN_POINT('',(-10.893153347,6.529104851254,-1.8E-02));
#2340 = VECTOR('',#2341,1.);
#2341 = DIRECTION('',(0.534997619887,0.84485356525,0.));
#2342 = PCURVE('',#126,#2343);
#2343 = DEFINITIONAL_REPRESENTATION('',(#2344),#2348);
#2344 = LINE('',#2345,#2346);
#2345 = CARTESIAN_POINT('',(10.893153347003,6.529104851254));
#2346 = VECTOR('',#2347,1.);
#2347 = DIRECTION('',(-0.534997619887,0.84485356525));
#2348 = ( GEOMETRIC_REPRESENTATION_CONTEXT(2) 
PARAMETRIC_REPRESENTATION_CONTEXT() REPRESENTATION_CONTEXT('2D SPACE',''
  ) );
#2349 = PCURVE('',#2350,#2355);
#2350 = PLANE('',#2351);
#2351 = AXIS2_PLACEMENT_3D('',#2352,#2353,#2354);
#2352 = CARTESIAN_POINT('',(-10.893153347,6.529104851254,-1.8E-02));
#2353 = DIRECTION('',(-0.84485356525,0.534997619887,0.));
#2354 = DIRECTION('',(0.534997619887,0.84485356525,0.));
#2355 = DEFINITIONAL_REPRESENTATION('',(#2356),#2360);
#2356 = LINE('',#2357,#2358);
#2357 = CARTESIAN_POINT('',(0.,0.));
#2358 = VECTOR('',#2359,1.);
#2359 = DIRECTION('',(1.,0.));
#2360 = ( GEOMETRIC_REPRESENTATION_CONTEXT(2) 
PARAMETRIC_REPRESENTATION_CONTEXT() REPRESENTATION_CONTEXT('2D SPACE',''
  ) );
#2361 = ORIENTED_EDGE('',*,*,#2362,.T.);
#2362 = EDGE_CURVE('',#2335,#2363,#2365,.T.);
#2363 = VERTEX_POINT('',#2364);
#2364 = CARTESIAN_POINT('',(-10.2007356498,7.565381167054,-1.8E-02));
#2365 = SURFACE_CURVE('',#2366,(#2370,#2377),.PCURVE_S1.);
#2366 = LINE('',#2367,#2368);
#2367 = CARTESIAN_POINT('',(-10.55966407624,7.055741959349,-1.8E-02));
#2368 = VECTOR('',#2369,1.);
#2369 = DIRECTION('',(0.575808191418,0.817584813152,0.));
#2370 = PCURVE('',#126,#2371);
#2371 = DEFINITIONAL_REPRESENTATION('',(#2372),#2376);
#2372 = LINE('',#2373,#2374);
#2373 = CARTESIAN_POINT('',(10.559664076242,7.055741959349));
#2374 = VECTOR('',#2375,1.);
#2375 = DIRECTION('',(-0.575808191418,0.817584813152));
#2376 = ( GEOMETRIC_REPRESENTATION_CONTEXT(2) 
PARAMETRIC_REPRESENTATION_CONTEXT() REPRESENTATION_CONTEXT('2D SPACE',''
  ) );
#2377 = PCURVE('',#2378,#2383);
#2378 = PLANE('',#2379);
#2379 = AXIS2_PLACEMENT_3D('',#2380,#2381,#2382);
#2380 = CARTESIAN_POINT('',(-10.55966407624,7.055741959349,-1.8E-02));
#2381 = DIRECTION('',(-0.817584813152,0.575808191418,0.));
#2382 = DIRECTION('',(0.575808191418,0.817584813152,0.));
#2383 = DEFINITIONAL_REPRESENTATION('',(#2384),#2388);
#2384 = LINE('',#2385,#2386);
#2385 = CARTESIAN_POINT('',(0.,0.));
#2386 = VECTOR('',#2387,1.);
#2387 = DIRECTION('',(1.,0.));
#2388 = ( GEOMETRIC_REPRESENTATION_CONTEXT(2) 
PARAMETRIC_REPRESENTATION_CONTEXT() REPRESENTATION_CONTEXT('2D SPACE',''
  ) );
#2389 = ORIENTED_EDGE('',*,*,#2390,.T.);
#2390 = EDGE_CURVE('',#2363,#2391,#2393,.T.);
#2391 = VERTEX_POINT('',#2392);
#2392 = CARTESIAN_POINT('',(-9.817232757707,8.056794708878,-1.8E-02));
#2393 = SURFACE_CURVE('',#2394,(#2398,#2405),.PCURVE_S1.);
#2394 = LINE('',#2395,#2396);
#2395 = CARTESIAN_POINT('',(-10.2007356498,7.565381167054,-1.8E-02));
#2396 = VECTOR('',#2397,1.);
#2397 = DIRECTION('',(0.615231590581,0.788346427627,0.));
#2398 = PCURVE('',#126,#2399);
#2399 = DEFINITIONAL_REPRESENTATION('',(#2400),#2404);
#2400 = LINE('',#2401,#2402);
#2401 = CARTESIAN_POINT('',(10.200735649804,7.565381167054));
#2402 = VECTOR('',#2403,1.);
#2403 = DIRECTION('',(-0.615231590581,0.788346427627));
#2404 = ( GEOMETRIC_REPRESENTATION_CONTEXT(2) 
PARAMETRIC_REPRESENTATION_CONTEXT() REPRESENTATION_CONTEXT('2D SPACE',''
  ) );
#2405 = PCURVE('',#2406,#2411);
#2406 = PLANE('',#2407);
#2407 = AXIS2_PLACEMENT_3D('',#2408,#2409,#2410);
#2408 = CARTESIAN_POINT('',(-10.2007356498,7.565381167054,-1.8E-02));
#2409 = DIRECTION('',(-0.788346427627,0.615231590581,0.));
#2410 = DIRECTION('',(0.615231590581,0.788346427627,0.));
#2411 = DEFINITIONAL_REPRESENTATION('',(#2412),#2416);
#2412 = LINE('',#2413,#2414);
#2413 = CARTESIAN_POINT('',(0.,0.));
#2414 = VECTOR('',#2415,1.);
#2415 = DIRECTION('',(1.,0.));
#2416 = ( GEOMETRIC_REPRESENTATION_CONTEXT(2) 
PARAMETRIC_REPRESENTATION_CONTEXT() REPRESENTATION_CONTEXT('2D SPACE',''
  ) );
#2417 = ORIENTED_EDGE('',*,*,#2418,.T.);
#2418 = EDGE_CURVE('',#2391,#2419,#2421,.T.);
#2419 = VERTEX_POINT('',#2420);
#2420 = CARTESIAN_POINT('',(-9.410079292008,8.528798726557,-1.8E-02));
#2421 = SURFACE_CURVE('',#2422,(#2426,#2433),.PCURVE_S1.);
#2422 = LINE('',#2423,#2424);
#2423 = CARTESIAN_POINT('',(-9.817232757707,8.056794708878,-1.8E-02));
#2424 = VECTOR('',#2425,1.);
#2425 = DIRECTION('',(0.653172842954,0.757208846506,0.));
#2426 = PCURVE('',#126,#2427);
#2427 = DEFINITIONAL_REPRESENTATION('',(#2428),#2432);
#2428 = LINE('',#2429,#2430);
#2429 = CARTESIAN_POINT('',(9.817232757707,8.056794708878));
#2430 = VECTOR('',#2431,1.);
#2431 = DIRECTION('',(-0.653172842954,0.757208846506));
#2432 = ( GEOMETRIC_REPRESENTATION_CONTEXT(2) 
PARAMETRIC_REPRESENTATION_CONTEXT() REPRESENTATION_CONTEXT('2D SPACE',''
  ) );
#2433 = PCURVE('',#2434,#2439);
#2434 = PLANE('',#2435);
#2435 = AXIS2_PLACEMENT_3D('',#2436,#2437,#2438);
#2436 = CARTESIAN_POINT('',(-9.817232757707,8.056794708878,-1.8E-02));
#2437 = DIRECTION('',(-0.757208846506,0.653172842954,0.));
#2438 = DIRECTION('',(0.653172842954,0.757208846506,0.));
#2439 = DEFINITIONAL_REPRESENTATION('',(#2440),#2444);
#2440 = LINE('',#2441,#2442);
#2441 = CARTESIAN_POINT('',(0.,0.));
#2442 = VECTOR('',#2443,1.);
#2443 = DIRECTION('',(1.,0.));
#2444 = ( GEOMETRIC_REPRESENTATION_CONTEXT(2) 
PARAMETRIC_REPRESENTATION_CONTEXT() REPRESENTATION_CONTEXT('2D SPACE',''
  ) );
#2445 = ORIENTED_EDGE('',*,*,#2446,.T.);
#2446 = EDGE_CURVE('',#2419,#2447,#2449,.T.);
#2447 = VERTEX_POINT('',#2448);
#2448 = CARTESIAN_POINT('',(-8.980256121069,8.980256121069,-1.8E-02));
#2449 = SURFACE_CURVE('',#2450,(#2454,#2461),.PCURVE_S1.);
#2450 = LINE('',#2451,#2452);
#2451 = CARTESIAN_POINT('',(-9.410079292008,8.528798726557,-1.8E-02));
#2452 = VECTOR('',#2453,1.);
#2453 = DIRECTION('',(0.689540544737,0.724247082951,0.));
#2454 = PCURVE('',#126,#2455);
#2455 = DEFINITIONAL_REPRESENTATION('',(#2456),#2460);
#2456 = LINE('',#2457,#2458);
#2457 = CARTESIAN_POINT('',(9.410079292008,8.528798726557));
#2458 = VECTOR('',#2459,1.);
#2459 = DIRECTION('',(-0.689540544737,0.724247082951));
#2460 = ( GEOMETRIC_REPRESENTATION_CONTEXT(2) 
PARAMETRIC_REPRESENTATION_CONTEXT() REPRESENTATION_CONTEXT('2D SPACE',''
  ) );
#2461 = PCURVE('',#2462,#2467);
#2462 = PLANE('',#2463);
#2463 = AXIS2_PLACEMENT_3D('',#2464,#2465,#2466);
#2464 = CARTESIAN_POINT('',(-9.410079292008,8.528798726557,-1.8E-02));
#2465 = DIRECTION('',(-0.724247082951,0.689540544737,0.));
#2466 = DIRECTION('',(0.689540544737,0.724247082951,0.));
#2467 = DEFINITIONAL_REPRESENTATION('',(#2468),#2472);
#2468 = LINE('',#2469,#2470);
#2469 = CARTESIAN_POINT('',(0.,0.));
#2470 = VECTOR('',#2471,1.);
#2471 = DIRECTION('',(1.,0.));
#2472 = ( GEOMETRIC_REPRESENTATION_CONTEXT(2) 
PARAMETRIC_REPRESENTATION_CONTEXT() REPRESENTATION_CONTEXT('2D SPACE',''
  ) );
#2473 = ORIENTED_EDGE('',*,*,#2474,.T.);
#2474 = EDGE_CURVE('',#2447,#2475,#2477,.T.);
#2475 = VERTEX_POINT('',#2476);
#2476 = CARTESIAN_POINT('',(-8.528798726557,9.410079292008,-1.8E-02));
#2477 = SURFACE_CURVE('',#2478,(#2482,#2489),.PCURVE_S1.);
#2478 = LINE('',#2479,#2480);
#2479 = CARTESIAN_POINT('',(-8.980256121069,8.980256121069,-1.8E-02));
#2480 = VECTOR('',#2481,1.);
#2481 = DIRECTION('',(0.724247082951,0.689540544737,0.));
#2482 = PCURVE('',#126,#2483);
#2483 = DEFINITIONAL_REPRESENTATION('',(#2484),#2488);
#2484 = LINE('',#2485,#2486);
#2485 = CARTESIAN_POINT('',(8.980256121069,8.980256121069));
#2486 = VECTOR('',#2487,1.);
#2487 = DIRECTION('',(-0.724247082951,0.689540544737));
#2488 = ( GEOMETRIC_REPRESENTATION_CONTEXT(2) 
PARAMETRIC_REPRESENTATION_CONTEXT() REPRESENTATION_CONTEXT('2D SPACE',''
  ) );
#2489 = PCURVE('',#2490,#2495);
#2490 = PLANE('',#2491);
#2491 = AXIS2_PLACEMENT_3D('',#2492,#2493,#2494);
#2492 = CARTESIAN_POINT('',(-8.980256121069,8.980256121069,-1.8E-02));
#2493 = DIRECTION('',(-0.689540544737,0.724247082951,0.));
#2494 = DIRECTION('',(0.724247082951,0.689540544737,0.));
#2495 = DEFINITIONAL_REPRESENTATION('',(#2496),#2500);
#2496 = LINE('',#2497,#2498);
#2497 = CARTESIAN_POINT('',(0.,0.));
#2498 = VECTOR('',#2499,1.);
#2499 = DIRECTION('',(1.,0.));
#2500 = ( GEOMETRIC_REPRESENTATION_CONTEXT(2) 
PARAMETRIC_REPRESENTATION_CONTEXT() REPRESENTATION_CONTEXT('2D SPACE',''
  ) );
#2501 = ORIENTED_EDGE('',*,*,#2502,.T.);
#2502 = EDGE_CURVE('',#2475,#2503,#2505,.T.);
#2503 = VERTEX_POINT('',#2504);
#2504 = CARTESIAN_POINT('',(-8.056794708878,9.817232757707,-1.8E-02));
#2505 = SURFACE_CURVE('',#2506,(#2510,#2517),.PCURVE_S1.);
#2506 = LINE('',#2507,#2508);
#2507 = CARTESIAN_POINT('',(-8.528798726557,9.410079292008,-1.8E-02));
#2508 = VECTOR('',#2509,1.);
#2509 = DIRECTION('',(0.757208846506,0.653172842954,0.));
#2510 = PCURVE('',#126,#2511);
#2511 = DEFINITIONAL_REPRESENTATION('',(#2512),#2516);
#2512 = LINE('',#2513,#2514);
#2513 = CARTESIAN_POINT('',(8.528798726557,9.410079292008));
#2514 = VECTOR('',#2515,1.);
#2515 = DIRECTION('',(-0.757208846506,0.653172842954));
#2516 = ( GEOMETRIC_REPRESENTATION_CONTEXT(2) 
PARAMETRIC_REPRESENTATION_CONTEXT() REPRESENTATION_CONTEXT('2D SPACE',''
  ) );
#2517 = PCURVE('',#2518,#2523);
#2518 = PLANE('',#2519);
#2519 = AXIS2_PLACEMENT_3D('',#2520,#2521,#2522);
#2520 = CARTESIAN_POINT('',(-8.528798726557,9.410079292008,-1.8E-02));
#2521 = DIRECTION('',(-0.653172842954,0.757208846506,0.));
#2522 = DIRECTION('',(0.757208846506,0.653172842954,0.));
#2523 = DEFINITIONAL_REPRESENTATION('',(#2524),#2528);
#2524 = LINE('',#2525,#2526);
#2525 = CARTESIAN_POINT('',(0.,0.));
#2526 = VECTOR('',#2527,1.);
#2527 = DIRECTION('',(1.,0.));
#2528 = ( GEOMETRIC_REPRESENTATION_CONTEXT(2) 
PARAMETRIC_REPRESENTATION_CONTEXT() REPRESENTATION_CONTEXT('2D SPACE',''
  ) );
#2529 = ORIENTED_EDGE('',*,*,#2530,.T.);
#2530 = EDGE_CURVE('',#2503,#2531,#2533,.T.);
#2531 = VERTEX_POINT('',#2532);
#2532 = CARTESIAN_POINT('',(-7.565381167054,10.200735649804,-1.8E-02));
#2533 = SURFACE_CURVE('',#2534,(#2538,#2545),.PCURVE_S1.);
#2534 = LINE('',#2535,#2536);
#2535 = CARTESIAN_POINT('',(-8.056794708878,9.817232757707,-1.8E-02));
#2536 = VECTOR('',#2537,1.);
#2537 = DIRECTION('',(0.788346427627,0.615231590581,0.));
#2538 = PCURVE('',#126,#2539);
#2539 = DEFINITIONAL_REPRESENTATION('',(#2540),#2544);
#2540 = LINE('',#2541,#2542);
#2541 = CARTESIAN_POINT('',(8.056794708878,9.817232757707));
#2542 = VECTOR('',#2543,1.);
#2543 = DIRECTION('',(-0.788346427627,0.615231590581));
#2544 = ( GEOMETRIC_REPRESENTATION_CONTEXT(2) 
PARAMETRIC_REPRESENTATION_CONTEXT() REPRESENTATION_CONTEXT('2D SPACE',''
  ) );
#2545 = PCURVE('',#2546,#2551);
#2546 = PLANE('',#2547);
#2547 = AXIS2_PLACEMENT_3D('',#2548,#2549,#2550);
#2548 = CARTESIAN_POINT('',(-8.056794708878,9.817232757707,-1.8E-02));
#2549 = DIRECTION('',(-0.615231590581,0.788346427627,0.));
#2550 = DIRECTION('',(0.788346427627,0.615231590581,0.));
#2551 = DEFINITIONAL_REPRESENTATION('',(#2552),#2556);
#2552 = LINE('',#2553,#2554);
#2553 = CARTESIAN_POINT('',(0.,0.));
#2554 = VECTOR('',#2555,1.);
#2555 = DIRECTION('',(1.,0.));
#2556 = ( GEOMETRIC_REPRESENTATION_CONTEXT(2) 
PARAMETRIC_REPRESENTATION_CONTEXT() REPRESENTATION_CONTEXT('2D SPACE',''
  ) );
#2557 = ORIENTED_EDGE('',*,*,#2558,.T.);
#2558 = EDGE_CURVE('',#2531,#2559,#2561,.T.);
#2559 = VERTEX_POINT('',#2560);
#2560 = CARTESIAN_POINT('',(-7.055741959349,10.559664076242,-1.8E-02));
#2561 = SURFACE_CURVE('',#2562,(#2566,#2573),.PCURVE_S1.);
#2562 = LINE('',#2563,#2564);
#2563 = CARTESIAN_POINT('',(-7.565381167054,10.200735649804,-1.8E-02));
#2564 = VECTOR('',#2565,1.);
#2565 = DIRECTION('',(0.817584813152,0.575808191418,0.));
#2566 = PCURVE('',#126,#2567);
#2567 = DEFINITIONAL_REPRESENTATION('',(#2568),#2572);
#2568 = LINE('',#2569,#2570);
#2569 = CARTESIAN_POINT('',(7.565381167054,10.200735649804));
#2570 = VECTOR('',#2571,1.);
#2571 = DIRECTION('',(-0.817584813152,0.575808191418));
#2572 = ( GEOMETRIC_REPRESENTATION_CONTEXT(2) 
PARAMETRIC_REPRESENTATION_CONTEXT() REPRESENTATION_CONTEXT('2D SPACE',''
  ) );
#2573 = PCURVE('',#2574,#2579);
#2574 = PLANE('',#2575);
#2575 = AXIS2_PLACEMENT_3D('',#2576,#2577,#2578);
#2576 = CARTESIAN_POINT('',(-7.565381167054,10.200735649804,-1.8E-02));
#2577 = DIRECTION('',(-0.575808191418,0.817584813152,0.));
#2578 = DIRECTION('',(0.817584813152,0.575808191418,0.));
#2579 = DEFINITIONAL_REPRESENTATION('',(#2580),#2584);
#2580 = LINE('',#2581,#2582);
#2581 = CARTESIAN_POINT('',(0.,0.));
#2582 = VECTOR('',#2583,1.);
#2583 = DIRECTION('',(1.,0.));
#2584 = ( GEOMETRIC_REPRESENTATION_CONTEXT(2) 
PARAMETRIC_REPRESENTATION_CONTEXT() REPRESENTATION_CONTEXT('2D SPACE',''
  ) );
#2585 = ORIENTED_EDGE('',*,*,#2586,.T.);
#2586 = EDGE_CURVE('',#2559,#2587,#2589,.T.);
#2587 = VERTEX_POINT('',#2588);
#2588 = CARTESIAN_POINT('',(-6.529104851254,10.893153347003,-1.8E-02));
#2589 = SURFACE_CURVE('',#2590,(#2594,#2601),.PCURVE_S1.);
#2590 = LINE('',#2591,#2592);
#2591 = CARTESIAN_POINT('',(-7.055741959349,10.559664076242,-1.8E-02));
#2592 = VECTOR('',#2593,1.);
#2593 = DIRECTION('',(0.84485356525,0.534997619887,0.));
#2594 = PCURVE('',#126,#2595);
#2595 = DEFINITIONAL_REPRESENTATION('',(#2596),#2600);
#2596 = LINE('',#2597,#2598);
#2597 = CARTESIAN_POINT('',(7.055741959349,10.559664076242));
#2598 = VECTOR('',#2599,1.);
#2599 = DIRECTION('',(-0.84485356525,0.534997619887));
#2600 = ( GEOMETRIC_REPRESENTATION_CONTEXT(2) 
PARAMETRIC_REPRESENTATION_CONTEXT() REPRESENTATION_CONTEXT('2D SPACE',''
  ) );
#2601 = PCURVE('',#2602,#2607);
#2602 = PLANE('',#2603);
#2603 = AXIS2_PLACEMENT_3D('',#2604,#2605,#2606);
#2604 = CARTESIAN_POINT('',(-7.055741959349,10.559664076242,-1.8E-02));
#2605 = DIRECTION('',(-0.534997619887,0.84485356525,0.));
#2606 = DIRECTION('',(0.84485356525,0.534997619887,0.));
#2607 = DEFINITIONAL_REPRESENTATION('',(#2608),#2612);
#2608 = LINE('',#2609,#2610);
#2609 = CARTESIAN_POINT('',(0.,0.));
#2610 = VECTOR('',#2611,1.);
#2611 = DIRECTION('',(1.,0.));
#2612 = ( GEOMETRIC_REPRESENTATION_CONTEXT(2) 
PARAMETRIC_REPRESENTATION_CONTEXT() REPRESENTATION_CONTEXT('2D SPACE',''
  ) );
#2613 = ORIENTED_EDGE('',*,*,#2614,.T.);
#2614 = EDGE_CURVE('',#2587,#2615,#2617,.T.);
#2615 = VERTEX_POINT('',#2616);
#2616 = CARTESIAN_POINT('',(-5.98673855769,11.200400057224,-1.8E-02));
#2617 = SURFACE_CURVE('',#2618,(#2622,#2629),.PCURVE_S1.);
#2618 = LINE('',#2619,#2620);
#2619 = CARTESIAN_POINT('',(-6.529104851254,10.893153347003,-1.8E-02));
#2620 = VECTOR('',#2621,1.);
#2621 = DIRECTION('',(0.870086991109,0.49289819223,0.));
#2622 = PCURVE('',#126,#2623);
#2623 = DEFINITIONAL_REPRESENTATION('',(#2624),#2628);
#2624 = LINE('',#2625,#2626);
#2625 = CARTESIAN_POINT('',(6.529104851254,10.893153347003));
#2626 = VECTOR('',#2627,1.);
#2627 = DIRECTION('',(-0.870086991109,0.49289819223));
#2628 = ( GEOMETRIC_REPRESENTATION_CONTEXT(2) 
PARAMETRIC_REPRESENTATION_CONTEXT() REPRESENTATION_CONTEXT('2D SPACE',''
  ) );
#2629 = PCURVE('',#2630,#2635);
#2630 = PLANE('',#2631);
#2631 = AXIS2_PLACEMENT_3D('',#2632,#2633,#2634);
#2632 = CARTESIAN_POINT('',(-6.529104851254,10.893153347003,-1.8E-02));
#2633 = DIRECTION('',(-0.49289819223,0.870086991109,0.));
#2634 = DIRECTION('',(0.870086991109,0.49289819223,0.));
#2635 = DEFINITIONAL_REPRESENTATION('',(#2636),#2640);
#2636 = LINE('',#2637,#2638);
#2637 = CARTESIAN_POINT('',(0.,0.));
#2638 = VECTOR('',#2639,1.);
#2639 = DIRECTION('',(1.,0.));
#2640 = ( GEOMETRIC_REPRESENTATION_CONTEXT(2) 
PARAMETRIC_REPRESENTATION_CONTEXT() REPRESENTATION_CONTEXT('2D SPACE',''
  ) );
#2641 = ORIENTED_EDGE('',*,*,#2642,.T.);
#2642 = EDGE_CURVE('',#2615,#2643,#2645,.T.);
#2643 = VERTEX_POINT('',#2644);
#2644 = CARTESIAN_POINT('',(-5.429949686565,11.480664022668,-1.8E-02));
#2645 = SURFACE_CURVE('',#2646,(#2650,#2657),.PCURVE_S1.);
#2646 = LINE('',#2647,#2648);
#2647 = CARTESIAN_POINT('',(-5.98673855769,11.200400057224,-1.8E-02));
#2648 = VECTOR('',#2649,1.);
#2649 = DIRECTION('',(0.893224301196,0.449611329655,0.));
#2650 = PCURVE('',#126,#2651);
#2651 = DEFINITIONAL_REPRESENTATION('',(#2652),#2656);
#2652 = LINE('',#2653,#2654);
#2653 = CARTESIAN_POINT('',(5.98673855769,11.200400057224));
#2654 = VECTOR('',#2655,1.);
#2655 = DIRECTION('',(-0.893224301196,0.449611329655));
#2656 = ( GEOMETRIC_REPRESENTATION_CONTEXT(2) 
PARAMETRIC_REPRESENTATION_CONTEXT() REPRESENTATION_CONTEXT('2D SPACE',''
  ) );
#2657 = PCURVE('',#2658,#2663);
#2658 = PLANE('',#2659);
#2659 = AXIS2_PLACEMENT_3D('',#2660,#2661,#2662);
#2660 = CARTESIAN_POINT('',(-5.98673855769,11.200400057224,-1.8E-02));
#2661 = DIRECTION('',(-0.449611329655,0.893224301196,0.));
#2662 = DIRECTION('',(0.893224301196,0.449611329655,0.));
#2663 = DEFINITIONAL_REPRESENTATION('',(#2664),#2668);
#2664 = LINE('',#2665,#2666);
#2665 = CARTESIAN_POINT('',(0.,0.));
#2666 = VECTOR('',#2667,1.);
#2667 = DIRECTION('',(1.,0.));
#2668 = ( GEOMETRIC_REPRESENTATION_CONTEXT(2) 
PARAMETRIC_REPRESENTATION_CONTEXT() REPRESENTATION_CONTEXT('2D SPACE',''
  ) );
#2669 = ORIENTED_EDGE('',*,*,#2670,.T.);
#2670 = EDGE_CURVE('',#2643,#2671,#2673,.T.);
#2671 = VERTEX_POINT('',#2672);
#2672 = CARTESIAN_POINT('',(-4.860079591037,11.733270062893,-1.8E-02));
#2673 = SURFACE_CURVE('',#2674,(#2678,#2685),.PCURVE_S1.);
#2674 = LINE('',#2675,#2676);
#2675 = CARTESIAN_POINT('',(-5.429949686565,11.480664022668,-1.8E-02));
#2676 = VECTOR('',#2677,1.);
#2677 = DIRECTION('',(0.914209755704,0.405241314005,0.));
#2678 = PCURVE('',#126,#2679);
#2679 = DEFINITIONAL_REPRESENTATION('',(#2680),#2684);
#2680 = LINE('',#2681,#2682);
#2681 = CARTESIAN_POINT('',(5.429949686565,11.480664022668));
#2682 = VECTOR('',#2683,1.);
#2683 = DIRECTION('',(-0.914209755704,0.405241314005));
#2684 = ( GEOMETRIC_REPRESENTATION_CONTEXT(2) 
PARAMETRIC_REPRESENTATION_CONTEXT() REPRESENTATION_CONTEXT('2D SPACE',''
  ) );
#2685 = PCURVE('',#2686,#2691);
#2686 = PLANE('',#2687);
#2687 = AXIS2_PLACEMENT_3D('',#2688,#2689,#2690);
#2688 = CARTESIAN_POINT('',(-5.429949686565,11.480664022668,-1.8E-02));
#2689 = DIRECTION('',(-0.405241314005,0.914209755704,0.));
#2690 = DIRECTION('',(0.914209755704,0.405241314005,0.));
#2691 = DEFINITIONAL_REPRESENTATION('',(#2692),#2696);
#2692 = LINE('',#2693,#2694);
#2693 = CARTESIAN_POINT('',(0.,0.));
#2694 = VECTOR('',#2695,1.);
#2695 = DIRECTION('',(1.,0.));
#2696 = ( GEOMETRIC_REPRESENTATION_CONTEXT(2) 
PARAMETRIC_REPRESENTATION_CONTEXT() REPRESENTATION_CONTEXT('2D SPACE',''
  ) );
#2697 = ORIENTED_EDGE('',*,*,#2698,.T.);
#2698 = EDGE_CURVE('',#2671,#2699,#2701,.T.);
#2699 = VERTEX_POINT('',#2700);
#2700 = CARTESIAN_POINT('',(-4.278501138081,11.957609627824,-1.8E-02));
#2701 = SURFACE_CURVE('',#2702,(#2706,#2713),.PCURVE_S1.);
#2702 = LINE('',#2703,#2704);
#2703 = CARTESIAN_POINT('',(-4.860079591037,11.733270062893,-1.8E-02));
#2704 = VECTOR('',#2705,1.);
#2705 = DIRECTION('',(0.932992798835,0.359895036535,0.));
#2706 = PCURVE('',#126,#2707);
#2707 = DEFINITIONAL_REPRESENTATION('',(#2708),#2712);
#2708 = LINE('',#2709,#2710);
#2709 = CARTESIAN_POINT('',(4.860079591037,11.733270062893));
#2710 = VECTOR('',#2711,1.);
#2711 = DIRECTION('',(-0.932992798835,0.359895036535));
#2712 = ( GEOMETRIC_REPRESENTATION_CONTEXT(2) 
PARAMETRIC_REPRESENTATION_CONTEXT() REPRESENTATION_CONTEXT('2D SPACE',''
  ) );
#2713 = PCURVE('',#2714,#2719);
#2714 = PLANE('',#2715);
#2715 = AXIS2_PLACEMENT_3D('',#2716,#2717,#2718);
#2716 = CARTESIAN_POINT('',(-4.860079591037,11.733270062893,-1.8E-02));
#2717 = DIRECTION('',(-0.359895036535,0.932992798835,0.));
#2718 = DIRECTION('',(0.932992798835,0.359895036535,0.));
#2719 = DEFINITIONAL_REPRESENTATION('',(#2720),#2724);
#2720 = LINE('',#2721,#2722);
#2721 = CARTESIAN_POINT('',(0.,0.));
#2722 = VECTOR('',#2723,1.);
#2723 = DIRECTION('',(1.,0.));
#2724 = ( GEOMETRIC_REPRESENTATION_CONTEXT(2) 
PARAMETRIC_REPRESENTATION_CONTEXT() REPRESENTATION_CONTEXT('2D SPACE',''
  ) );
#2725 = ORIENTED_EDGE('',*,*,#2726,.T.);
#2726 = EDGE_CURVE('',#2699,#2727,#2729,.T.);
#2727 = VERTEX_POINT('',#2728);
#2728 = CARTESIAN_POINT('',(-3.686615401132,12.153142263799,-1.8E-02));
#2729 = SURFACE_CURVE('',#2730,(#2734,#2741),.PCURVE_S1.);
#2730 = LINE('',#2731,#2732);
#2731 = CARTESIAN_POINT('',(-4.278501138081,11.957609627824,-1.8E-02));
#2732 = VECTOR('',#2733,1.);
#2733 = DIRECTION('',(0.949528180593,0.313681740399,0.));
#2734 = PCURVE('',#126,#2735);
#2735 = DEFINITIONAL_REPRESENTATION('',(#2736),#2740);
#2736 = LINE('',#2737,#2738);
#2737 = CARTESIAN_POINT('',(4.278501138081,11.957609627824));
#2738 = VECTOR('',#2739,1.);
#2739 = DIRECTION('',(-0.949528180593,0.313681740399));
#2740 = ( GEOMETRIC_REPRESENTATION_CONTEXT(2) 
PARAMETRIC_REPRESENTATION_CONTEXT() REPRESENTATION_CONTEXT('2D SPACE',''
  ) );
#2741 = PCURVE('',#2742,#2747);
#2742 = PLANE('',#2743);
#2743 = AXIS2_PLACEMENT_3D('',#2744,#2745,#2746);
#2744 = CARTESIAN_POINT('',(-4.278501138081,11.957609627824,-1.8E-02));
#2745 = DIRECTION('',(-0.313681740399,0.949528180593,0.));
#2746 = DIRECTION('',(0.949528180593,0.313681740399,0.));
#2747 = DEFINITIONAL_REPRESENTATION('',(#2748),#2752);
#2748 = LINE('',#2749,#2750);
#2749 = CARTESIAN_POINT('',(0.,0.));
#2750 = VECTOR('',#2751,1.);
#2751 = DIRECTION('',(1.,0.));
#2752 = ( GEOMETRIC_REPRESENTATION_CONTEXT(2) 
PARAMETRIC_REPRESENTATION_CONTEXT() REPRESENTATION_CONTEXT('2D SPACE',''
  ) );
#2753 = ORIENTED_EDGE('',*,*,#2754,.T.);
#2754 = EDGE_CURVE('',#2727,#2755,#2757,.T.);
#2755 = VERTEX_POINT('',#2756);
#2756 = CARTESIAN_POINT('',(-3.085848284771,12.319396915571,-1.8E-02));
#2757 = SURFACE_CURVE('',#2758,(#2762,#2769),.PCURVE_S1.);
#2758 = LINE('',#2759,#2760);
#2759 = CARTESIAN_POINT('',(-3.686615401132,12.153142263799,-1.8E-02));
#2760 = VECTOR('',#2761,1.);
#2761 = DIRECTION('',(0.963776065795,0.266712757475,0.));
#2762 = PCURVE('',#126,#2763);
#2763 = DEFINITIONAL_REPRESENTATION('',(#2764),#2768);
#2764 = LINE('',#2765,#2766);
#2765 = CARTESIAN_POINT('',(3.686615401132,12.153142263799));
#2766 = VECTOR('',#2767,1.);
#2767 = DIRECTION('',(-0.963776065795,0.266712757475));
#2768 = ( GEOMETRIC_REPRESENTATION_CONTEXT(2) 
PARAMETRIC_REPRESENTATION_CONTEXT() REPRESENTATION_CONTEXT('2D SPACE',''
  ) );
#2769 = PCURVE('',#2770,#2775);
#2770 = PLANE('',#2771);
#2771 = AXIS2_PLACEMENT_3D('',#2772,#2773,#2774);
#2772 = CARTESIAN_POINT('',(-3.686615401132,12.153142263799,-1.8E-02));
#2773 = DIRECTION('',(-0.266712757475,0.963776065795,0.));
#2774 = DIRECTION('',(0.963776065795,0.266712757475,0.));
#2775 = DEFINITIONAL_REPRESENTATION('',(#2776),#2780);
#2776 = LINE('',#2777,#2778);
#2777 = CARTESIAN_POINT('',(0.,0.));
#2778 = VECTOR('',#2779,1.);
#2779 = DIRECTION('',(1.,0.));
#2780 = ( GEOMETRIC_REPRESENTATION_CONTEXT(2) 
PARAMETRIC_REPRESENTATION_CONTEXT() REPRESENTATION_CONTEXT('2D SPACE',''
  ) );
#2781 = ORIENTED_EDGE('',*,*,#2782,.T.);
#2782 = EDGE_CURVE('',#2755,#2783,#2785,.T.);
#2783 = VERTEX_POINT('',#2784);
#2784 = CARTESIAN_POINT('',(-2.477647089605,12.455973061121,-1.8E-02));
#2785 = SURFACE_CURVE('',#2786,(#2790,#2797),.PCURVE_S1.);
#2786 = LINE('',#2787,#2788);
#2787 = CARTESIAN_POINT('',(-3.085848284771,12.319396915571,-1.8E-02));
#2788 = VECTOR('',#2789,1.);
#2789 = DIRECTION('',(0.975702130039,0.219101240157,0.));
#2790 = PCURVE('',#126,#2791);
#2791 = DEFINITIONAL_REPRESENTATION('',(#2792),#2796);
#2792 = LINE('',#2793,#2794);
#2793 = CARTESIAN_POINT('',(3.085848284771,12.319396915571));
#2794 = VECTOR('',#2795,1.);
#2795 = DIRECTION('',(-0.975702130039,0.219101240157));
#2796 = ( GEOMETRIC_REPRESENTATION_CONTEXT(2) 
PARAMETRIC_REPRESENTATION_CONTEXT() REPRESENTATION_CONTEXT('2D SPACE',''
  ) );
#2797 = PCURVE('',#2798,#2803);
#2798 = PLANE('',#2799);
#2799 = AXIS2_PLACEMENT_3D('',#2800,#2801,#2802);
#2800 = CARTESIAN_POINT('',(-3.085848284771,12.319396915571,-1.8E-02));
#2801 = DIRECTION('',(-0.219101240157,0.975702130039,0.));
#2802 = DIRECTION('',(0.975702130039,0.219101240157,0.));
#2803 = DEFINITIONAL_REPRESENTATION('',(#2804),#2808);
#2804 = LINE('',#2805,#2806);
#2805 = CARTESIAN_POINT('',(0.,0.));
#2806 = VECTOR('',#2807,1.);
#2807 = DIRECTION('',(1.,0.));
#2808 = ( GEOMETRIC_REPRESENTATION_CONTEXT(2) 
PARAMETRIC_REPRESENTATION_CONTEXT() REPRESENTATION_CONTEXT('2D SPACE',''
  ) );
#2809 = ORIENTED_EDGE('',*,*,#2810,.T.);
#2810 = EDGE_CURVE('',#2783,#2811,#2813,.T.);
#2811 = VERTEX_POINT('',#2812);
#2812 = CARTESIAN_POINT('',(-1.863477025583,12.562541676553,-1.8E-02));
#2813 = SURFACE_CURVE('',#2814,(#2818,#2825),.PCURVE_S1.);
#2814 = LINE('',#2815,#2816);
#2815 = CARTESIAN_POINT('',(-2.477647089605,12.455973061121,-1.8E-02));
#2816 = VECTOR('',#2817,1.);
#2817 = DIRECTION('',(0.985277642389,0.17096188876,0.));
#2818 = PCURVE('',#126,#2819);
#2819 = DEFINITIONAL_REPRESENTATION('',(#2820),#2824);
#2820 = LINE('',#2821,#2822);
#2821 = CARTESIAN_POINT('',(2.477647089605,12.455973061121));
#2822 = VECTOR('',#2823,1.);
#2823 = DIRECTION('',(-0.985277642389,0.17096188876));
#2824 = ( GEOMETRIC_REPRESENTATION_CONTEXT(2) 
PARAMETRIC_REPRESENTATION_CONTEXT() REPRESENTATION_CONTEXT('2D SPACE',''
  ) );
#2825 = PCURVE('',#2826,#2831);
#2826 = PLANE('',#2827);
#2827 = AXIS2_PLACEMENT_3D('',#2828,#2829,#2830);
#2828 = CARTESIAN_POINT('',(-2.477647089605,12.455973061121,-1.8E-02));
#2829 = DIRECTION('',(-0.17096188876,0.985277642389,0.));
#2830 = DIRECTION('',(0.985277642389,0.17096188876,0.));
#2831 = DEFINITIONAL_REPRESENTATION('',(#2832),#2836);
#2832 = LINE('',#2833,#2834);
#2833 = CARTESIAN_POINT('',(0.,0.));
#2834 = VECTOR('',#2835,1.);
#2835 = DIRECTION('',(1.,0.));
#2836 = ( GEOMETRIC_REPRESENTATION_CONTEXT(2) 
PARAMETRIC_REPRESENTATION_CONTEXT() REPRESENTATION_CONTEXT('2D SPACE',''
  ) );
#2837 = ORIENTED_EDGE('',*,*,#2838,.T.);
#2838 = EDGE_CURVE('',#2811,#2839,#2841,.T.);
#2839 = VERTEX_POINT('',#2840);
#2840 = CARTESIAN_POINT('',(-1.244817682185,12.638846028737,-1.8E-02));
#2841 = SURFACE_CURVE('',#2842,(#2846,#2853),.PCURVE_S1.);
#2842 = LINE('',#2843,#2844);
#2843 = CARTESIAN_POINT('',(-1.863477025583,12.562541676553,-1.8E-02));
#2844 = VECTOR('',#2845,1.);
#2845 = DIRECTION('',(0.992479534599,0.122410675199,0.));
#2846 = PCURVE('',#126,#2847);
#2847 = DEFINITIONAL_REPRESENTATION('',(#2848),#2852);
#2848 = LINE('',#2849,#2850);
#2849 = CARTESIAN_POINT('',(1.863477025583,12.562541676553));
#2850 = VECTOR('',#2851,1.);
#2851 = DIRECTION('',(-0.992479534599,0.122410675199));
#2852 = ( GEOMETRIC_REPRESENTATION_CONTEXT(2) 
PARAMETRIC_REPRESENTATION_CONTEXT() REPRESENTATION_CONTEXT('2D SPACE',''
  ) );
#2853 = PCURVE('',#2854,#2859);
#2854 = PLANE('',#2855);
#2855 = AXIS2_PLACEMENT_3D('',#2856,#2857,#2858);
#2856 = CARTESIAN_POINT('',(-1.863477025583,12.562541676553,-1.8E-02));
#2857 = DIRECTION('',(-0.122410675199,0.992479534599,0.));
#2858 = DIRECTION('',(0.992479534599,0.122410675199,0.));
#2859 = DEFINITIONAL_REPRESENTATION('',(#2860),#2864);
#2860 = LINE('',#2861,#2862);
#2861 = CARTESIAN_POINT('',(0.,0.));
#2862 = VECTOR('',#2863,1.);
#2863 = DIRECTION('',(1.,0.));
#2864 = ( GEOMETRIC_REPRESENTATION_CONTEXT(2) 
PARAMETRIC_REPRESENTATION_CONTEXT() REPRESENTATION_CONTEXT('2D SPACE',''
  ) );
#2865 = ORIENTED_EDGE('',*,*,#2866,.T.);
#2866 = EDGE_CURVE('',#2839,#2867,#2869,.T.);
#2867 = VERTEX_POINT('',#2868);
#2868 = CARTESIAN_POINT('',(-0.623159463958,12.684702293806,-1.8E-02));
#2869 = SURFACE_CURVE('',#2870,(#2874,#2881),.PCURVE_S1.);
#2870 = LINE('',#2871,#2872);
#2871 = CARTESIAN_POINT('',(-1.244817682185,12.638846028737,-1.8E-02));
#2872 = VECTOR('',#2873,1.);
#2873 = DIRECTION('',(0.997290456679,7.356456359967E-02,0.));
#2874 = PCURVE('',#126,#2875);
#2875 = DEFINITIONAL_REPRESENTATION('',(#2876),#2880);
#2876 = LINE('',#2877,#2878);
#2877 = CARTESIAN_POINT('',(1.244817682185,12.638846028737));
#2878 = VECTOR('',#2879,1.);
#2879 = DIRECTION('',(-0.997290456679,7.356456359967E-02));
#2880 = ( GEOMETRIC_REPRESENTATION_CONTEXT(2) 
PARAMETRIC_REPRESENTATION_CONTEXT() REPRESENTATION_CONTEXT('2D SPACE',''
  ) );
#2881 = PCURVE('',#2882,#2887);
#2882 = PLANE('',#2883);
#2883 = AXIS2_PLACEMENT_3D('',#2884,#2885,#2886);
#2884 = CARTESIAN_POINT('',(-1.244817682185,12.638846028737,-1.8E-02));
#2885 = DIRECTION('',(-7.356456359967E-02,0.997290456679,0.));
#2886 = DIRECTION('',(0.997290456679,7.356456359967E-02,0.));
#2887 = DEFINITIONAL_REPRESENTATION('',(#2888),#2892);
#2888 = LINE('',#2889,#2890);
#2889 = CARTESIAN_POINT('',(0.,0.));
#2890 = VECTOR('',#2891,1.);
#2891 = DIRECTION('',(1.,0.));
#2892 = ( GEOMETRIC_REPRESENTATION_CONTEXT(2) 
PARAMETRIC_REPRESENTATION_CONTEXT() REPRESENTATION_CONTEXT('2D SPACE',''
  ) );
#2893 = ORIENTED_EDGE('',*,*,#2894,.T.);
#2894 = EDGE_CURVE('',#2867,#2895,#2897,.T.);
#2895 = VERTEX_POINT('',#2896);
#2896 = CARTESIAN_POINT('',(0.,12.7,-1.8E-02));
#2897 = SURFACE_CURVE('',#2898,(#2902,#2909),.PCURVE_S1.);
#2898 = LINE('',#2899,#2900);
#2899 = CARTESIAN_POINT('',(-0.623159463958,12.684702293806,-1.8E-02));
#2900 = VECTOR('',#2901,1.);
#2901 = DIRECTION('',(0.999698818696,2.454122852291E-02,0.));
#2902 = PCURVE('',#126,#2903);
#2903 = DEFINITIONAL_REPRESENTATION('',(#2904),#2908);
#2904 = LINE('',#2905,#2906);
#2905 = CARTESIAN_POINT('',(0.623159463958,12.684702293806));
#2906 = VECTOR('',#2907,1.);
#2907 = DIRECTION('',(-0.999698818696,2.454122852291E-02));
#2908 = ( GEOMETRIC_REPRESENTATION_CONTEXT(2) 
PARAMETRIC_REPRESENTATION_CONTEXT() REPRESENTATION_CONTEXT('2D SPACE',''
  ) );
#2909 = PCURVE('',#2910,#2915);
#2910 = PLANE('',#2911);
#2911 = AXIS2_PLACEMENT_3D('',#2912,#2913,#2914);
#2912 = CARTESIAN_POINT('',(-0.623159463958,12.684702293806,-1.8E-02));
#2913 = DIRECTION('',(-2.454122852291E-02,0.999698818696,0.));
#2914 = DIRECTION('',(0.999698818696,2.454122852291E-02,0.));
#2915 = DEFINITIONAL_REPRESENTATION('',(#2916),#2920);
#2916 = LINE('',#2917,#2918);
#2917 = CARTESIAN_POINT('',(0.,0.));
#2918 = VECTOR('',#2919,1.);
#2919 = DIRECTION('',(1.,0.));
#2920 = ( GEOMETRIC_REPRESENTATION_CONTEXT(2) 
PARAMETRIC_REPRESENTATION_CONTEXT() REPRESENTATION_CONTEXT('2D SPACE',''
  ) );
#2921 = ORIENTED_EDGE('',*,*,#2922,.T.);
#2922 = EDGE_CURVE('',#2895,#2923,#2925,.T.);
#2923 = VERTEX_POINT('',#2924);
#2924 = CARTESIAN_POINT('',(0.623159463958,12.684702293806,-1.8E-02));
#2925 = SURFACE_CURVE('',#2926,(#2930,#2937),.PCURVE_S1.);
#2926 = LINE('',#2927,#2928);
#2927 = CARTESIAN_POINT('',(0.,12.7,-1.8E-02));
#2928 = VECTOR('',#2929,1.);
#2929 = DIRECTION('',(0.999698818696,-2.454122852291E-02,0.));
#2930 = PCURVE('',#126,#2931);
#2931 = DEFINITIONAL_REPRESENTATION('',(#2932),#2936);
#2932 = LINE('',#2933,#2934);
#2933 = CARTESIAN_POINT('',(-1.218917606455E-15,12.7));
#2934 = VECTOR('',#2935,1.);
#2935 = DIRECTION('',(-0.999698818696,-2.454122852291E-02));
#2936 = ( GEOMETRIC_REPRESENTATION_CONTEXT(2) 
PARAMETRIC_REPRESENTATION_CONTEXT() REPRESENTATION_CONTEXT('2D SPACE',''
  ) );
#2937 = PCURVE('',#2938,#2943);
#2938 = PLANE('',#2939);
#2939 = AXIS2_PLACEMENT_3D('',#2940,#2941,#2942);
#2940 = CARTESIAN_POINT('',(0.,12.7,-1.8E-02));
#2941 = DIRECTION('',(2.454122852291E-02,0.999698818696,-0.));
#2942 = DIRECTION('',(0.999698818696,-2.454122852291E-02,0.));
#2943 = DEFINITIONAL_REPRESENTATION('',(#2944),#2948);
#2944 = LINE('',#2945,#2946);
#2945 = CARTESIAN_POINT('',(0.,0.));
#2946 = VECTOR('',#2947,1.);
#2947 = DIRECTION('',(1.,0.));
#2948 = ( GEOMETRIC_REPRESENTATION_CONTEXT(2) 
PARAMETRIC_REPRESENTATION_CONTEXT() REPRESENTATION_CONTEXT('2D SPACE',''
  ) );
#2949 = ORIENTED_EDGE('',*,*,#2950,.T.);
#2950 = EDGE_CURVE('',#2923,#2951,#2953,.T.);
#2951 = VERTEX_POINT('',#2952);
#2952 = CARTESIAN_POINT('',(1.244817682185,12.638846028737,-1.8E-02));
#2953 = SURFACE_CURVE('',#2954,(#2958,#2965),.PCURVE_S1.);
#2954 = LINE('',#2955,#2956);
#2955 = CARTESIAN_POINT('',(0.623159463958,12.684702293806,-1.8E-02));
#2956 = VECTOR('',#2957,1.);
#2957 = DIRECTION('',(0.997290456679,-7.356456359967E-02,0.));
#2958 = PCURVE('',#126,#2959);
#2959 = DEFINITIONAL_REPRESENTATION('',(#2960),#2964);
#2960 = LINE('',#2961,#2962);
#2961 = CARTESIAN_POINT('',(-0.623159463958,12.684702293806));
#2962 = VECTOR('',#2963,1.);
#2963 = DIRECTION('',(-0.997290456679,-7.356456359967E-02));
#2964 = ( GEOMETRIC_REPRESENTATION_CONTEXT(2) 
PARAMETRIC_REPRESENTATION_CONTEXT() REPRESENTATION_CONTEXT('2D SPACE',''
  ) );
#2965 = PCURVE('',#2966,#2971);
#2966 = PLANE('',#2967);
#2967 = AXIS2_PLACEMENT_3D('',#2968,#2969,#2970);
#2968 = CARTESIAN_POINT('',(0.623159463958,12.684702293806,-1.8E-02));
#2969 = DIRECTION('',(7.356456359967E-02,0.997290456679,-0.));
#2970 = DIRECTION('',(0.997290456679,-7.356456359967E-02,0.));
#2971 = DEFINITIONAL_REPRESENTATION('',(#2972),#2976);
#2972 = LINE('',#2973,#2974);
#2973 = CARTESIAN_POINT('',(0.,0.));
#2974 = VECTOR('',#2975,1.);
#2975 = DIRECTION('',(1.,0.));
#2976 = ( GEOMETRIC_REPRESENTATION_CONTEXT(2) 
PARAMETRIC_REPRESENTATION_CONTEXT() REPRESENTATION_CONTEXT('2D SPACE',''
  ) );
#2977 = ORIENTED_EDGE('',*,*,#2978,.T.);
#2978 = EDGE_CURVE('',#2951,#2979,#2981,.T.);
#2979 = VERTEX_POINT('',#2980);
#2980 = CARTESIAN_POINT('',(1.863477025583,12.562541676553,-1.8E-02));
#2981 = SURFACE_CURVE('',#2982,(#2986,#2993),.PCURVE_S1.);
#2982 = LINE('',#2983,#2984);
#2983 = CARTESIAN_POINT('',(1.244817682185,12.638846028737,-1.8E-02));
#2984 = VECTOR('',#2985,1.);
#2985 = DIRECTION('',(0.992479534599,-0.122410675199,0.));
#2986 = PCURVE('',#126,#2987);
#2987 = DEFINITIONAL_REPRESENTATION('',(#2988),#2992);
#2988 = LINE('',#2989,#2990);
#2989 = CARTESIAN_POINT('',(-1.244817682185,12.638846028737));
#2990 = VECTOR('',#2991,1.);
#2991 = DIRECTION('',(-0.992479534599,-0.122410675199));
#2992 = ( GEOMETRIC_REPRESENTATION_CONTEXT(2) 
PARAMETRIC_REPRESENTATION_CONTEXT() REPRESENTATION_CONTEXT('2D SPACE',''
  ) );
#2993 = PCURVE('',#2994,#2999);
#2994 = PLANE('',#2995);
#2995 = AXIS2_PLACEMENT_3D('',#2996,#2997,#2998);
#2996 = CARTESIAN_POINT('',(1.244817682185,12.638846028737,-1.8E-02));
#2997 = DIRECTION('',(0.122410675199,0.992479534599,-0.));
#2998 = DIRECTION('',(0.992479534599,-0.122410675199,0.));
#2999 = DEFINITIONAL_REPRESENTATION('',(#3000),#3004);
#3000 = LINE('',#3001,#3002);
#3001 = CARTESIAN_POINT('',(0.,0.));
#3002 = VECTOR('',#3003,1.);
#3003 = DIRECTION('',(1.,0.));
#3004 = ( GEOMETRIC_REPRESENTATION_CONTEXT(2) 
PARAMETRIC_REPRESENTATION_CONTEXT() REPRESENTATION_CONTEXT('2D SPACE',''
  ) );
#3005 = ORIENTED_EDGE('',*,*,#3006,.T.);
#3006 = EDGE_CURVE('',#2979,#3007,#3009,.T.);
#3007 = VERTEX_POINT('',#3008);
#3008 = CARTESIAN_POINT('',(2.477647089605,12.455973061121,-1.8E-02));
#3009 = SURFACE_CURVE('',#3010,(#3014,#3021),.PCURVE_S1.);
#3010 = LINE('',#3011,#3012);
#3011 = CARTESIAN_POINT('',(1.863477025583,12.562541676553,-1.8E-02));
#3012 = VECTOR('',#3013,1.);
#3013 = DIRECTION('',(0.985277642389,-0.17096188876,0.));
#3014 = PCURVE('',#126,#3015);
#3015 = DEFINITIONAL_REPRESENTATION('',(#3016),#3020);
#3016 = LINE('',#3017,#3018);
#3017 = CARTESIAN_POINT('',(-1.863477025583,12.562541676553));
#3018 = VECTOR('',#3019,1.);
#3019 = DIRECTION('',(-0.985277642389,-0.17096188876));
#3020 = ( GEOMETRIC_REPRESENTATION_CONTEXT(2) 
PARAMETRIC_REPRESENTATION_CONTEXT() REPRESENTATION_CONTEXT('2D SPACE',''
  ) );
#3021 = PCURVE('',#3022,#3027);
#3022 = PLANE('',#3023);
#3023 = AXIS2_PLACEMENT_3D('',#3024,#3025,#3026);
#3024 = CARTESIAN_POINT('',(1.863477025583,12.562541676553,-1.8E-02));
#3025 = DIRECTION('',(0.17096188876,0.985277642389,-0.));
#3026 = DIRECTION('',(0.985277642389,-0.17096188876,0.));
#3027 = DEFINITIONAL_REPRESENTATION('',(#3028),#3032);
#3028 = LINE('',#3029,#3030);
#3029 = CARTESIAN_POINT('',(0.,0.));
#3030 = VECTOR('',#3031,1.);
#3031 = DIRECTION('',(1.,0.));
#3032 = ( GEOMETRIC_REPRESENTATION_CONTEXT(2) 
PARAMETRIC_REPRESENTATION_CONTEXT() REPRESENTATION_CONTEXT('2D SPACE',''
  ) );
#3033 = ORIENTED_EDGE('',*,*,#3034,.T.);
#3034 = EDGE_CURVE('',#3007,#3035,#3037,.T.);
#3035 = VERTEX_POINT('',#3036);
#3036 = CARTESIAN_POINT('',(3.085848284771,12.319396915571,-1.8E-02));
#3037 = SURFACE_CURVE('',#3038,(#3042,#3049),.PCURVE_S1.);
#3038 = LINE('',#3039,#3040);
#3039 = CARTESIAN_POINT('',(2.477647089605,12.455973061121,-1.8E-02));
#3040 = VECTOR('',#3041,1.);
#3041 = DIRECTION('',(0.975702130039,-0.219101240157,0.));
#3042 = PCURVE('',#126,#3043);
#3043 = DEFINITIONAL_REPRESENTATION('',(#3044),#3048);
#3044 = LINE('',#3045,#3046);
#3045 = CARTESIAN_POINT('',(-2.477647089605,12.455973061121));
#3046 = VECTOR('',#3047,1.);
#3047 = DIRECTION('',(-0.975702130039,-0.219101240157));
#3048 = ( GEOMETRIC_REPRESENTATION_CONTEXT(2) 
PARAMETRIC_REPRESENTATION_CONTEXT() REPRESENTATION_CONTEXT('2D SPACE',''
  ) );
#3049 = PCURVE('',#3050,#3055);
#3050 = PLANE('',#3051);
#3051 = AXIS2_PLACEMENT_3D('',#3052,#3053,#3054);
#3052 = CARTESIAN_POINT('',(2.477647089605,12.455973061121,-1.8E-02));
#3053 = DIRECTION('',(0.219101240157,0.975702130039,-0.));
#3054 = DIRECTION('',(0.975702130039,-0.219101240157,0.));
#3055 = DEFINITIONAL_REPRESENTATION('',(#3056),#3060);
#3056 = LINE('',#3057,#3058);
#3057 = CARTESIAN_POINT('',(0.,0.));
#3058 = VECTOR('',#3059,1.);
#3059 = DIRECTION('',(1.,0.));
#3060 = ( GEOMETRIC_REPRESENTATION_CONTEXT(2) 
PARAMETRIC_REPRESENTATION_CONTEXT() REPRESENTATION_CONTEXT('2D SPACE',''
  ) );
#3061 = ORIENTED_EDGE('',*,*,#3062,.T.);
#3062 = EDGE_CURVE('',#3035,#3063,#3065,.T.);
#3063 = VERTEX_POINT('',#3064);
#3064 = CARTESIAN_POINT('',(3.686615401132,12.153142263799,-1.8E-02));
#3065 = SURFACE_CURVE('',#3066,(#3070,#3077),.PCURVE_S1.);
#3066 = LINE('',#3067,#3068);
#3067 = CARTESIAN_POINT('',(3.085848284771,12.319396915571,-1.8E-02));
#3068 = VECTOR('',#3069,1.);
#3069 = DIRECTION('',(0.963776065795,-0.266712757475,0.));
#3070 = PCURVE('',#126,#3071);
#3071 = DEFINITIONAL_REPRESENTATION('',(#3072),#3076);
#3072 = LINE('',#3073,#3074);
#3073 = CARTESIAN_POINT('',(-3.085848284771,12.319396915571));
#3074 = VECTOR('',#3075,1.);
#3075 = DIRECTION('',(-0.963776065795,-0.266712757475));
#3076 = ( GEOMETRIC_REPRESENTATION_CONTEXT(2) 
PARAMETRIC_REPRESENTATION_CONTEXT() REPRESENTATION_CONTEXT('2D SPACE',''
  ) );
#3077 = PCURVE('',#3078,#3083);
#3078 = PLANE('',#3079);
#3079 = AXIS2_PLACEMENT_3D('',#3080,#3081,#3082);
#3080 = CARTESIAN_POINT('',(3.085848284771,12.319396915571,-1.8E-02));
#3081 = DIRECTION('',(0.266712757475,0.963776065795,-0.));
#3082 = DIRECTION('',(0.963776065795,-0.266712757475,0.));
#3083 = DEFINITIONAL_REPRESENTATION('',(#3084),#3088);
#3084 = LINE('',#3085,#3086);
#3085 = CARTESIAN_POINT('',(0.,0.));
#3086 = VECTOR('',#3087,1.);
#3087 = DIRECTION('',(1.,0.));
#3088 = ( GEOMETRIC_REPRESENTATION_CONTEXT(2) 
PARAMETRIC_REPRESENTATION_CONTEXT() REPRESENTATION_CONTEXT('2D SPACE',''
  ) );
#3089 = ORIENTED_EDGE('',*,*,#3090,.T.);
#3090 = EDGE_CURVE('',#3063,#3091,#3093,.T.);
#3091 = VERTEX_POINT('',#3092);
#3092 = CARTESIAN_POINT('',(4.278501138081,11.957609627824,-1.8E-02));
#3093 = SURFACE_CURVE('',#3094,(#3098,#3105),.PCURVE_S1.);
#3094 = LINE('',#3095,#3096);
#3095 = CARTESIAN_POINT('',(3.686615401132,12.153142263799,-1.8E-02));
#3096 = VECTOR('',#3097,1.);
#3097 = DIRECTION('',(0.949528180593,-0.313681740399,0.));
#3098 = PCURVE('',#126,#3099);
#3099 = DEFINITIONAL_REPRESENTATION('',(#3100),#3104);
#3100 = LINE('',#3101,#3102);
#3101 = CARTESIAN_POINT('',(-3.686615401132,12.153142263799));
#3102 = VECTOR('',#3103,1.);
#3103 = DIRECTION('',(-0.949528180593,-0.313681740399));
#3104 = ( GEOMETRIC_REPRESENTATION_CONTEXT(2) 
PARAMETRIC_REPRESENTATION_CONTEXT() REPRESENTATION_CONTEXT('2D SPACE',''
  ) );
#3105 = PCURVE('',#3106,#3111);
#3106 = PLANE('',#3107);
#3107 = AXIS2_PLACEMENT_3D('',#3108,#3109,#3110);
#3108 = CARTESIAN_POINT('',(3.686615401132,12.153142263799,-1.8E-02));
#3109 = DIRECTION('',(0.313681740399,0.949528180593,-0.));
#3110 = DIRECTION('',(0.949528180593,-0.313681740399,0.));
#3111 = DEFINITIONAL_REPRESENTATION('',(#3112),#3116);
#3112 = LINE('',#3113,#3114);
#3113 = CARTESIAN_POINT('',(0.,0.));
#3114 = VECTOR('',#3115,1.);
#3115 = DIRECTION('',(1.,0.));
#3116 = ( GEOMETRIC_REPRESENTATION_CONTEXT(2) 
PARAMETRIC_REPRESENTATION_CONTEXT() REPRESENTATION_CONTEXT('2D SPACE',''
  ) );
#3117 = ORIENTED_EDGE('',*,*,#3118,.T.);
#3118 = EDGE_CURVE('',#3091,#3119,#3121,.T.);
#3119 = VERTEX_POINT('',#3120);
#3120 = CARTESIAN_POINT('',(4.860079591037,11.733270062893,-1.8E-02));
#3121 = SURFACE_CURVE('',#3122,(#3126,#3133),.PCURVE_S1.);
#3122 = LINE('',#3123,#3124);
#3123 = CARTESIAN_POINT('',(4.278501138081,11.957609627824,-1.8E-02));
#3124 = VECTOR('',#3125,1.);
#3125 = DIRECTION('',(0.932992798835,-0.359895036535,0.));
#3126 = PCURVE('',#126,#3127);
#3127 = DEFINITIONAL_REPRESENTATION('',(#3128),#3132);
#3128 = LINE('',#3129,#3130);
#3129 = CARTESIAN_POINT('',(-4.278501138081,11.957609627824));
#3130 = VECTOR('',#3131,1.);
#3131 = DIRECTION('',(-0.932992798835,-0.359895036535));
#3132 = ( GEOMETRIC_REPRESENTATION_CONTEXT(2) 
PARAMETRIC_REPRESENTATION_CONTEXT() REPRESENTATION_CONTEXT('2D SPACE',''
  ) );
#3133 = PCURVE('',#3134,#3139);
#3134 = PLANE('',#3135);
#3135 = AXIS2_PLACEMENT_3D('',#3136,#3137,#3138);
#3136 = CARTESIAN_POINT('',(4.278501138081,11.957609627824,-1.8E-02));
#3137 = DIRECTION('',(0.359895036535,0.932992798835,-0.));
#3138 = DIRECTION('',(0.932992798835,-0.359895036535,0.));
#3139 = DEFINITIONAL_REPRESENTATION('',(#3140),#3144);
#3140 = LINE('',#3141,#3142);
#3141 = CARTESIAN_POINT('',(0.,0.));
#3142 = VECTOR('',#3143,1.);
#3143 = DIRECTION('',(1.,0.));
#3144 = ( GEOMETRIC_REPRESENTATION_CONTEXT(2) 
PARAMETRIC_REPRESENTATION_CONTEXT() REPRESENTATION_CONTEXT('2D SPACE',''
  ) );
#3145 = ORIENTED_EDGE('',*,*,#3146,.T.);
#3146 = EDGE_CURVE('',#3119,#3147,#3149,.T.);
#3147 = VERTEX_POINT('',#3148);
#3148 = CARTESIAN_POINT('',(5.429949686565,11.480664022668,-1.8E-02));
#3149 = SURFACE_CURVE('',#3150,(#3154,#3161),.PCURVE_S1.);
#3150 = LINE('',#3151,#3152);
#3151 = CARTESIAN_POINT('',(4.860079591037,11.733270062893,-1.8E-02));
#3152 = VECTOR('',#3153,1.);
#3153 = DIRECTION('',(0.914209755704,-0.405241314005,0.));
#3154 = PCURVE('',#126,#3155);
#3155 = DEFINITIONAL_REPRESENTATION('',(#3156),#3160);
#3156 = LINE('',#3157,#3158);
#3157 = CARTESIAN_POINT('',(-4.860079591037,11.733270062893));
#3158 = VECTOR('',#3159,1.);
#3159 = DIRECTION('',(-0.914209755704,-0.405241314005));
#3160 = ( GEOMETRIC_REPRESENTATION_CONTEXT(2) 
PARAMETRIC_REPRESENTATION_CONTEXT() REPRESENTATION_CONTEXT('2D SPACE',''
  ) );
#3161 = PCURVE('',#3162,#3167);
#3162 = PLANE('',#3163);
#3163 = AXIS2_PLACEMENT_3D('',#3164,#3165,#3166);
#3164 = CARTESIAN_POINT('',(4.860079591037,11.733270062893,-1.8E-02));
#3165 = DIRECTION('',(0.405241314005,0.914209755704,-0.));
#3166 = DIRECTION('',(0.914209755704,-0.405241314005,0.));
#3167 = DEFINITIONAL_REPRESENTATION('',(#3168),#3172);
#3168 = LINE('',#3169,#3170);
#3169 = CARTESIAN_POINT('',(0.,0.));
#3170 = VECTOR('',#3171,1.);
#3171 = DIRECTION('',(1.,0.));
#3172 = ( GEOMETRIC_REPRESENTATION_CONTEXT(2) 
PARAMETRIC_REPRESENTATION_CONTEXT() REPRESENTATION_CONTEXT('2D SPACE',''
  ) );
#3173 = ORIENTED_EDGE('',*,*,#3174,.T.);
#3174 = EDGE_CURVE('',#3147,#3175,#3177,.T.);
#3175 = VERTEX_POINT('',#3176);
#3176 = CARTESIAN_POINT('',(5.98673855769,11.200400057224,-1.8E-02));
#3177 = SURFACE_CURVE('',#3178,(#3182,#3189),.PCURVE_S1.);
#3178 = LINE('',#3179,#3180);
#3179 = CARTESIAN_POINT('',(5.429949686565,11.480664022668,-1.8E-02));
#3180 = VECTOR('',#3181,1.);
#3181 = DIRECTION('',(0.893224301196,-0.449611329655,0.));
#3182 = PCURVE('',#126,#3183);
#3183 = DEFINITIONAL_REPRESENTATION('',(#3184),#3188);
#3184 = LINE('',#3185,#3186);
#3185 = CARTESIAN_POINT('',(-5.429949686565,11.480664022668));
#3186 = VECTOR('',#3187,1.);
#3187 = DIRECTION('',(-0.893224301196,-0.449611329655));
#3188 = ( GEOMETRIC_REPRESENTATION_CONTEXT(2) 
PARAMETRIC_REPRESENTATION_CONTEXT() REPRESENTATION_CONTEXT('2D SPACE',''
  ) );
#3189 = PCURVE('',#3190,#3195);
#3190 = PLANE('',#3191);
#3191 = AXIS2_PLACEMENT_3D('',#3192,#3193,#3194);
#3192 = CARTESIAN_POINT('',(5.429949686565,11.480664022668,-1.8E-02));
#3193 = DIRECTION('',(0.449611329655,0.893224301196,-0.));
#3194 = DIRECTION('',(0.893224301196,-0.449611329655,0.));
#3195 = DEFINITIONAL_REPRESENTATION('',(#3196),#3200);
#3196 = LINE('',#3197,#3198);
#3197 = CARTESIAN_POINT('',(0.,0.));
#3198 = VECTOR('',#3199,1.);
#3199 = DIRECTION('',(1.,0.));
#3200 = ( GEOMETRIC_REPRESENTATION_CONTEXT(2) 
PARAMETRIC_REPRESENTATION_CONTEXT() REPRESENTATION_CONTEXT('2D SPACE',''
  ) );
#3201 = ORIENTED_EDGE('',*,*,#3202,.T.);
#3202 = EDGE_CURVE('',#3175,#3203,#3205,.T.);
#3203 = VERTEX_POINT('',#3204);
#3204 = CARTESIAN_POINT('',(6.529104851254,10.893153347003,-1.8E-02));
#3205 = SURFACE_CURVE('',#3206,(#3210,#3217),.PCURVE_S1.);
#3206 = LINE('',#3207,#3208);
#3207 = CARTESIAN_POINT('',(5.98673855769,11.200400057224,-1.8E-02));
#3208 = VECTOR('',#3209,1.);
#3209 = DIRECTION('',(0.870086991109,-0.49289819223,0.));
#3210 = PCURVE('',#126,#3211);
#3211 = DEFINITIONAL_REPRESENTATION('',(#3212),#3216);
#3212 = LINE('',#3213,#3214);
#3213 = CARTESIAN_POINT('',(-5.98673855769,11.200400057224));
#3214 = VECTOR('',#3215,1.);
#3215 = DIRECTION('',(-0.870086991109,-0.49289819223));
#3216 = ( GEOMETRIC_REPRESENTATION_CONTEXT(2) 
PARAMETRIC_REPRESENTATION_CONTEXT() REPRESENTATION_CONTEXT('2D SPACE',''
  ) );
#3217 = PCURVE('',#3218,#3223);
#3218 = PLANE('',#3219);
#3219 = AXIS2_PLACEMENT_3D('',#3220,#3221,#3222);
#3220 = CARTESIAN_POINT('',(5.98673855769,11.200400057224,-1.8E-02));
#3221 = DIRECTION('',(0.49289819223,0.870086991109,-0.));
#3222 = DIRECTION('',(0.870086991109,-0.49289819223,0.));
#3223 = DEFINITIONAL_REPRESENTATION('',(#3224),#3228);
#3224 = LINE('',#3225,#3226);
#3225 = CARTESIAN_POINT('',(0.,0.));
#3226 = VECTOR('',#3227,1.);
#3227 = DIRECTION('',(1.,0.));
#3228 = ( GEOMETRIC_REPRESENTATION_CONTEXT(2) 
PARAMETRIC_REPRESENTATION_CONTEXT() REPRESENTATION_CONTEXT('2D SPACE',''
  ) );
#3229 = ORIENTED_EDGE('',*,*,#3230,.T.);
#3230 = EDGE_CURVE('',#3203,#3231,#3233,.T.);
#3231 = VERTEX_POINT('',#3232);
#3232 = CARTESIAN_POINT('',(7.055741959349,10.559664076242,-1.8E-02));
#3233 = SURFACE_CURVE('',#3234,(#3238,#3245),.PCURVE_S1.);
#3234 = LINE('',#3235,#3236);
#3235 = CARTESIAN_POINT('',(6.529104851254,10.893153347003,-1.8E-02));
#3236 = VECTOR('',#3237,1.);
#3237 = DIRECTION('',(0.84485356525,-0.534997619887,0.));
#3238 = PCURVE('',#126,#3239);
#3239 = DEFINITIONAL_REPRESENTATION('',(#3240),#3244);
#3240 = LINE('',#3241,#3242);
#3241 = CARTESIAN_POINT('',(-6.529104851254,10.893153347003));
#3242 = VECTOR('',#3243,1.);
#3243 = DIRECTION('',(-0.84485356525,-0.534997619887));
#3244 = ( GEOMETRIC_REPRESENTATION_CONTEXT(2) 
PARAMETRIC_REPRESENTATION_CONTEXT() REPRESENTATION_CONTEXT('2D SPACE',''
  ) );
#3245 = PCURVE('',#3246,#3251);
#3246 = PLANE('',#3247);
#3247 = AXIS2_PLACEMENT_3D('',#3248,#3249,#3250);
#3248 = CARTESIAN_POINT('',(6.529104851254,10.893153347003,-1.8E-02));
#3249 = DIRECTION('',(0.534997619887,0.84485356525,-0.));
#3250 = DIRECTION('',(0.84485356525,-0.534997619887,0.));
#3251 = DEFINITIONAL_REPRESENTATION('',(#3252),#3256);
#3252 = LINE('',#3253,#3254);
#3253 = CARTESIAN_POINT('',(0.,0.));
#3254 = VECTOR('',#3255,1.);
#3255 = DIRECTION('',(1.,0.));
#3256 = ( GEOMETRIC_REPRESENTATION_CONTEXT(2) 
PARAMETRIC_REPRESENTATION_CONTEXT() REPRESENTATION_CONTEXT('2D SPACE',''
  ) );
#3257 = ORIENTED_EDGE('',*,*,#3258,.T.);
#3258 = EDGE_CURVE('',#3231,#3259,#3261,.T.);
#3259 = VERTEX_POINT('',#3260);
#3260 = CARTESIAN_POINT('',(7.565381167054,10.200735649804,-1.8E-02));
#3261 = SURFACE_CURVE('',#3262,(#3266,#3273),.PCURVE_S1.);
#3262 = LINE('',#3263,#3264);
#3263 = CARTESIAN_POINT('',(7.055741959349,10.559664076242,-1.8E-02));
#3264 = VECTOR('',#3265,1.);
#3265 = DIRECTION('',(0.817584813152,-0.575808191418,0.));
#3266 = PCURVE('',#126,#3267);
#3267 = DEFINITIONAL_REPRESENTATION('',(#3268),#3272);
#3268 = LINE('',#3269,#3270);
#3269 = CARTESIAN_POINT('',(-7.055741959349,10.559664076242));
#3270 = VECTOR('',#3271,1.);
#3271 = DIRECTION('',(-0.817584813152,-0.575808191418));
#3272 = ( GEOMETRIC_REPRESENTATION_CONTEXT(2) 
PARAMETRIC_REPRESENTATION_CONTEXT() REPRESENTATION_CONTEXT('2D SPACE',''
  ) );
#3273 = PCURVE('',#3274,#3279);
#3274 = PLANE('',#3275);
#3275 = AXIS2_PLACEMENT_3D('',#3276,#3277,#3278);
#3276 = CARTESIAN_POINT('',(7.055741959349,10.559664076242,-1.8E-02));
#3277 = DIRECTION('',(0.575808191418,0.817584813152,-0.));
#3278 = DIRECTION('',(0.817584813152,-0.575808191418,0.));
#3279 = DEFINITIONAL_REPRESENTATION('',(#3280),#3284);
#3280 = LINE('',#3281,#3282);
#3281 = CARTESIAN_POINT('',(0.,0.));
#3282 = VECTOR('',#3283,1.);
#3283 = DIRECTION('',(1.,0.));
#3284 = ( GEOMETRIC_REPRESENTATION_CONTEXT(2) 
PARAMETRIC_REPRESENTATION_CONTEXT() REPRESENTATION_CONTEXT('2D SPACE',''
  ) );
#3285 = ORIENTED_EDGE('',*,*,#3286,.T.);
#3286 = EDGE_CURVE('',#3259,#3287,#3289,.T.);
#3287 = VERTEX_POINT('',#3288);
#3288 = CARTESIAN_POINT('',(8.056794708878,9.817232757707,-1.8E-02));
#3289 = SURFACE_CURVE('',#3290,(#3294,#3301),.PCURVE_S1.);
#3290 = LINE('',#3291,#3292);
#3291 = CARTESIAN_POINT('',(7.565381167054,10.200735649804,-1.8E-02));
#3292 = VECTOR('',#3293,1.);
#3293 = DIRECTION('',(0.788346427627,-0.615231590581,0.));
#3294 = PCURVE('',#126,#3295);
#3295 = DEFINITIONAL_REPRESENTATION('',(#3296),#3300);
#3296 = LINE('',#3297,#3298);
#3297 = CARTESIAN_POINT('',(-7.565381167054,10.200735649804));
#3298 = VECTOR('',#3299,1.);
#3299 = DIRECTION('',(-0.788346427627,-0.615231590581));
#3300 = ( GEOMETRIC_REPRESENTATION_CONTEXT(2) 
PARAMETRIC_REPRESENTATION_CONTEXT() REPRESENTATION_CONTEXT('2D SPACE',''
  ) );
#3301 = PCURVE('',#3302,#3307);
#3302 = PLANE('',#3303);
#3303 = AXIS2_PLACEMENT_3D('',#3304,#3305,#3306);
#3304 = CARTESIAN_POINT('',(7.565381167054,10.200735649804,-1.8E-02));
#3305 = DIRECTION('',(0.615231590581,0.788346427627,-0.));
#3306 = DIRECTION('',(0.788346427627,-0.615231590581,0.));
#3307 = DEFINITIONAL_REPRESENTATION('',(#3308),#3312);
#3308 = LINE('',#3309,#3310);
#3309 = CARTESIAN_POINT('',(0.,0.));
#3310 = VECTOR('',#3311,1.);
#3311 = DIRECTION('',(1.,0.));
#3312 = ( GEOMETRIC_REPRESENTATION_CONTEXT(2) 
PARAMETRIC_REPRESENTATION_CONTEXT() REPRESENTATION_CONTEXT('2D SPACE',''
  ) );
#3313 = ORIENTED_EDGE('',*,*,#3314,.T.);
#3314 = EDGE_CURVE('',#3287,#3315,#3317,.T.);
#3315 = VERTEX_POINT('',#3316);
#3316 = CARTESIAN_POINT('',(8.528798726557,9.410079292008,-1.8E-02));
#3317 = SURFACE_CURVE('',#3318,(#3322,#3329),.PCURVE_S1.);
#3318 = LINE('',#3319,#3320);
#3319 = CARTESIAN_POINT('',(8.056794708878,9.817232757707,-1.8E-02));
#3320 = VECTOR('',#3321,1.);
#3321 = DIRECTION('',(0.757208846506,-0.653172842954,0.));
#3322 = PCURVE('',#126,#3323);
#3323 = DEFINITIONAL_REPRESENTATION('',(#3324),#3328);
#3324 = LINE('',#3325,#3326);
#3325 = CARTESIAN_POINT('',(-8.056794708878,9.817232757707));
#3326 = VECTOR('',#3327,1.);
#3327 = DIRECTION('',(-0.757208846506,-0.653172842954));
#3328 = ( GEOMETRIC_REPRESENTATION_CONTEXT(2) 
PARAMETRIC_REPRESENTATION_CONTEXT() REPRESENTATION_CONTEXT('2D SPACE',''
  ) );
#3329 = PCURVE('',#3330,#3335);
#3330 = PLANE('',#3331);
#3331 = AXIS2_PLACEMENT_3D('',#3332,#3333,#3334);
#3332 = CARTESIAN_POINT('',(8.056794708878,9.817232757707,-1.8E-02));
#3333 = DIRECTION('',(0.653172842954,0.757208846506,-0.));
#3334 = DIRECTION('',(0.757208846506,-0.653172842954,0.));
#3335 = DEFINITIONAL_REPRESENTATION('',(#3336),#3340);
#3336 = LINE('',#3337,#3338);
#3337 = CARTESIAN_POINT('',(0.,0.));
#3338 = VECTOR('',#3339,1.);
#3339 = DIRECTION('',(1.,0.));
#3340 = ( GEOMETRIC_REPRESENTATION_CONTEXT(2) 
PARAMETRIC_REPRESENTATION_CONTEXT() REPRESENTATION_CONTEXT('2D SPACE',''
  ) );
#3341 = ORIENTED_EDGE('',*,*,#3342,.T.);
#3342 = EDGE_CURVE('',#3315,#3343,#3345,.T.);
#3343 = VERTEX_POINT('',#3344);
#3344 = CARTESIAN_POINT('',(8.980256121069,8.980256121069,-1.8E-02));
#3345 = SURFACE_CURVE('',#3346,(#3350,#3357),.PCURVE_S1.);
#3346 = LINE('',#3347,#3348);
#3347 = CARTESIAN_POINT('',(8.528798726557,9.410079292008,-1.8E-02));
#3348 = VECTOR('',#3349,1.);
#3349 = DIRECTION('',(0.724247082951,-0.689540544737,0.));
#3350 = PCURVE('',#126,#3351);
#3351 = DEFINITIONAL_REPRESENTATION('',(#3352),#3356);
#3352 = LINE('',#3353,#3354);
#3353 = CARTESIAN_POINT('',(-8.528798726557,9.410079292008));
#3354 = VECTOR('',#3355,1.);
#3355 = DIRECTION('',(-0.724247082951,-0.689540544737));
#3356 = ( GEOMETRIC_REPRESENTATION_CONTEXT(2) 
PARAMETRIC_REPRESENTATION_CONTEXT() REPRESENTATION_CONTEXT('2D SPACE',''
  ) );
#3357 = PCURVE('',#3358,#3363);
#3358 = PLANE('',#3359);
#3359 = AXIS2_PLACEMENT_3D('',#3360,#3361,#3362);
#3360 = CARTESIAN_POINT('',(8.528798726557,9.410079292008,-1.8E-02));
#3361 = DIRECTION('',(0.689540544737,0.724247082951,-0.));
#3362 = DIRECTION('',(0.724247082951,-0.689540544737,0.));
#3363 = DEFINITIONAL_REPRESENTATION('',(#3364),#3368);
#3364 = LINE('',#3365,#3366);
#3365 = CARTESIAN_POINT('',(0.,0.));
#3366 = VECTOR('',#3367,1.);
#3367 = DIRECTION('',(1.,0.));
#3368 = ( GEOMETRIC_REPRESENTATION_CONTEXT(2) 
PARAMETRIC_REPRESENTATION_CONTEXT() REPRESENTATION_CONTEXT('2D SPACE',''
  ) );
#3369 = ORIENTED_EDGE('',*,*,#3370,.T.);
#3370 = EDGE_CURVE('',#3343,#3371,#3373,.T.);
#3371 = VERTEX_POINT('',#3372);
#3372 = CARTESIAN_POINT('',(9.410079292008,8.528798726557,-1.8E-02));
#3373 = SURFACE_CURVE('',#3374,(#3378,#3385),.PCURVE_S1.);
#3374 = LINE('',#3375,#3376);
#3375 = CARTESIAN_POINT('',(8.980256121069,8.980256121069,-1.8E-02));
#3376 = VECTOR('',#3377,1.);
#3377 = DIRECTION('',(0.689540544737,-0.724247082951,0.));
#3378 = PCURVE('',#126,#3379);
#3379 = DEFINITIONAL_REPRESENTATION('',(#3380),#3384);
#3380 = LINE('',#3381,#3382);
#3381 = CARTESIAN_POINT('',(-8.980256121069,8.980256121069));
#3382 = VECTOR('',#3383,1.);
#3383 = DIRECTION('',(-0.689540544737,-0.724247082951));
#3384 = ( GEOMETRIC_REPRESENTATION_CONTEXT(2) 
PARAMETRIC_REPRESENTATION_CONTEXT() REPRESENTATION_CONTEXT('2D SPACE',''
  ) );
#3385 = PCURVE('',#3386,#3391);
#3386 = PLANE('',#3387);
#3387 = AXIS2_PLACEMENT_3D('',#3388,#3389,#3390);
#3388 = CARTESIAN_POINT('',(8.980256121069,8.980256121069,-1.8E-02));
#3389 = DIRECTION('',(0.724247082951,0.689540544737,-0.));
#3390 = DIRECTION('',(0.689540544737,-0.724247082951,0.));
#3391 = DEFINITIONAL_REPRESENTATION('',(#3392),#3396);
#3392 = LINE('',#3393,#3394);
#3393 = CARTESIAN_POINT('',(0.,0.));
#3394 = VECTOR('',#3395,1.);
#3395 = DIRECTION('',(1.,0.));
#3396 = ( GEOMETRIC_REPRESENTATION_CONTEXT(2) 
PARAMETRIC_REPRESENTATION_CONTEXT() REPRESENTATION_CONTEXT('2D SPACE',''
  ) );
#3397 = ORIENTED_EDGE('',*,*,#3398,.T.);
#3398 = EDGE_CURVE('',#3371,#3399,#3401,.T.);
#3399 = VERTEX_POINT('',#3400);
#3400 = CARTESIAN_POINT('',(9.817232757707,8.056794708878,-1.8E-02));
#3401 = SURFACE_CURVE('',#3402,(#3406,#3413),.PCURVE_S1.);
#3402 = LINE('',#3403,#3404);
#3403 = CARTESIAN_POINT('',(9.410079292008,8.528798726557,-1.8E-02));
#3404 = VECTOR('',#3405,1.);
#3405 = DIRECTION('',(0.653172842954,-0.757208846506,0.));
#3406 = PCURVE('',#126,#3407);
#3407 = DEFINITIONAL_REPRESENTATION('',(#3408),#3412);
#3408 = LINE('',#3409,#3410);
#3409 = CARTESIAN_POINT('',(-9.410079292008,8.528798726557));
#3410 = VECTOR('',#3411,1.);
#3411 = DIRECTION('',(-0.653172842954,-0.757208846506));
#3412 = ( GEOMETRIC_REPRESENTATION_CONTEXT(2) 
PARAMETRIC_REPRESENTATION_CONTEXT() REPRESENTATION_CONTEXT('2D SPACE',''
  ) );
#3413 = PCURVE('',#3414,#3419);
#3414 = PLANE('',#3415);
#3415 = AXIS2_PLACEMENT_3D('',#3416,#3417,#3418);
#3416 = CARTESIAN_POINT('',(9.410079292008,8.528798726557,-1.8E-02));
#3417 = DIRECTION('',(0.757208846506,0.653172842954,-0.));
#3418 = DIRECTION('',(0.653172842954,-0.757208846506,0.));
#3419 = DEFINITIONAL_REPRESENTATION('',(#3420),#3424);
#3420 = LINE('',#3421,#3422);
#3421 = CARTESIAN_POINT('',(0.,0.));
#3422 = VECTOR('',#3423,1.);
#3423 = DIRECTION('',(1.,0.));
#3424 = ( GEOMETRIC_REPRESENTATION_CONTEXT(2) 
PARAMETRIC_REPRESENTATION_CONTEXT() REPRESENTATION_CONTEXT('2D SPACE',''
  ) );
#3425 = ORIENTED_EDGE('',*,*,#3426,.T.);
#3426 = EDGE_CURVE('',#3399,#3427,#3429,.T.);
#3427 = VERTEX_POINT('',#3428);
#3428 = CARTESIAN_POINT('',(10.200735649804,7.565381167054,-1.8E-02));
#3429 = SURFACE_CURVE('',#3430,(#3434,#3441),.PCURVE_S1.);
#3430 = LINE('',#3431,#3432);
#3431 = CARTESIAN_POINT('',(9.817232757707,8.056794708878,-1.8E-02));
#3432 = VECTOR('',#3433,1.);
#3433 = DIRECTION('',(0.615231590581,-0.788346427627,0.));
#3434 = PCURVE('',#126,#3435);
#3435 = DEFINITIONAL_REPRESENTATION('',(#3436),#3440);
#3436 = LINE('',#3437,#3438);
#3437 = CARTESIAN_POINT('',(-9.817232757707,8.056794708878));
#3438 = VECTOR('',#3439,1.);
#3439 = DIRECTION('',(-0.615231590581,-0.788346427627));
#3440 = ( GEOMETRIC_REPRESENTATION_CONTEXT(2) 
PARAMETRIC_REPRESENTATION_CONTEXT() REPRESENTATION_CONTEXT('2D SPACE',''
  ) );
#3441 = PCURVE('',#3442,#3447);
#3442 = PLANE('',#3443);
#3443 = AXIS2_PLACEMENT_3D('',#3444,#3445,#3446);
#3444 = CARTESIAN_POINT('',(9.817232757707,8.056794708878,-1.8E-02));
#3445 = DIRECTION('',(0.788346427627,0.615231590581,-0.));
#3446 = DIRECTION('',(0.615231590581,-0.788346427627,0.));
#3447 = DEFINITIONAL_REPRESENTATION('',(#3448),#3452);
#3448 = LINE('',#3449,#3450);
#3449 = CARTESIAN_POINT('',(0.,0.));
#3450 = VECTOR('',#3451,1.);
#3451 = DIRECTION('',(1.,0.));
#3452 = ( GEOMETRIC_REPRESENTATION_CONTEXT(2) 
PARAMETRIC_REPRESENTATION_CONTEXT() REPRESENTATION_CONTEXT('2D SPACE',''
  ) );
#3453 = ORIENTED_EDGE('',*,*,#3454,.T.);
#3454 = EDGE_CURVE('',#3427,#3455,#3457,.T.);
#3455 = VERTEX_POINT('',#3456);
#3456 = CARTESIAN_POINT('',(10.559664076242,7.055741959349,-1.8E-02));
#3457 = SURFACE_CURVE('',#3458,(#3462,#3469),.PCURVE_S1.);
#3458 = LINE('',#3459,#3460);
#3459 = CARTESIAN_POINT('',(10.200735649804,7.565381167054,-1.8E-02));
#3460 = VECTOR('',#3461,1.);
#3461 = DIRECTION('',(0.575808191418,-0.817584813152,0.));
#3462 = PCURVE('',#126,#3463);
#3463 = DEFINITIONAL_REPRESENTATION('',(#3464),#3468);
#3464 = LINE('',#3465,#3466);
#3465 = CARTESIAN_POINT('',(-10.2007356498,7.565381167054));
#3466 = VECTOR('',#3467,1.);
#3467 = DIRECTION('',(-0.575808191418,-0.817584813152));
#3468 = ( GEOMETRIC_REPRESENTATION_CONTEXT(2) 
PARAMETRIC_REPRESENTATION_CONTEXT() REPRESENTATION_CONTEXT('2D SPACE',''
  ) );
#3469 = PCURVE('',#3470,#3475);
#3470 = PLANE('',#3471);
#3471 = AXIS2_PLACEMENT_3D('',#3472,#3473,#3474);
#3472 = CARTESIAN_POINT('',(10.200735649804,7.565381167054,-1.8E-02));
#3473 = DIRECTION('',(0.817584813152,0.575808191418,-0.));
#3474 = DIRECTION('',(0.575808191418,-0.817584813152,0.));
#3475 = DEFINITIONAL_REPRESENTATION('',(#3476),#3480);
#3476 = LINE('',#3477,#3478);
#3477 = CARTESIAN_POINT('',(0.,0.));
#3478 = VECTOR('',#3479,1.);
#3479 = DIRECTION('',(1.,0.));
#3480 = ( GEOMETRIC_REPRESENTATION_CONTEXT(2) 
PARAMETRIC_REPRESENTATION_CONTEXT() REPRESENTATION_CONTEXT('2D SPACE',''
  ) );
#3481 = ORIENTED_EDGE('',*,*,#3482,.T.);
#3482 = EDGE_CURVE('',#3455,#3483,#3485,.T.);
#3483 = VERTEX_POINT('',#3484);
#3484 = CARTESIAN_POINT('',(10.893153347003,6.529104851254,-1.8E-02));
#3485 = SURFACE_CURVE('',#3486,(#3490,#3497),.PCURVE_S1.);
#3486 = LINE('',#3487,#3488);
#3487 = CARTESIAN_POINT('',(10.559664076242,7.055741959349,-1.8E-02));
#3488 = VECTOR('',#3489,1.);
#3489 = DIRECTION('',(0.534997619887,-0.84485356525,0.));
#3490 = PCURVE('',#126,#3491);
#3491 = DEFINITIONAL_REPRESENTATION('',(#3492),#3496);
#3492 = LINE('',#3493,#3494);
#3493 = CARTESIAN_POINT('',(-10.55966407624,7.055741959349));
#3494 = VECTOR('',#3495,1.);
#3495 = DIRECTION('',(-0.534997619887,-0.84485356525));
#3496 = ( GEOMETRIC_REPRESENTATION_CONTEXT(2) 
PARAMETRIC_REPRESENTATION_CONTEXT() REPRESENTATION_CONTEXT('2D SPACE',''
  ) );
#3497 = PCURVE('',#3498,#3503);
#3498 = PLANE('',#3499);
#3499 = AXIS2_PLACEMENT_3D('',#3500,#3501,#3502);
#3500 = CARTESIAN_POINT('',(10.559664076242,7.055741959349,-1.8E-02));
#3501 = DIRECTION('',(0.84485356525,0.534997619887,-0.));
#3502 = DIRECTION('',(0.534997619887,-0.84485356525,0.));
#3503 = DEFINITIONAL_REPRESENTATION('',(#3504),#3508);
#3504 = LINE('',#3505,#3506);
#3505 = CARTESIAN_POINT('',(0.,0.));
#3506 = VECTOR('',#3507,1.);
#3507 = DIRECTION('',(1.,0.));
#3508 = ( GEOMETRIC_REPRESENTATION_CONTEXT(2) 
PARAMETRIC_REPRESENTATION_CONTEXT() REPRESENTATION_CONTEXT('2D SPACE',''
  ) );
#3509 = ORIENTED_EDGE('',*,*,#3510,.T.);
#3510 = EDGE_CURVE('',#3483,#3511,#3513,.T.);
#3511 = VERTEX_POINT('',#3512);
#3512 = CARTESIAN_POINT('',(11.200400057224,5.98673855769,-1.8E-02));
#3513 = SURFACE_CURVE('',#3514,(#3518,#3525),.PCURVE_S1.);
#3514 = LINE('',#3515,#3516);
#3515 = CARTESIAN_POINT('',(10.893153347003,6.529104851254,-1.8E-02));
#3516 = VECTOR('',#3517,1.);
#3517 = DIRECTION('',(0.49289819223,-0.870086991109,0.));
#3518 = PCURVE('',#126,#3519);
#3519 = DEFINITIONAL_REPRESENTATION('',(#3520),#3524);
#3520 = LINE('',#3521,#3522);
#3521 = CARTESIAN_POINT('',(-10.893153347,6.529104851254));
#3522 = VECTOR('',#3523,1.);
#3523 = DIRECTION('',(-0.49289819223,-0.870086991109));
#3524 = ( GEOMETRIC_REPRESENTATION_CONTEXT(2) 
PARAMETRIC_REPRESENTATION_CONTEXT() REPRESENTATION_CONTEXT('2D SPACE',''
  ) );
#3525 = PCURVE('',#3526,#3531);
#3526 = PLANE('',#3527);
#3527 = AXIS2_PLACEMENT_3D('',#3528,#3529,#3530);
#3528 = CARTESIAN_POINT('',(10.893153347003,6.529104851254,-1.8E-02));
#3529 = DIRECTION('',(0.870086991109,0.49289819223,-0.));
#3530 = DIRECTION('',(0.49289819223,-0.870086991109,0.));
#3531 = DEFINITIONAL_REPRESENTATION('',(#3532),#3536);
#3532 = LINE('',#3533,#3534);
#3533 = CARTESIAN_POINT('',(0.,0.));
#3534 = VECTOR('',#3535,1.);
#3535 = DIRECTION('',(1.,0.));
#3536 = ( GEOMETRIC_REPRESENTATION_CONTEXT(2) 
PARAMETRIC_REPRESENTATION_CONTEXT() REPRESENTATION_CONTEXT('2D SPACE',''
  ) );
#3537 = ORIENTED_EDGE('',*,*,#3538,.T.);
#3538 = EDGE_CURVE('',#3511,#3539,#3541,.T.);
#3539 = VERTEX_POINT('',#3540);
#3540 = CARTESIAN_POINT('',(11.480664022668,5.429949686565,-1.8E-02));
#3541 = SURFACE_CURVE('',#3542,(#3546,#3553),.PCURVE_S1.);
#3542 = LINE('',#3543,#3544);
#3543 = CARTESIAN_POINT('',(11.200400057224,5.98673855769,-1.8E-02));
#3544 = VECTOR('',#3545,1.);
#3545 = DIRECTION('',(0.449611329655,-0.893224301196,0.));
#3546 = PCURVE('',#126,#3547);
#3547 = DEFINITIONAL_REPRESENTATION('',(#3548),#3552);
#3548 = LINE('',#3549,#3550);
#3549 = CARTESIAN_POINT('',(-11.20040005722,5.98673855769));
#3550 = VECTOR('',#3551,1.);
#3551 = DIRECTION('',(-0.449611329655,-0.893224301196));
#3552 = ( GEOMETRIC_REPRESENTATION_CONTEXT(2) 
PARAMETRIC_REPRESENTATION_CONTEXT() REPRESENTATION_CONTEXT('2D SPACE',''
  ) );
#3553 = PCURVE('',#3554,#3559);
#3554 = PLANE('',#3555);
#3555 = AXIS2_PLACEMENT_3D('',#3556,#3557,#3558);
#3556 = CARTESIAN_POINT('',(11.200400057224,5.98673855769,-1.8E-02));
#3557 = DIRECTION('',(0.893224301196,0.449611329655,-0.));
#3558 = DIRECTION('',(0.449611329655,-0.893224301196,0.));
#3559 = DEFINITIONAL_REPRESENTATION('',(#3560),#3564);
#3560 = LINE('',#3561,#3562);
#3561 = CARTESIAN_POINT('',(0.,0.));
#3562 = VECTOR('',#3563,1.);
#3563 = DIRECTION('',(1.,0.));
#3564 = ( GEOMETRIC_REPRESENTATION_CONTEXT(2) 
PARAMETRIC_REPRESENTATION_CONTEXT() REPRESENTATION_CONTEXT('2D SPACE',''
  ) );
#3565 = ORIENTED_EDGE('',*,*,#3566,.T.);
#3566 = EDGE_CURVE('',#3539,#3567,#3569,.T.);
#3567 = VERTEX_POINT('',#3568);
#3568 = CARTESIAN_POINT('',(11.733270062893,4.860079591037,-1.8E-02));
#3569 = SURFACE_CURVE('',#3570,(#3574,#3581),.PCURVE_S1.);
#3570 = LINE('',#3571,#3572);
#3571 = CARTESIAN_POINT('',(11.480664022668,5.429949686565,-1.8E-02));
#3572 = VECTOR('',#3573,1.);
#3573 = DIRECTION('',(0.405241314005,-0.914209755704,0.));
#3574 = PCURVE('',#126,#3575);
#3575 = DEFINITIONAL_REPRESENTATION('',(#3576),#3580);
#3576 = LINE('',#3577,#3578);
#3577 = CARTESIAN_POINT('',(-11.48066402266,5.429949686565));
#3578 = VECTOR('',#3579,1.);
#3579 = DIRECTION('',(-0.405241314005,-0.914209755704));
#3580 = ( GEOMETRIC_REPRESENTATION_CONTEXT(2) 
PARAMETRIC_REPRESENTATION_CONTEXT() REPRESENTATION_CONTEXT('2D SPACE',''
  ) );
#3581 = PCURVE('',#3582,#3587);
#3582 = PLANE('',#3583);
#3583 = AXIS2_PLACEMENT_3D('',#3584,#3585,#3586);
#3584 = CARTESIAN_POINT('',(11.480664022668,5.429949686565,-1.8E-02));
#3585 = DIRECTION('',(0.914209755704,0.405241314005,-0.));
#3586 = DIRECTION('',(0.405241314005,-0.914209755704,0.));
#3587 = DEFINITIONAL_REPRESENTATION('',(#3588),#3592);
#3588 = LINE('',#3589,#3590);
#3589 = CARTESIAN_POINT('',(0.,0.));
#3590 = VECTOR('',#3591,1.);
#3591 = DIRECTION('',(1.,0.));
#3592 = ( GEOMETRIC_REPRESENTATION_CONTEXT(2) 
PARAMETRIC_REPRESENTATION_CONTEXT() REPRESENTATION_CONTEXT('2D SPACE',''
  ) );
#3593 = ORIENTED_EDGE('',*,*,#3594,.T.);
#3594 = EDGE_CURVE('',#3567,#3595,#3597,.T.);
#3595 = VERTEX_POINT('',#3596);
#3596 = CARTESIAN_POINT('',(11.957609627824,4.278501138081,-1.8E-02));
#3597 = SURFACE_CURVE('',#3598,(#3602,#3609),.PCURVE_S1.);
#3598 = LINE('',#3599,#3600);
#3599 = CARTESIAN_POINT('',(11.733270062893,4.860079591037,-1.8E-02));
#3600 = VECTOR('',#3601,1.);
#3601 = DIRECTION('',(0.359895036535,-0.932992798835,0.));
#3602 = PCURVE('',#126,#3603);
#3603 = DEFINITIONAL_REPRESENTATION('',(#3604),#3608);
#3604 = LINE('',#3605,#3606);
#3605 = CARTESIAN_POINT('',(-11.73327006289,4.860079591037));
#3606 = VECTOR('',#3607,1.);
#3607 = DIRECTION('',(-0.359895036535,-0.932992798835));
#3608 = ( GEOMETRIC_REPRESENTATION_CONTEXT(2) 
PARAMETRIC_REPRESENTATION_CONTEXT() REPRESENTATION_CONTEXT('2D SPACE',''
  ) );
#3609 = PCURVE('',#3610,#3615);
#3610 = PLANE('',#3611);
#3611 = AXIS2_PLACEMENT_3D('',#3612,#3613,#3614);
#3612 = CARTESIAN_POINT('',(11.733270062893,4.860079591037,-1.8E-02));
#3613 = DIRECTION('',(0.932992798835,0.359895036535,-0.));
#3614 = DIRECTION('',(0.359895036535,-0.932992798835,0.));
#3615 = DEFINITIONAL_REPRESENTATION('',(#3616),#3620);
#3616 = LINE('',#3617,#3618);
#3617 = CARTESIAN_POINT('',(0.,0.));
#3618 = VECTOR('',#3619,1.);
#3619 = DIRECTION('',(1.,0.));
#3620 = ( GEOMETRIC_REPRESENTATION_CONTEXT(2) 
PARAMETRIC_REPRESENTATION_CONTEXT() REPRESENTATION_CONTEXT('2D SPACE',''
  ) );
#3621 = ORIENTED_EDGE('',*,*,#3622,.T.);
#3622 = EDGE_CURVE('',#3595,#3623,#3625,.T.);
#3623 = VERTEX_POINT('',#3624);
#3624 = CARTESIAN_POINT('',(12.153142263799,3.686615401132,-1.8E-02));
#3625 = SURFACE_CURVE('',#3626,(#3630,#3637),.PCURVE_S1.);
#3626 = LINE('',#3627,#3628);
#3627 = CARTESIAN_POINT('',(11.957609627824,4.278501138081,-1.8E-02));
#3628 = VECTOR('',#3629,1.);
#3629 = DIRECTION('',(0.313681740399,-0.949528180593,0.));
#3630 = PCURVE('',#126,#3631);
#3631 = DEFINITIONAL_REPRESENTATION('',(#3632),#3636);
#3632 = LINE('',#3633,#3634);
#3633 = CARTESIAN_POINT('',(-11.95760962782,4.278501138081));
#3634 = VECTOR('',#3635,1.);
#3635 = DIRECTION('',(-0.313681740399,-0.949528180593));
#3636 = ( GEOMETRIC_REPRESENTATION_CONTEXT(2) 
PARAMETRIC_REPRESENTATION_CONTEXT() REPRESENTATION_CONTEXT('2D SPACE',''
  ) );
#3637 = PCURVE('',#3638,#3643);
#3638 = PLANE('',#3639);
#3639 = AXIS2_PLACEMENT_3D('',#3640,#3641,#3642);
#3640 = CARTESIAN_POINT('',(11.957609627824,4.278501138081,-1.8E-02));
#3641 = DIRECTION('',(0.949528180593,0.313681740399,-0.));
#3642 = DIRECTION('',(0.313681740399,-0.949528180593,0.));
#3643 = DEFINITIONAL_REPRESENTATION('',(#3644),#3648);
#3644 = LINE('',#3645,#3646);
#3645 = CARTESIAN_POINT('',(0.,0.));
#3646 = VECTOR('',#3647,1.);
#3647 = DIRECTION('',(1.,0.));
#3648 = ( GEOMETRIC_REPRESENTATION_CONTEXT(2) 
PARAMETRIC_REPRESENTATION_CONTEXT() REPRESENTATION_CONTEXT('2D SPACE',''
  ) );
#3649 = ORIENTED_EDGE('',*,*,#3650,.T.);
#3650 = EDGE_CURVE('',#3623,#3651,#3653,.T.);
#3651 = VERTEX_POINT('',#3652);
#3652 = CARTESIAN_POINT('',(12.319396915571,3.085848284771,-1.8E-02));
#3653 = SURFACE_CURVE('',#3654,(#3658,#3665),.PCURVE_S1.);
#3654 = LINE('',#3655,#3656);
#3655 = CARTESIAN_POINT('',(12.153142263799,3.686615401132,-1.8E-02));
#3656 = VECTOR('',#3657,1.);
#3657 = DIRECTION('',(0.266712757475,-0.963776065795,0.));
#3658 = PCURVE('',#126,#3659);
#3659 = DEFINITIONAL_REPRESENTATION('',(#3660),#3664);
#3660 = LINE('',#3661,#3662);
#3661 = CARTESIAN_POINT('',(-12.15314226379,3.686615401132));
#3662 = VECTOR('',#3663,1.);
#3663 = DIRECTION('',(-0.266712757475,-0.963776065795));
#3664 = ( GEOMETRIC_REPRESENTATION_CONTEXT(2) 
PARAMETRIC_REPRESENTATION_CONTEXT() REPRESENTATION_CONTEXT('2D SPACE',''
  ) );
#3665 = PCURVE('',#3666,#3671);
#3666 = PLANE('',#3667);
#3667 = AXIS2_PLACEMENT_3D('',#3668,#3669,#3670);
#3668 = CARTESIAN_POINT('',(12.153142263799,3.686615401132,-1.8E-02));
#3669 = DIRECTION('',(0.963776065795,0.266712757475,-0.));
#3670 = DIRECTION('',(0.266712757475,-0.963776065795,0.));
#3671 = DEFINITIONAL_REPRESENTATION('',(#3672),#3676);
#3672 = LINE('',#3673,#3674);
#3673 = CARTESIAN_POINT('',(0.,0.));
#3674 = VECTOR('',#3675,1.);
#3675 = DIRECTION('',(1.,0.));
#3676 = ( GEOMETRIC_REPRESENTATION_CONTEXT(2) 
PARAMETRIC_REPRESENTATION_CONTEXT() REPRESENTATION_CONTEXT('2D SPACE',''
  ) );
#3677 = ORIENTED_EDGE('',*,*,#3678,.T.);
#3678 = EDGE_CURVE('',#3651,#3679,#3681,.T.);
#3679 = VERTEX_POINT('',#3680);
#3680 = CARTESIAN_POINT('',(12.455973061121,2.477647089605,-1.8E-02));
#3681 = SURFACE_CURVE('',#3682,(#3686,#3693),.PCURVE_S1.);
#3682 = LINE('',#3683,#3684);
#3683 = CARTESIAN_POINT('',(12.319396915571,3.085848284771,-1.8E-02));
#3684 = VECTOR('',#3685,1.);
#3685 = DIRECTION('',(0.219101240157,-0.975702130039,0.));
#3686 = PCURVE('',#126,#3687);
#3687 = DEFINITIONAL_REPRESENTATION('',(#3688),#3692);
#3688 = LINE('',#3689,#3690);
#3689 = CARTESIAN_POINT('',(-12.31939691557,3.085848284771));
#3690 = VECTOR('',#3691,1.);
#3691 = DIRECTION('',(-0.219101240157,-0.975702130039));
#3692 = ( GEOMETRIC_REPRESENTATION_CONTEXT(2) 
PARAMETRIC_REPRESENTATION_CONTEXT() REPRESENTATION_CONTEXT('2D SPACE',''
  ) );
#3693 = PCURVE('',#3694,#3699);
#3694 = PLANE('',#3695);
#3695 = AXIS2_PLACEMENT_3D('',#3696,#3697,#3698);
#3696 = CARTESIAN_POINT('',(12.319396915571,3.085848284771,-1.8E-02));
#3697 = DIRECTION('',(0.975702130039,0.219101240157,-0.));
#3698 = DIRECTION('',(0.219101240157,-0.975702130039,0.));
#3699 = DEFINITIONAL_REPRESENTATION('',(#3700),#3704);
#3700 = LINE('',#3701,#3702);
#3701 = CARTESIAN_POINT('',(0.,0.));
#3702 = VECTOR('',#3703,1.);
#3703 = DIRECTION('',(1.,0.));
#3704 = ( GEOMETRIC_REPRESENTATION_CONTEXT(2) 
PARAMETRIC_REPRESENTATION_CONTEXT() REPRESENTATION_CONTEXT('2D SPACE',''
  ) );
#3705 = ORIENTED_EDGE('',*,*,#3706,.T.);
#3706 = EDGE_CURVE('',#3679,#3707,#3709,.T.);
#3707 = VERTEX_POINT('',#3708);
#3708 = CARTESIAN_POINT('',(12.562541676553,1.863477025583,-1.8E-02));
#3709 = SURFACE_CURVE('',#3710,(#3714,#3721),.PCURVE_S1.);
#3710 = LINE('',#3711,#3712);
#3711 = CARTESIAN_POINT('',(12.455973061121,2.477647089605,-1.8E-02));
#3712 = VECTOR('',#3713,1.);
#3713 = DIRECTION('',(0.17096188876,-0.985277642389,0.));
#3714 = PCURVE('',#126,#3715);
#3715 = DEFINITIONAL_REPRESENTATION('',(#3716),#3720);
#3716 = LINE('',#3717,#3718);
#3717 = CARTESIAN_POINT('',(-12.45597306112,2.477647089605));
#3718 = VECTOR('',#3719,1.);
#3719 = DIRECTION('',(-0.17096188876,-0.985277642389));
#3720 = ( GEOMETRIC_REPRESENTATION_CONTEXT(2) 
PARAMETRIC_REPRESENTATION_CONTEXT() REPRESENTATION_CONTEXT('2D SPACE',''
  ) );
#3721 = PCURVE('',#3722,#3727);
#3722 = PLANE('',#3723);
#3723 = AXIS2_PLACEMENT_3D('',#3724,#3725,#3726);
#3724 = CARTESIAN_POINT('',(12.455973061121,2.477647089605,-1.8E-02));
#3725 = DIRECTION('',(0.985277642389,0.17096188876,-0.));
#3726 = DIRECTION('',(0.17096188876,-0.985277642389,0.));
#3727 = DEFINITIONAL_REPRESENTATION('',(#3728),#3732);
#3728 = LINE('',#3729,#3730);
#3729 = CARTESIAN_POINT('',(0.,0.));
#3730 = VECTOR('',#3731,1.);
#3731 = DIRECTION('',(1.,0.));
#3732 = ( GEOMETRIC_REPRESENTATION_CONTEXT(2) 
PARAMETRIC_REPRESENTATION_CONTEXT() REPRESENTATION_CONTEXT('2D SPACE',''
  ) );
#3733 = ORIENTED_EDGE('',*,*,#3734,.T.);
#3734 = EDGE_CURVE('',#3707,#3735,#3737,.T.);
#3735 = VERTEX_POINT('',#3736);
#3736 = CARTESIAN_POINT('',(12.638846028737,1.244817682185,-1.8E-02));
#3737 = SURFACE_CURVE('',#3738,(#3742,#3749),.PCURVE_S1.);
#3738 = LINE('',#3739,#3740);
#3739 = CARTESIAN_POINT('',(12.562541676553,1.863477025583,-1.8E-02));
#3740 = VECTOR('',#3741,1.);
#3741 = DIRECTION('',(0.122410675199,-0.992479534599,0.));
#3742 = PCURVE('',#126,#3743);
#3743 = DEFINITIONAL_REPRESENTATION('',(#3744),#3748);
#3744 = LINE('',#3745,#3746);
#3745 = CARTESIAN_POINT('',(-12.56254167655,1.863477025583));
#3746 = VECTOR('',#3747,1.);
#3747 = DIRECTION('',(-0.122410675199,-0.992479534599));
#3748 = ( GEOMETRIC_REPRESENTATION_CONTEXT(2) 
PARAMETRIC_REPRESENTATION_CONTEXT() REPRESENTATION_CONTEXT('2D SPACE',''
  ) );
#3749 = PCURVE('',#3750,#3755);
#3750 = PLANE('',#3751);
#3751 = AXIS2_PLACEMENT_3D('',#3752,#3753,#3754);
#3752 = CARTESIAN_POINT('',(12.562541676553,1.863477025583,-1.8E-02));
#3753 = DIRECTION('',(0.992479534599,0.122410675199,-0.));
#3754 = DIRECTION('',(0.122410675199,-0.992479534599,0.));
#3755 = DEFINITIONAL_REPRESENTATION('',(#3756),#3760);
#3756 = LINE('',#3757,#3758);
#3757 = CARTESIAN_POINT('',(0.,0.));
#3758 = VECTOR('',#3759,1.);
#3759 = DIRECTION('',(1.,0.));
#3760 = ( GEOMETRIC_REPRESENTATION_CONTEXT(2) 
PARAMETRIC_REPRESENTATION_CONTEXT() REPRESENTATION_CONTEXT('2D SPACE',''
  ) );
#3761 = ORIENTED_EDGE('',*,*,#3762,.T.);
#3762 = EDGE_CURVE('',#3735,#142,#3763,.T.);
#3763 = SURFACE_CURVE('',#3764,(#3768,#3775),.PCURVE_S1.);
#3764 = LINE('',#3765,#3766);
#3765 = CARTESIAN_POINT('',(12.638846028737,1.244817682185,-1.8E-02));
#3766 = VECTOR('',#3767,1.);
#3767 = DIRECTION('',(7.356456359967E-02,-0.997290456679,0.));
#3768 = PCURVE('',#126,#3769);
#3769 = DEFINITIONAL_REPRESENTATION('',(#3770),#3774);
#3770 = LINE('',#3771,#3772);
#3771 = CARTESIAN_POINT('',(-12.63884602873,1.244817682185));
#3772 = VECTOR('',#3773,1.);
#3773 = DIRECTION('',(-7.356456359967E-02,-0.997290456679));
#3774 = ( GEOMETRIC_REPRESENTATION_CONTEXT(2) 
PARAMETRIC_REPRESENTATION_CONTEXT() REPRESENTATION_CONTEXT('2D SPACE',''
  ) );
#3775 = PCURVE('',#159,#3776);
#3776 = DEFINITIONAL_REPRESENTATION('',(#3777),#3781);
#3777 = LINE('',#3778,#3779);
#3778 = CARTESIAN_POINT('',(0.,0.));
#3779 = VECTOR('',#3780,1.);
#3780 = DIRECTION('',(1.,0.));
#3781 = ( GEOMETRIC_REPRESENTATION_CONTEXT(2) 
PARAMETRIC_REPRESENTATION_CONTEXT() REPRESENTATION_CONTEXT('2D SPACE',''
  ) );
#3782 = ORIENTED_EDGE('',*,*,#193,.T.);
#3783 = FACE_BOUND('',#3784,.T.);
#3784 = EDGE_LOOP('',(#3785));
#3785 = ORIENTED_EDGE('',*,*,#3786,.F.);
#3786 = EDGE_CURVE('',#3787,#3787,#3789,.T.);
#3787 = VERTEX_POINT('',#3788);
#3788 = CARTESIAN_POINT('',(3.829371405923,-8.693332436602,-1.8E-02));
#3789 = SURFACE_CURVE('',#3790,(#3795,#3802),.PCURVE_S1.);
#3790 = CIRCLE('',#3791,1.5);
#3791 = AXIS2_PLACEMENT_3D('',#3792,#3793,#3794);
#3792 = CARTESIAN_POINT('',(2.329371405923,-8.693332436602,-1.8E-02));
#3793 = DIRECTION('',(0.,0.,-1.));
#3794 = DIRECTION('',(1.,0.,0.));
#3795 = PCURVE('',#126,#3796);
#3796 = DEFINITIONAL_REPRESENTATION('',(#3797),#3801);
#3797 = CIRCLE('',#3798,1.5);
#3798 = AXIS2_PLACEMENT_2D('',#3799,#3800);
#3799 = CARTESIAN_POINT('',(-2.329371405923,-8.693332436602));
#3800 = DIRECTION('',(-1.,0.));
#3801 = ( GEOMETRIC_REPRESENTATION_CONTEXT(2) 
PARAMETRIC_REPRESENTATION_CONTEXT() REPRESENTATION_CONTEXT('2D SPACE',''
  ) );
#3802 = PCURVE('',#3803,#3808);
#3803 = CYLINDRICAL_SURFACE('',#3804,1.5);
#3804 = AXIS2_PLACEMENT_3D('',#3805,#3806,#3807);
#3805 = CARTESIAN_POINT('',(2.329371405923,-8.693332436602,-6.8E-02));
#3806 = DIRECTION('',(-0.,-0.,-1.));
#3807 = DIRECTION('',(1.,0.,0.));
#3808 = DEFINITIONAL_REPRESENTATION('',(#3809),#3813);
#3809 = LINE('',#3810,#3811);
#3810 = CARTESIAN_POINT('',(-6.28318530718,-5.E-02));
#3811 = VECTOR('',#3812,1.);
#3812 = DIRECTION('',(1.,-0.));
#3813 = ( GEOMETRIC_REPRESENTATION_CONTEXT(2) 
PARAMETRIC_REPRESENTATION_CONTEXT() REPRESENTATION_CONTEXT('2D SPACE',''
  ) );
#3814 = FACE_BOUND('',#3815,.T.);
#3815 = EDGE_LOOP('',(#3816));
#3816 = ORIENTED_EDGE('',*,*,#3817,.F.);
#3817 = EDGE_CURVE('',#3818,#3818,#3820,.T.);
#3818 = VERTEX_POINT('',#3819);
#3819 = CARTESIAN_POINT('',(-7.193332436602,-2.329371405923,-1.8E-02));
#3820 = SURFACE_CURVE('',#3821,(#3826,#3833),.PCURVE_S1.);
#3821 = CIRCLE('',#3822,1.5);
#3822 = AXIS2_PLACEMENT_3D('',#3823,#3824,#3825);
#3823 = CARTESIAN_POINT('',(-8.693332436602,-2.329371405923,-1.8E-02));
#3824 = DIRECTION('',(0.,0.,-1.));
#3825 = DIRECTION('',(1.,0.,0.));
#3826 = PCURVE('',#126,#3827);
#3827 = DEFINITIONAL_REPRESENTATION('',(#3828),#3832);
#3828 = CIRCLE('',#3829,1.5);
#3829 = AXIS2_PLACEMENT_2D('',#3830,#3831);
#3830 = CARTESIAN_POINT('',(8.693332436602,-2.329371405923));
#3831 = DIRECTION('',(-1.,0.));
#3832 = ( GEOMETRIC_REPRESENTATION_CONTEXT(2) 
PARAMETRIC_REPRESENTATION_CONTEXT() REPRESENTATION_CONTEXT('2D SPACE',''
  ) );
#3833 = PCURVE('',#3834,#3839);
#3834 = CYLINDRICAL_SURFACE('',#3835,1.5);
#3835 = AXIS2_PLACEMENT_3D('',#3836,#3837,#3838);
#3836 = CARTESIAN_POINT('',(-8.693332436602,-2.329371405923,-6.8E-02));
#3837 = DIRECTION('',(-0.,-0.,-1.));
#3838 = DIRECTION('',(1.,0.,0.));
#3839 = DEFINITIONAL_REPRESENTATION('',(#3840),#3844);
#3840 = LINE('',#3841,#3842);
#3841 = CARTESIAN_POINT('',(-6.28318530718,-5.E-02));
#3842 = VECTOR('',#3843,1.);
#3843 = DIRECTION('',(1.,-0.));
#3844 = ( GEOMETRIC_REPRESENTATION_CONTEXT(2) 
PARAMETRIC_REPRESENTATION_CONTEXT() REPRESENTATION_CONTEXT('2D SPACE',''
  ) );
#3845 = FACE_BOUND('',#3846,.T.);
#3846 = EDGE_LOOP('',(#3847));
#3847 = ORIENTED_EDGE('',*,*,#3848,.F.);
#3848 = EDGE_CURVE('',#3849,#3849,#3851,.T.);
#3849 = VERTEX_POINT('',#3850);
#3850 = CARTESIAN_POINT('',(10.193332436602,2.329371405923,-1.8E-02));
#3851 = SURFACE_CURVE('',#3852,(#3857,#3864),.PCURVE_S1.);
#3852 = CIRCLE('',#3853,1.5);
#3853 = AXIS2_PLACEMENT_3D('',#3854,#3855,#3856);
#3854 = CARTESIAN_POINT('',(8.693332436602,2.329371405923,-1.8E-02));
#3855 = DIRECTION('',(0.,0.,-1.));
#3856 = DIRECTION('',(1.,0.,0.));
#3857 = PCURVE('',#126,#3858);
#3858 = DEFINITIONAL_REPRESENTATION('',(#3859),#3863);
#3859 = CIRCLE('',#3860,1.5);
#3860 = AXIS2_PLACEMENT_2D('',#3861,#3862);
#3861 = CARTESIAN_POINT('',(-8.693332436602,2.329371405923));
#3862 = DIRECTION('',(-1.,0.));
#3863 = ( GEOMETRIC_REPRESENTATION_CONTEXT(2) 
PARAMETRIC_REPRESENTATION_CONTEXT() REPRESENTATION_CONTEXT('2D SPACE',''
  ) );
#3864 = PCURVE('',#3865,#3870);
#3865 = CYLINDRICAL_SURFACE('',#3866,1.5);
#3866 = AXIS2_PLACEMENT_3D('',#3867,#3868,#3869);
#3867 = CARTESIAN_POINT('',(8.693332436602,2.329371405923,-6.8E-02));
#3868 = DIRECTION('',(-0.,-0.,-1.));
#3869 = DIRECTION('',(1.,0.,0.));
#3870 = DEFINITIONAL_REPRESENTATION('',(#3871),#3875);
#3871 = LINE('',#3872,#3873);
#3872 = CARTESIAN_POINT('',(-6.28318530718,-5.E-02));
#3873 = VECTOR('',#3874,1.);
#3874 = DIRECTION('',(1.,-0.));
#3875 = ( GEOMETRIC_REPRESENTATION_CONTEXT(2) 
PARAMETRIC_REPRESENTATION_CONTEXT() REPRESENTATION_CONTEXT('2D SPACE',''
  ) );
#3876 = FACE_BOUND('',#3877,.T.);
#3877 = EDGE_LOOP('',(#3878));
#3878 = ORIENTED_EDGE('',*,*,#3879,.F.);
#3879 = EDGE_CURVE('',#3880,#3880,#3882,.T.);
#3880 = VERTEX_POINT('',#3881);
#3881 = CARTESIAN_POINT('',(-0.829371405923,8.693332436602,-1.8E-02));
#3882 = SURFACE_CURVE('',#3883,(#3888,#3895),.PCURVE_S1.);
#3883 = CIRCLE('',#3884,1.5);
#3884 = AXIS2_PLACEMENT_3D('',#3885,#3886,#3887);
#3885 = CARTESIAN_POINT('',(-2.329371405923,8.693332436602,-1.8E-02));
#3886 = DIRECTION('',(0.,0.,-1.));
#3887 = DIRECTION('',(1.,0.,0.));
#3888 = PCURVE('',#126,#3889);
#3889 = DEFINITIONAL_REPRESENTATION('',(#3890),#3894);
#3890 = CIRCLE('',#3891,1.5);
#3891 = AXIS2_PLACEMENT_2D('',#3892,#3893);
#3892 = CARTESIAN_POINT('',(2.329371405923,8.693332436602));
#3893 = DIRECTION('',(-1.,0.));
#3894 = ( GEOMETRIC_REPRESENTATION_CONTEXT(2) 
PARAMETRIC_REPRESENTATION_CONTEXT() REPRESENTATION_CONTEXT('2D SPACE',''
  ) );
#3895 = PCURVE('',#3896,#3901);
#3896 = CYLINDRICAL_SURFACE('',#3897,1.5);
#3897 = AXIS2_PLACEMENT_3D('',#3898,#3899,#3900);
#3898 = CARTESIAN_POINT('',(-2.329371405923,8.693332436602,-6.8E-02));
#3899 = DIRECTION('',(-0.,-0.,-1.));
#3900 = DIRECTION('',(1.,0.,0.));
#3901 = DEFINITIONAL_REPRESENTATION('',(#3902),#3906);
#3902 = LINE('',#3903,#3904);
#3903 = CARTESIAN_POINT('',(-6.28318530718,-5.E-02));
#3904 = VECTOR('',#3905,1.);
#3905 = DIRECTION('',(1.,-0.));
#3906 = ( GEOMETRIC_REPRESENTATION_CONTEXT(2) 
PARAMETRIC_REPRESENTATION_CONTEXT() REPRESENTATION_CONTEXT('2D SPACE',''
  ) );
#3907 = ADVANCED_FACE('',(#3908,#6786,#6812,#6838,#6864),#72,.F.);
#3908 = FACE_BOUND('',#3909,.F.);
#3909 = EDGE_LOOP('',(#3910,#3911,#3912,#3935,#3958,#3981,#4004,#4027,
    #4050,#4073,#4096,#4119,#4142,#4165,#4188,#4211,#4234,#4257,#4280,
    #4303,#4326,#4349,#4372,#4395,#4418,#4441,#4464,#4487,#4510,#4533,
    #4556,#4579,#4602,#4625,#4648,#4671,#4694,#4717,#4740,#4763,#4786,
    #4809,#4832,#4855,#4878,#4901,#4924,#4947,#4970,#4993,#5016,#5039,
    #5062,#5085,#5108,#5131,#5154,#5177,#5200,#5223,#5246,#5269,#5292,
    #5315,#5338,#5361,#5384,#5407,#5430,#5453,#5476,#5499,#5522,#5545,
    #5568,#5591,#5614,#5637,#5660,#5683,#5706,#5729,#5752,#5775,#5798,
    #5821,#5844,#5867,#5890,#5913,#5936,#5959,#5982,#6005,#6028,#6051,
    #6074,#6097,#6120,#6143,#6166,#6189,#6212,#6235,#6258,#6281,#6304,
    #6327,#6350,#6373,#6396,#6419,#6442,#6465,#6488,#6511,#6534,#6557,
    #6580,#6603,#6626,#6649,#6672,#6695,#6718,#6741,#6764,#6785));
#3910 = ORIENTED_EDGE('',*,*,#56,.T.);
#3911 = ORIENTED_EDGE('',*,*,#218,.T.);
#3912 = ORIENTED_EDGE('',*,*,#3913,.T.);
#3913 = EDGE_CURVE('',#219,#3914,#3916,.T.);
#3914 = VERTEX_POINT('',#3915);
#3915 = CARTESIAN_POINT('',(12.562541676553,-1.863477025583,4.3E-02));
#3916 = SURFACE_CURVE('',#3917,(#3921,#3928),.PCURVE_S1.);
#3917 = LINE('',#3918,#3919);
#3918 = CARTESIAN_POINT('',(12.638846028737,-1.244817682185,4.3E-02));
#3919 = VECTOR('',#3920,1.);
#3920 = DIRECTION('',(-0.122410675199,-0.992479534599,0.));
#3921 = PCURVE('',#72,#3922);
#3922 = DEFINITIONAL_REPRESENTATION('',(#3923),#3927);
#3923 = LINE('',#3924,#3925);
#3924 = CARTESIAN_POINT('',(-12.63884602873,-1.244817682185));
#3925 = VECTOR('',#3926,1.);
#3926 = DIRECTION('',(0.122410675199,-0.992479534599));
#3927 = ( GEOMETRIC_REPRESENTATION_CONTEXT(2) 
PARAMETRIC_REPRESENTATION_CONTEXT() REPRESENTATION_CONTEXT('2D SPACE',''
  ) );
#3928 = PCURVE('',#257,#3929);
#3929 = DEFINITIONAL_REPRESENTATION('',(#3930),#3934);
#3930 = LINE('',#3931,#3932);
#3931 = CARTESIAN_POINT('',(0.,-6.1E-02));
#3932 = VECTOR('',#3933,1.);
#3933 = DIRECTION('',(1.,0.));
#3934 = ( GEOMETRIC_REPRESENTATION_CONTEXT(2) 
PARAMETRIC_REPRESENTATION_CONTEXT() REPRESENTATION_CONTEXT('2D SPACE',''
  ) );
#3935 = ORIENTED_EDGE('',*,*,#3936,.T.);
#3936 = EDGE_CURVE('',#3914,#3937,#3939,.T.);
#3937 = VERTEX_POINT('',#3938);
#3938 = CARTESIAN_POINT('',(12.455973061121,-2.477647089605,4.3E-02));
#3939 = SURFACE_CURVE('',#3940,(#3944,#3951),.PCURVE_S1.);
#3940 = LINE('',#3941,#3942);
#3941 = CARTESIAN_POINT('',(12.562541676553,-1.863477025583,4.3E-02));
#3942 = VECTOR('',#3943,1.);
#3943 = DIRECTION('',(-0.17096188876,-0.985277642389,0.));
#3944 = PCURVE('',#72,#3945);
#3945 = DEFINITIONAL_REPRESENTATION('',(#3946),#3950);
#3946 = LINE('',#3947,#3948);
#3947 = CARTESIAN_POINT('',(-12.56254167655,-1.863477025583));
#3948 = VECTOR('',#3949,1.);
#3949 = DIRECTION('',(0.17096188876,-0.985277642389));
#3950 = ( GEOMETRIC_REPRESENTATION_CONTEXT(2) 
PARAMETRIC_REPRESENTATION_CONTEXT() REPRESENTATION_CONTEXT('2D SPACE',''
  ) );
#3951 = PCURVE('',#334,#3952);
#3952 = DEFINITIONAL_REPRESENTATION('',(#3953),#3957);
#3953 = LINE('',#3954,#3955);
#3954 = CARTESIAN_POINT('',(0.,-6.1E-02));
#3955 = VECTOR('',#3956,1.);
#3956 = DIRECTION('',(1.,0.));
#3957 = ( GEOMETRIC_REPRESENTATION_CONTEXT(2) 
PARAMETRIC_REPRESENTATION_CONTEXT() REPRESENTATION_CONTEXT('2D SPACE',''
  ) );
#3958 = ORIENTED_EDGE('',*,*,#3959,.T.);
#3959 = EDGE_CURVE('',#3937,#3960,#3962,.T.);
#3960 = VERTEX_POINT('',#3961);
#3961 = CARTESIAN_POINT('',(12.319396915571,-3.085848284771,4.3E-02));
#3962 = SURFACE_CURVE('',#3963,(#3967,#3974),.PCURVE_S1.);
#3963 = LINE('',#3964,#3965);
#3964 = CARTESIAN_POINT('',(12.455973061121,-2.477647089605,4.3E-02));
#3965 = VECTOR('',#3966,1.);
#3966 = DIRECTION('',(-0.219101240157,-0.975702130039,0.));
#3967 = PCURVE('',#72,#3968);
#3968 = DEFINITIONAL_REPRESENTATION('',(#3969),#3973);
#3969 = LINE('',#3970,#3971);
#3970 = CARTESIAN_POINT('',(-12.45597306112,-2.477647089605));
#3971 = VECTOR('',#3972,1.);
#3972 = DIRECTION('',(0.219101240157,-0.975702130039));
#3973 = ( GEOMETRIC_REPRESENTATION_CONTEXT(2) 
PARAMETRIC_REPRESENTATION_CONTEXT() REPRESENTATION_CONTEXT('2D SPACE',''
  ) );
#3974 = PCURVE('',#362,#3975);
#3975 = DEFINITIONAL_REPRESENTATION('',(#3976),#3980);
#3976 = LINE('',#3977,#3978);
#3977 = CARTESIAN_POINT('',(0.,-6.1E-02));
#3978 = VECTOR('',#3979,1.);
#3979 = DIRECTION('',(1.,0.));
#3980 = ( GEOMETRIC_REPRESENTATION_CONTEXT(2) 
PARAMETRIC_REPRESENTATION_CONTEXT() REPRESENTATION_CONTEXT('2D SPACE',''
  ) );
#3981 = ORIENTED_EDGE('',*,*,#3982,.T.);
#3982 = EDGE_CURVE('',#3960,#3983,#3985,.T.);
#3983 = VERTEX_POINT('',#3984);
#3984 = CARTESIAN_POINT('',(12.153142263799,-3.686615401132,4.3E-02));
#3985 = SURFACE_CURVE('',#3986,(#3990,#3997),.PCURVE_S1.);
#3986 = LINE('',#3987,#3988);
#3987 = CARTESIAN_POINT('',(12.319396915571,-3.085848284771,4.3E-02));
#3988 = VECTOR('',#3989,1.);
#3989 = DIRECTION('',(-0.266712757475,-0.963776065795,0.));
#3990 = PCURVE('',#72,#3991);
#3991 = DEFINITIONAL_REPRESENTATION('',(#3992),#3996);
#3992 = LINE('',#3993,#3994);
#3993 = CARTESIAN_POINT('',(-12.31939691557,-3.085848284771));
#3994 = VECTOR('',#3995,1.);
#3995 = DIRECTION('',(0.266712757475,-0.963776065795));
#3996 = ( GEOMETRIC_REPRESENTATION_CONTEXT(2) 
PARAMETRIC_REPRESENTATION_CONTEXT() REPRESENTATION_CONTEXT('2D SPACE',''
  ) );
#3997 = PCURVE('',#390,#3998);
#3998 = DEFINITIONAL_REPRESENTATION('',(#3999),#4003);
#3999 = LINE('',#4000,#4001);
#4000 = CARTESIAN_POINT('',(0.,-6.1E-02));
#4001 = VECTOR('',#4002,1.);
#4002 = DIRECTION('',(1.,0.));
#4003 = ( GEOMETRIC_REPRESENTATION_CONTEXT(2) 
PARAMETRIC_REPRESENTATION_CONTEXT() REPRESENTATION_CONTEXT('2D SPACE',''
  ) );
#4004 = ORIENTED_EDGE('',*,*,#4005,.T.);
#4005 = EDGE_CURVE('',#3983,#4006,#4008,.T.);
#4006 = VERTEX_POINT('',#4007);
#4007 = CARTESIAN_POINT('',(11.957609627824,-4.278501138081,4.3E-02));
#4008 = SURFACE_CURVE('',#4009,(#4013,#4020),.PCURVE_S1.);
#4009 = LINE('',#4010,#4011);
#4010 = CARTESIAN_POINT('',(12.153142263799,-3.686615401132,4.3E-02));
#4011 = VECTOR('',#4012,1.);
#4012 = DIRECTION('',(-0.313681740399,-0.949528180593,0.));
#4013 = PCURVE('',#72,#4014);
#4014 = DEFINITIONAL_REPRESENTATION('',(#4015),#4019);
#4015 = LINE('',#4016,#4017);
#4016 = CARTESIAN_POINT('',(-12.15314226379,-3.686615401132));
#4017 = VECTOR('',#4018,1.);
#4018 = DIRECTION('',(0.313681740399,-0.949528180593));
#4019 = ( GEOMETRIC_REPRESENTATION_CONTEXT(2) 
PARAMETRIC_REPRESENTATION_CONTEXT() REPRESENTATION_CONTEXT('2D SPACE',''
  ) );
#4020 = PCURVE('',#418,#4021);
#4021 = DEFINITIONAL_REPRESENTATION('',(#4022),#4026);
#4022 = LINE('',#4023,#4024);
#4023 = CARTESIAN_POINT('',(0.,-6.1E-02));
#4024 = VECTOR('',#4025,1.);
#4025 = DIRECTION('',(1.,0.));
#4026 = ( GEOMETRIC_REPRESENTATION_CONTEXT(2) 
PARAMETRIC_REPRESENTATION_CONTEXT() REPRESENTATION_CONTEXT('2D SPACE',''
  ) );
#4027 = ORIENTED_EDGE('',*,*,#4028,.T.);
#4028 = EDGE_CURVE('',#4006,#4029,#4031,.T.);
#4029 = VERTEX_POINT('',#4030);
#4030 = CARTESIAN_POINT('',(11.733270062893,-4.860079591037,4.3E-02));
#4031 = SURFACE_CURVE('',#4032,(#4036,#4043),.PCURVE_S1.);
#4032 = LINE('',#4033,#4034);
#4033 = CARTESIAN_POINT('',(11.957609627824,-4.278501138081,4.3E-02));
#4034 = VECTOR('',#4035,1.);
#4035 = DIRECTION('',(-0.359895036535,-0.932992798835,0.));
#4036 = PCURVE('',#72,#4037);
#4037 = DEFINITIONAL_REPRESENTATION('',(#4038),#4042);
#4038 = LINE('',#4039,#4040);
#4039 = CARTESIAN_POINT('',(-11.95760962782,-4.278501138081));
#4040 = VECTOR('',#4041,1.);
#4041 = DIRECTION('',(0.359895036535,-0.932992798835));
#4042 = ( GEOMETRIC_REPRESENTATION_CONTEXT(2) 
PARAMETRIC_REPRESENTATION_CONTEXT() REPRESENTATION_CONTEXT('2D SPACE',''
  ) );
#4043 = PCURVE('',#446,#4044);
#4044 = DEFINITIONAL_REPRESENTATION('',(#4045),#4049);
#4045 = LINE('',#4046,#4047);
#4046 = CARTESIAN_POINT('',(0.,-6.1E-02));
#4047 = VECTOR('',#4048,1.);
#4048 = DIRECTION('',(1.,0.));
#4049 = ( GEOMETRIC_REPRESENTATION_CONTEXT(2) 
PARAMETRIC_REPRESENTATION_CONTEXT() REPRESENTATION_CONTEXT('2D SPACE',''
  ) );
#4050 = ORIENTED_EDGE('',*,*,#4051,.T.);
#4051 = EDGE_CURVE('',#4029,#4052,#4054,.T.);
#4052 = VERTEX_POINT('',#4053);
#4053 = CARTESIAN_POINT('',(11.480664022668,-5.429949686565,4.3E-02));
#4054 = SURFACE_CURVE('',#4055,(#4059,#4066),.PCURVE_S1.);
#4055 = LINE('',#4056,#4057);
#4056 = CARTESIAN_POINT('',(11.733270062893,-4.860079591037,4.3E-02));
#4057 = VECTOR('',#4058,1.);
#4058 = DIRECTION('',(-0.405241314005,-0.914209755704,0.));
#4059 = PCURVE('',#72,#4060);
#4060 = DEFINITIONAL_REPRESENTATION('',(#4061),#4065);
#4061 = LINE('',#4062,#4063);
#4062 = CARTESIAN_POINT('',(-11.73327006289,-4.860079591037));
#4063 = VECTOR('',#4064,1.);
#4064 = DIRECTION('',(0.405241314005,-0.914209755704));
#4065 = ( GEOMETRIC_REPRESENTATION_CONTEXT(2) 
PARAMETRIC_REPRESENTATION_CONTEXT() REPRESENTATION_CONTEXT('2D SPACE',''
  ) );
#4066 = PCURVE('',#474,#4067);
#4067 = DEFINITIONAL_REPRESENTATION('',(#4068),#4072);
#4068 = LINE('',#4069,#4070);
#4069 = CARTESIAN_POINT('',(0.,-6.1E-02));
#4070 = VECTOR('',#4071,1.);
#4071 = DIRECTION('',(1.,0.));
#4072 = ( GEOMETRIC_REPRESENTATION_CONTEXT(2) 
PARAMETRIC_REPRESENTATION_CONTEXT() REPRESENTATION_CONTEXT('2D SPACE',''
  ) );
#4073 = ORIENTED_EDGE('',*,*,#4074,.T.);
#4074 = EDGE_CURVE('',#4052,#4075,#4077,.T.);
#4075 = VERTEX_POINT('',#4076);
#4076 = CARTESIAN_POINT('',(11.200400057224,-5.98673855769,4.3E-02));
#4077 = SURFACE_CURVE('',#4078,(#4082,#4089),.PCURVE_S1.);
#4078 = LINE('',#4079,#4080);
#4079 = CARTESIAN_POINT('',(11.480664022668,-5.429949686565,4.3E-02));
#4080 = VECTOR('',#4081,1.);
#4081 = DIRECTION('',(-0.449611329655,-0.893224301196,0.));
#4082 = PCURVE('',#72,#4083);
#4083 = DEFINITIONAL_REPRESENTATION('',(#4084),#4088);
#4084 = LINE('',#4085,#4086);
#4085 = CARTESIAN_POINT('',(-11.48066402266,-5.429949686565));
#4086 = VECTOR('',#4087,1.);
#4087 = DIRECTION('',(0.449611329655,-0.893224301196));
#4088 = ( GEOMETRIC_REPRESENTATION_CONTEXT(2) 
PARAMETRIC_REPRESENTATION_CONTEXT() REPRESENTATION_CONTEXT('2D SPACE',''
  ) );
#4089 = PCURVE('',#502,#4090);
#4090 = DEFINITIONAL_REPRESENTATION('',(#4091),#4095);
#4091 = LINE('',#4092,#4093);
#4092 = CARTESIAN_POINT('',(0.,-6.1E-02));
#4093 = VECTOR('',#4094,1.);
#4094 = DIRECTION('',(1.,0.));
#4095 = ( GEOMETRIC_REPRESENTATION_CONTEXT(2) 
PARAMETRIC_REPRESENTATION_CONTEXT() REPRESENTATION_CONTEXT('2D SPACE',''
  ) );
#4096 = ORIENTED_EDGE('',*,*,#4097,.T.);
#4097 = EDGE_CURVE('',#4075,#4098,#4100,.T.);
#4098 = VERTEX_POINT('',#4099);
#4099 = CARTESIAN_POINT('',(10.893153347003,-6.529104851254,4.3E-02));
#4100 = SURFACE_CURVE('',#4101,(#4105,#4112),.PCURVE_S1.);
#4101 = LINE('',#4102,#4103);
#4102 = CARTESIAN_POINT('',(11.200400057224,-5.98673855769,4.3E-02));
#4103 = VECTOR('',#4104,1.);
#4104 = DIRECTION('',(-0.49289819223,-0.870086991109,0.));
#4105 = PCURVE('',#72,#4106);
#4106 = DEFINITIONAL_REPRESENTATION('',(#4107),#4111);
#4107 = LINE('',#4108,#4109);
#4108 = CARTESIAN_POINT('',(-11.20040005722,-5.98673855769));
#4109 = VECTOR('',#4110,1.);
#4110 = DIRECTION('',(0.49289819223,-0.870086991109));
#4111 = ( GEOMETRIC_REPRESENTATION_CONTEXT(2) 
PARAMETRIC_REPRESENTATION_CONTEXT() REPRESENTATION_CONTEXT('2D SPACE',''
  ) );
#4112 = PCURVE('',#530,#4113);
#4113 = DEFINITIONAL_REPRESENTATION('',(#4114),#4118);
#4114 = LINE('',#4115,#4116);
#4115 = CARTESIAN_POINT('',(0.,-6.1E-02));
#4116 = VECTOR('',#4117,1.);
#4117 = DIRECTION('',(1.,0.));
#4118 = ( GEOMETRIC_REPRESENTATION_CONTEXT(2) 
PARAMETRIC_REPRESENTATION_CONTEXT() REPRESENTATION_CONTEXT('2D SPACE',''
  ) );
#4119 = ORIENTED_EDGE('',*,*,#4120,.T.);
#4120 = EDGE_CURVE('',#4098,#4121,#4123,.T.);
#4121 = VERTEX_POINT('',#4122);
#4122 = CARTESIAN_POINT('',(10.559664076242,-7.055741959349,4.3E-02));
#4123 = SURFACE_CURVE('',#4124,(#4128,#4135),.PCURVE_S1.);
#4124 = LINE('',#4125,#4126);
#4125 = CARTESIAN_POINT('',(10.893153347003,-6.529104851254,4.3E-02));
#4126 = VECTOR('',#4127,1.);
#4127 = DIRECTION('',(-0.534997619887,-0.84485356525,0.));
#4128 = PCURVE('',#72,#4129);
#4129 = DEFINITIONAL_REPRESENTATION('',(#4130),#4134);
#4130 = LINE('',#4131,#4132);
#4131 = CARTESIAN_POINT('',(-10.893153347,-6.529104851254));
#4132 = VECTOR('',#4133,1.);
#4133 = DIRECTION('',(0.534997619887,-0.84485356525));
#4134 = ( GEOMETRIC_REPRESENTATION_CONTEXT(2) 
PARAMETRIC_REPRESENTATION_CONTEXT() REPRESENTATION_CONTEXT('2D SPACE',''
  ) );
#4135 = PCURVE('',#558,#4136);
#4136 = DEFINITIONAL_REPRESENTATION('',(#4137),#4141);
#4137 = LINE('',#4138,#4139);
#4138 = CARTESIAN_POINT('',(0.,-6.1E-02));
#4139 = VECTOR('',#4140,1.);
#4140 = DIRECTION('',(1.,0.));
#4141 = ( GEOMETRIC_REPRESENTATION_CONTEXT(2) 
PARAMETRIC_REPRESENTATION_CONTEXT() REPRESENTATION_CONTEXT('2D SPACE',''
  ) );
#4142 = ORIENTED_EDGE('',*,*,#4143,.T.);
#4143 = EDGE_CURVE('',#4121,#4144,#4146,.T.);
#4144 = VERTEX_POINT('',#4145);
#4145 = CARTESIAN_POINT('',(10.200735649804,-7.565381167054,4.3E-02));
#4146 = SURFACE_CURVE('',#4147,(#4151,#4158),.PCURVE_S1.);
#4147 = LINE('',#4148,#4149);
#4148 = CARTESIAN_POINT('',(10.559664076242,-7.055741959349,4.3E-02));
#4149 = VECTOR('',#4150,1.);
#4150 = DIRECTION('',(-0.575808191418,-0.817584813152,0.));
#4151 = PCURVE('',#72,#4152);
#4152 = DEFINITIONAL_REPRESENTATION('',(#4153),#4157);
#4153 = LINE('',#4154,#4155);
#4154 = CARTESIAN_POINT('',(-10.55966407624,-7.055741959349));
#4155 = VECTOR('',#4156,1.);
#4156 = DIRECTION('',(0.575808191418,-0.817584813152));
#4157 = ( GEOMETRIC_REPRESENTATION_CONTEXT(2) 
PARAMETRIC_REPRESENTATION_CONTEXT() REPRESENTATION_CONTEXT('2D SPACE',''
  ) );
#4158 = PCURVE('',#586,#4159);
#4159 = DEFINITIONAL_REPRESENTATION('',(#4160),#4164);
#4160 = LINE('',#4161,#4162);
#4161 = CARTESIAN_POINT('',(0.,-6.1E-02));
#4162 = VECTOR('',#4163,1.);
#4163 = DIRECTION('',(1.,0.));
#4164 = ( GEOMETRIC_REPRESENTATION_CONTEXT(2) 
PARAMETRIC_REPRESENTATION_CONTEXT() REPRESENTATION_CONTEXT('2D SPACE',''
  ) );
#4165 = ORIENTED_EDGE('',*,*,#4166,.T.);
#4166 = EDGE_CURVE('',#4144,#4167,#4169,.T.);
#4167 = VERTEX_POINT('',#4168);
#4168 = CARTESIAN_POINT('',(9.817232757707,-8.056794708878,4.3E-02));
#4169 = SURFACE_CURVE('',#4170,(#4174,#4181),.PCURVE_S1.);
#4170 = LINE('',#4171,#4172);
#4171 = CARTESIAN_POINT('',(10.200735649804,-7.565381167054,4.3E-02));
#4172 = VECTOR('',#4173,1.);
#4173 = DIRECTION('',(-0.615231590581,-0.788346427627,0.));
#4174 = PCURVE('',#72,#4175);
#4175 = DEFINITIONAL_REPRESENTATION('',(#4176),#4180);
#4176 = LINE('',#4177,#4178);
#4177 = CARTESIAN_POINT('',(-10.2007356498,-7.565381167054));
#4178 = VECTOR('',#4179,1.);
#4179 = DIRECTION('',(0.615231590581,-0.788346427627));
#4180 = ( GEOMETRIC_REPRESENTATION_CONTEXT(2) 
PARAMETRIC_REPRESENTATION_CONTEXT() REPRESENTATION_CONTEXT('2D SPACE',''
  ) );
#4181 = PCURVE('',#614,#4182);
#4182 = DEFINITIONAL_REPRESENTATION('',(#4183),#4187);
#4183 = LINE('',#4184,#4185);
#4184 = CARTESIAN_POINT('',(0.,-6.1E-02));
#4185 = VECTOR('',#4186,1.);
#4186 = DIRECTION('',(1.,0.));
#4187 = ( GEOMETRIC_REPRESENTATION_CONTEXT(2) 
PARAMETRIC_REPRESENTATION_CONTEXT() REPRESENTATION_CONTEXT('2D SPACE',''
  ) );
#4188 = ORIENTED_EDGE('',*,*,#4189,.T.);
#4189 = EDGE_CURVE('',#4167,#4190,#4192,.T.);
#4190 = VERTEX_POINT('',#4191);
#4191 = CARTESIAN_POINT('',(9.410079292008,-8.528798726557,4.3E-02));
#4192 = SURFACE_CURVE('',#4193,(#4197,#4204),.PCURVE_S1.);
#4193 = LINE('',#4194,#4195);
#4194 = CARTESIAN_POINT('',(9.817232757707,-8.056794708878,4.3E-02));
#4195 = VECTOR('',#4196,1.);
#4196 = DIRECTION('',(-0.653172842954,-0.757208846506,0.));
#4197 = PCURVE('',#72,#4198);
#4198 = DEFINITIONAL_REPRESENTATION('',(#4199),#4203);
#4199 = LINE('',#4200,#4201);
#4200 = CARTESIAN_POINT('',(-9.817232757707,-8.056794708878));
#4201 = VECTOR('',#4202,1.);
#4202 = DIRECTION('',(0.653172842954,-0.757208846506));
#4203 = ( GEOMETRIC_REPRESENTATION_CONTEXT(2) 
PARAMETRIC_REPRESENTATION_CONTEXT() REPRESENTATION_CONTEXT('2D SPACE',''
  ) );
#4204 = PCURVE('',#642,#4205);
#4205 = DEFINITIONAL_REPRESENTATION('',(#4206),#4210);
#4206 = LINE('',#4207,#4208);
#4207 = CARTESIAN_POINT('',(0.,-6.1E-02));
#4208 = VECTOR('',#4209,1.);
#4209 = DIRECTION('',(1.,0.));
#4210 = ( GEOMETRIC_REPRESENTATION_CONTEXT(2) 
PARAMETRIC_REPRESENTATION_CONTEXT() REPRESENTATION_CONTEXT('2D SPACE',''
  ) );
#4211 = ORIENTED_EDGE('',*,*,#4212,.T.);
#4212 = EDGE_CURVE('',#4190,#4213,#4215,.T.);
#4213 = VERTEX_POINT('',#4214);
#4214 = CARTESIAN_POINT('',(8.980256121069,-8.980256121069,4.3E-02));
#4215 = SURFACE_CURVE('',#4216,(#4220,#4227),.PCURVE_S1.);
#4216 = LINE('',#4217,#4218);
#4217 = CARTESIAN_POINT('',(9.410079292008,-8.528798726557,4.3E-02));
#4218 = VECTOR('',#4219,1.);
#4219 = DIRECTION('',(-0.689540544737,-0.724247082951,0.));
#4220 = PCURVE('',#72,#4221);
#4221 = DEFINITIONAL_REPRESENTATION('',(#4222),#4226);
#4222 = LINE('',#4223,#4224);
#4223 = CARTESIAN_POINT('',(-9.410079292008,-8.528798726557));
#4224 = VECTOR('',#4225,1.);
#4225 = DIRECTION('',(0.689540544737,-0.724247082951));
#4226 = ( GEOMETRIC_REPRESENTATION_CONTEXT(2) 
PARAMETRIC_REPRESENTATION_CONTEXT() REPRESENTATION_CONTEXT('2D SPACE',''
  ) );
#4227 = PCURVE('',#670,#4228);
#4228 = DEFINITIONAL_REPRESENTATION('',(#4229),#4233);
#4229 = LINE('',#4230,#4231);
#4230 = CARTESIAN_POINT('',(0.,-6.1E-02));
#4231 = VECTOR('',#4232,1.);
#4232 = DIRECTION('',(1.,0.));
#4233 = ( GEOMETRIC_REPRESENTATION_CONTEXT(2) 
PARAMETRIC_REPRESENTATION_CONTEXT() REPRESENTATION_CONTEXT('2D SPACE',''
  ) );
#4234 = ORIENTED_EDGE('',*,*,#4235,.T.);
#4235 = EDGE_CURVE('',#4213,#4236,#4238,.T.);
#4236 = VERTEX_POINT('',#4237);
#4237 = CARTESIAN_POINT('',(8.528798726557,-9.410079292008,4.3E-02));
#4238 = SURFACE_CURVE('',#4239,(#4243,#4250),.PCURVE_S1.);
#4239 = LINE('',#4240,#4241);
#4240 = CARTESIAN_POINT('',(8.980256121069,-8.980256121069,4.3E-02));
#4241 = VECTOR('',#4242,1.);
#4242 = DIRECTION('',(-0.724247082951,-0.689540544737,0.));
#4243 = PCURVE('',#72,#4244);
#4244 = DEFINITIONAL_REPRESENTATION('',(#4245),#4249);
#4245 = LINE('',#4246,#4247);
#4246 = CARTESIAN_POINT('',(-8.980256121069,-8.980256121069));
#4247 = VECTOR('',#4248,1.);
#4248 = DIRECTION('',(0.724247082951,-0.689540544737));
#4249 = ( GEOMETRIC_REPRESENTATION_CONTEXT(2) 
PARAMETRIC_REPRESENTATION_CONTEXT() REPRESENTATION_CONTEXT('2D SPACE',''
  ) );
#4250 = PCURVE('',#698,#4251);
#4251 = DEFINITIONAL_REPRESENTATION('',(#4252),#4256);
#4252 = LINE('',#4253,#4254);
#4253 = CARTESIAN_POINT('',(0.,-6.1E-02));
#4254 = VECTOR('',#4255,1.);
#4255 = DIRECTION('',(1.,0.));
#4256 = ( GEOMETRIC_REPRESENTATION_CONTEXT(2) 
PARAMETRIC_REPRESENTATION_CONTEXT() REPRESENTATION_CONTEXT('2D SPACE',''
  ) );
#4257 = ORIENTED_EDGE('',*,*,#4258,.T.);
#4258 = EDGE_CURVE('',#4236,#4259,#4261,.T.);
#4259 = VERTEX_POINT('',#4260);
#4260 = CARTESIAN_POINT('',(8.056794708878,-9.817232757707,4.3E-02));
#4261 = SURFACE_CURVE('',#4262,(#4266,#4273),.PCURVE_S1.);
#4262 = LINE('',#4263,#4264);
#4263 = CARTESIAN_POINT('',(8.528798726557,-9.410079292008,4.3E-02));
#4264 = VECTOR('',#4265,1.);
#4265 = DIRECTION('',(-0.757208846506,-0.653172842954,0.));
#4266 = PCURVE('',#72,#4267);
#4267 = DEFINITIONAL_REPRESENTATION('',(#4268),#4272);
#4268 = LINE('',#4269,#4270);
#4269 = CARTESIAN_POINT('',(-8.528798726557,-9.410079292008));
#4270 = VECTOR('',#4271,1.);
#4271 = DIRECTION('',(0.757208846506,-0.653172842954));
#4272 = ( GEOMETRIC_REPRESENTATION_CONTEXT(2) 
PARAMETRIC_REPRESENTATION_CONTEXT() REPRESENTATION_CONTEXT('2D SPACE',''
  ) );
#4273 = PCURVE('',#726,#4274);
#4274 = DEFINITIONAL_REPRESENTATION('',(#4275),#4279);
#4275 = LINE('',#4276,#4277);
#4276 = CARTESIAN_POINT('',(0.,-6.1E-02));
#4277 = VECTOR('',#4278,1.);
#4278 = DIRECTION('',(1.,0.));
#4279 = ( GEOMETRIC_REPRESENTATION_CONTEXT(2) 
PARAMETRIC_REPRESENTATION_CONTEXT() REPRESENTATION_CONTEXT('2D SPACE',''
  ) );
#4280 = ORIENTED_EDGE('',*,*,#4281,.T.);
#4281 = EDGE_CURVE('',#4259,#4282,#4284,.T.);
#4282 = VERTEX_POINT('',#4283);
#4283 = CARTESIAN_POINT('',(7.565381167054,-10.2007356498,4.3E-02));
#4284 = SURFACE_CURVE('',#4285,(#4289,#4296),.PCURVE_S1.);
#4285 = LINE('',#4286,#4287);
#4286 = CARTESIAN_POINT('',(8.056794708878,-9.817232757707,4.3E-02));
#4287 = VECTOR('',#4288,1.);
#4288 = DIRECTION('',(-0.788346427627,-0.615231590581,0.));
#4289 = PCURVE('',#72,#4290);
#4290 = DEFINITIONAL_REPRESENTATION('',(#4291),#4295);
#4291 = LINE('',#4292,#4293);
#4292 = CARTESIAN_POINT('',(-8.056794708878,-9.817232757707));
#4293 = VECTOR('',#4294,1.);
#4294 = DIRECTION('',(0.788346427627,-0.615231590581));
#4295 = ( GEOMETRIC_REPRESENTATION_CONTEXT(2) 
PARAMETRIC_REPRESENTATION_CONTEXT() REPRESENTATION_CONTEXT('2D SPACE',''
  ) );
#4296 = PCURVE('',#754,#4297);
#4297 = DEFINITIONAL_REPRESENTATION('',(#4298),#4302);
#4298 = LINE('',#4299,#4300);
#4299 = CARTESIAN_POINT('',(0.,-6.1E-02));
#4300 = VECTOR('',#4301,1.);
#4301 = DIRECTION('',(1.,0.));
#4302 = ( GEOMETRIC_REPRESENTATION_CONTEXT(2) 
PARAMETRIC_REPRESENTATION_CONTEXT() REPRESENTATION_CONTEXT('2D SPACE',''
  ) );
#4303 = ORIENTED_EDGE('',*,*,#4304,.T.);
#4304 = EDGE_CURVE('',#4282,#4305,#4307,.T.);
#4305 = VERTEX_POINT('',#4306);
#4306 = CARTESIAN_POINT('',(7.055741959349,-10.55966407624,4.3E-02));
#4307 = SURFACE_CURVE('',#4308,(#4312,#4319),.PCURVE_S1.);
#4308 = LINE('',#4309,#4310);
#4309 = CARTESIAN_POINT('',(7.565381167054,-10.2007356498,4.3E-02));
#4310 = VECTOR('',#4311,1.);
#4311 = DIRECTION('',(-0.817584813152,-0.575808191418,0.));
#4312 = PCURVE('',#72,#4313);
#4313 = DEFINITIONAL_REPRESENTATION('',(#4314),#4318);
#4314 = LINE('',#4315,#4316);
#4315 = CARTESIAN_POINT('',(-7.565381167054,-10.2007356498));
#4316 = VECTOR('',#4317,1.);
#4317 = DIRECTION('',(0.817584813152,-0.575808191418));
#4318 = ( GEOMETRIC_REPRESENTATION_CONTEXT(2) 
PARAMETRIC_REPRESENTATION_CONTEXT() REPRESENTATION_CONTEXT('2D SPACE',''
  ) );
#4319 = PCURVE('',#782,#4320);
#4320 = DEFINITIONAL_REPRESENTATION('',(#4321),#4325);
#4321 = LINE('',#4322,#4323);
#4322 = CARTESIAN_POINT('',(0.,-6.1E-02));
#4323 = VECTOR('',#4324,1.);
#4324 = DIRECTION('',(1.,0.));
#4325 = ( GEOMETRIC_REPRESENTATION_CONTEXT(2) 
PARAMETRIC_REPRESENTATION_CONTEXT() REPRESENTATION_CONTEXT('2D SPACE',''
  ) );
#4326 = ORIENTED_EDGE('',*,*,#4327,.T.);
#4327 = EDGE_CURVE('',#4305,#4328,#4330,.T.);
#4328 = VERTEX_POINT('',#4329);
#4329 = CARTESIAN_POINT('',(6.529104851254,-10.893153347,4.3E-02));
#4330 = SURFACE_CURVE('',#4331,(#4335,#4342),.PCURVE_S1.);
#4331 = LINE('',#4332,#4333);
#4332 = CARTESIAN_POINT('',(7.055741959349,-10.55966407624,4.3E-02));
#4333 = VECTOR('',#4334,1.);
#4334 = DIRECTION('',(-0.84485356525,-0.534997619887,0.));
#4335 = PCURVE('',#72,#4336);
#4336 = DEFINITIONAL_REPRESENTATION('',(#4337),#4341);
#4337 = LINE('',#4338,#4339);
#4338 = CARTESIAN_POINT('',(-7.055741959349,-10.55966407624));
#4339 = VECTOR('',#4340,1.);
#4340 = DIRECTION('',(0.84485356525,-0.534997619887));
#4341 = ( GEOMETRIC_REPRESENTATION_CONTEXT(2) 
PARAMETRIC_REPRESENTATION_CONTEXT() REPRESENTATION_CONTEXT('2D SPACE',''
  ) );
#4342 = PCURVE('',#810,#4343);
#4343 = DEFINITIONAL_REPRESENTATION('',(#4344),#4348);
#4344 = LINE('',#4345,#4346);
#4345 = CARTESIAN_POINT('',(0.,-6.1E-02));
#4346 = VECTOR('',#4347,1.);
#4347 = DIRECTION('',(1.,0.));
#4348 = ( GEOMETRIC_REPRESENTATION_CONTEXT(2) 
PARAMETRIC_REPRESENTATION_CONTEXT() REPRESENTATION_CONTEXT('2D SPACE',''
  ) );
#4349 = ORIENTED_EDGE('',*,*,#4350,.T.);
#4350 = EDGE_CURVE('',#4328,#4351,#4353,.T.);
#4351 = VERTEX_POINT('',#4352);
#4352 = CARTESIAN_POINT('',(5.98673855769,-11.20040005722,4.3E-02));
#4353 = SURFACE_CURVE('',#4354,(#4358,#4365),.PCURVE_S1.);
#4354 = LINE('',#4355,#4356);
#4355 = CARTESIAN_POINT('',(6.529104851254,-10.893153347,4.3E-02));
#4356 = VECTOR('',#4357,1.);
#4357 = DIRECTION('',(-0.870086991109,-0.49289819223,0.));
#4358 = PCURVE('',#72,#4359);
#4359 = DEFINITIONAL_REPRESENTATION('',(#4360),#4364);
#4360 = LINE('',#4361,#4362);
#4361 = CARTESIAN_POINT('',(-6.529104851254,-10.893153347));
#4362 = VECTOR('',#4363,1.);
#4363 = DIRECTION('',(0.870086991109,-0.49289819223));
#4364 = ( GEOMETRIC_REPRESENTATION_CONTEXT(2) 
PARAMETRIC_REPRESENTATION_CONTEXT() REPRESENTATION_CONTEXT('2D SPACE',''
  ) );
#4365 = PCURVE('',#838,#4366);
#4366 = DEFINITIONAL_REPRESENTATION('',(#4367),#4371);
#4367 = LINE('',#4368,#4369);
#4368 = CARTESIAN_POINT('',(0.,-6.1E-02));
#4369 = VECTOR('',#4370,1.);
#4370 = DIRECTION('',(1.,0.));
#4371 = ( GEOMETRIC_REPRESENTATION_CONTEXT(2) 
PARAMETRIC_REPRESENTATION_CONTEXT() REPRESENTATION_CONTEXT('2D SPACE',''
  ) );
#4372 = ORIENTED_EDGE('',*,*,#4373,.T.);
#4373 = EDGE_CURVE('',#4351,#4374,#4376,.T.);
#4374 = VERTEX_POINT('',#4375);
#4375 = CARTESIAN_POINT('',(5.429949686565,-11.48066402266,4.3E-02));
#4376 = SURFACE_CURVE('',#4377,(#4381,#4388),.PCURVE_S1.);
#4377 = LINE('',#4378,#4379);
#4378 = CARTESIAN_POINT('',(5.98673855769,-11.20040005722,4.3E-02));
#4379 = VECTOR('',#4380,1.);
#4380 = DIRECTION('',(-0.893224301196,-0.449611329655,0.));
#4381 = PCURVE('',#72,#4382);
#4382 = DEFINITIONAL_REPRESENTATION('',(#4383),#4387);
#4383 = LINE('',#4384,#4385);
#4384 = CARTESIAN_POINT('',(-5.98673855769,-11.20040005722));
#4385 = VECTOR('',#4386,1.);
#4386 = DIRECTION('',(0.893224301196,-0.449611329655));
#4387 = ( GEOMETRIC_REPRESENTATION_CONTEXT(2) 
PARAMETRIC_REPRESENTATION_CONTEXT() REPRESENTATION_CONTEXT('2D SPACE',''
  ) );
#4388 = PCURVE('',#866,#4389);
#4389 = DEFINITIONAL_REPRESENTATION('',(#4390),#4394);
#4390 = LINE('',#4391,#4392);
#4391 = CARTESIAN_POINT('',(0.,-6.1E-02));
#4392 = VECTOR('',#4393,1.);
#4393 = DIRECTION('',(1.,0.));
#4394 = ( GEOMETRIC_REPRESENTATION_CONTEXT(2) 
PARAMETRIC_REPRESENTATION_CONTEXT() REPRESENTATION_CONTEXT('2D SPACE',''
  ) );
#4395 = ORIENTED_EDGE('',*,*,#4396,.T.);
#4396 = EDGE_CURVE('',#4374,#4397,#4399,.T.);
#4397 = VERTEX_POINT('',#4398);
#4398 = CARTESIAN_POINT('',(4.860079591037,-11.73327006289,4.3E-02));
#4399 = SURFACE_CURVE('',#4400,(#4404,#4411),.PCURVE_S1.);
#4400 = LINE('',#4401,#4402);
#4401 = CARTESIAN_POINT('',(5.429949686565,-11.48066402266,4.3E-02));
#4402 = VECTOR('',#4403,1.);
#4403 = DIRECTION('',(-0.914209755704,-0.405241314005,0.));
#4404 = PCURVE('',#72,#4405);
#4405 = DEFINITIONAL_REPRESENTATION('',(#4406),#4410);
#4406 = LINE('',#4407,#4408);
#4407 = CARTESIAN_POINT('',(-5.429949686565,-11.48066402266));
#4408 = VECTOR('',#4409,1.);
#4409 = DIRECTION('',(0.914209755704,-0.405241314005));
#4410 = ( GEOMETRIC_REPRESENTATION_CONTEXT(2) 
PARAMETRIC_REPRESENTATION_CONTEXT() REPRESENTATION_CONTEXT('2D SPACE',''
  ) );
#4411 = PCURVE('',#894,#4412);
#4412 = DEFINITIONAL_REPRESENTATION('',(#4413),#4417);
#4413 = LINE('',#4414,#4415);
#4414 = CARTESIAN_POINT('',(0.,-6.1E-02));
#4415 = VECTOR('',#4416,1.);
#4416 = DIRECTION('',(1.,0.));
#4417 = ( GEOMETRIC_REPRESENTATION_CONTEXT(2) 
PARAMETRIC_REPRESENTATION_CONTEXT() REPRESENTATION_CONTEXT('2D SPACE',''
  ) );
#4418 = ORIENTED_EDGE('',*,*,#4419,.T.);
#4419 = EDGE_CURVE('',#4397,#4420,#4422,.T.);
#4420 = VERTEX_POINT('',#4421);
#4421 = CARTESIAN_POINT('',(4.278501138081,-11.95760962782,4.3E-02));
#4422 = SURFACE_CURVE('',#4423,(#4427,#4434),.PCURVE_S1.);
#4423 = LINE('',#4424,#4425);
#4424 = CARTESIAN_POINT('',(4.860079591037,-11.73327006289,4.3E-02));
#4425 = VECTOR('',#4426,1.);
#4426 = DIRECTION('',(-0.932992798835,-0.359895036535,0.));
#4427 = PCURVE('',#72,#4428);
#4428 = DEFINITIONAL_REPRESENTATION('',(#4429),#4433);
#4429 = LINE('',#4430,#4431);
#4430 = CARTESIAN_POINT('',(-4.860079591037,-11.73327006289));
#4431 = VECTOR('',#4432,1.);
#4432 = DIRECTION('',(0.932992798835,-0.359895036535));
#4433 = ( GEOMETRIC_REPRESENTATION_CONTEXT(2) 
PARAMETRIC_REPRESENTATION_CONTEXT() REPRESENTATION_CONTEXT('2D SPACE',''
  ) );
#4434 = PCURVE('',#922,#4435);
#4435 = DEFINITIONAL_REPRESENTATION('',(#4436),#4440);
#4436 = LINE('',#4437,#4438);
#4437 = CARTESIAN_POINT('',(0.,-6.1E-02));
#4438 = VECTOR('',#4439,1.);
#4439 = DIRECTION('',(1.,0.));
#4440 = ( GEOMETRIC_REPRESENTATION_CONTEXT(2) 
PARAMETRIC_REPRESENTATION_CONTEXT() REPRESENTATION_CONTEXT('2D SPACE',''
  ) );
#4441 = ORIENTED_EDGE('',*,*,#4442,.T.);
#4442 = EDGE_CURVE('',#4420,#4443,#4445,.T.);
#4443 = VERTEX_POINT('',#4444);
#4444 = CARTESIAN_POINT('',(3.686615401132,-12.15314226379,4.3E-02));
#4445 = SURFACE_CURVE('',#4446,(#4450,#4457),.PCURVE_S1.);
#4446 = LINE('',#4447,#4448);
#4447 = CARTESIAN_POINT('',(4.278501138081,-11.95760962782,4.3E-02));
#4448 = VECTOR('',#4449,1.);
#4449 = DIRECTION('',(-0.949528180593,-0.313681740399,0.));
#4450 = PCURVE('',#72,#4451);
#4451 = DEFINITIONAL_REPRESENTATION('',(#4452),#4456);
#4452 = LINE('',#4453,#4454);
#4453 = CARTESIAN_POINT('',(-4.278501138081,-11.95760962782));
#4454 = VECTOR('',#4455,1.);
#4455 = DIRECTION('',(0.949528180593,-0.313681740399));
#4456 = ( GEOMETRIC_REPRESENTATION_CONTEXT(2) 
PARAMETRIC_REPRESENTATION_CONTEXT() REPRESENTATION_CONTEXT('2D SPACE',''
  ) );
#4457 = PCURVE('',#950,#4458);
#4458 = DEFINITIONAL_REPRESENTATION('',(#4459),#4463);
#4459 = LINE('',#4460,#4461);
#4460 = CARTESIAN_POINT('',(0.,-6.1E-02));
#4461 = VECTOR('',#4462,1.);
#4462 = DIRECTION('',(1.,0.));
#4463 = ( GEOMETRIC_REPRESENTATION_CONTEXT(2) 
PARAMETRIC_REPRESENTATION_CONTEXT() REPRESENTATION_CONTEXT('2D SPACE',''
  ) );
#4464 = ORIENTED_EDGE('',*,*,#4465,.T.);
#4465 = EDGE_CURVE('',#4443,#4466,#4468,.T.);
#4466 = VERTEX_POINT('',#4467);
#4467 = CARTESIAN_POINT('',(3.085848284771,-12.31939691557,4.3E-02));
#4468 = SURFACE_CURVE('',#4469,(#4473,#4480),.PCURVE_S1.);
#4469 = LINE('',#4470,#4471);
#4470 = CARTESIAN_POINT('',(3.686615401132,-12.15314226379,4.3E-02));
#4471 = VECTOR('',#4472,1.);
#4472 = DIRECTION('',(-0.963776065795,-0.266712757475,0.));
#4473 = PCURVE('',#72,#4474);
#4474 = DEFINITIONAL_REPRESENTATION('',(#4475),#4479);
#4475 = LINE('',#4476,#4477);
#4476 = CARTESIAN_POINT('',(-3.686615401132,-12.15314226379));
#4477 = VECTOR('',#4478,1.);
#4478 = DIRECTION('',(0.963776065795,-0.266712757475));
#4479 = ( GEOMETRIC_REPRESENTATION_CONTEXT(2) 
PARAMETRIC_REPRESENTATION_CONTEXT() REPRESENTATION_CONTEXT('2D SPACE',''
  ) );
#4480 = PCURVE('',#978,#4481);
#4481 = DEFINITIONAL_REPRESENTATION('',(#4482),#4486);
#4482 = LINE('',#4483,#4484);
#4483 = CARTESIAN_POINT('',(0.,-6.1E-02));
#4484 = VECTOR('',#4485,1.);
#4485 = DIRECTION('',(1.,0.));
#4486 = ( GEOMETRIC_REPRESENTATION_CONTEXT(2) 
PARAMETRIC_REPRESENTATION_CONTEXT() REPRESENTATION_CONTEXT('2D SPACE',''
  ) );
#4487 = ORIENTED_EDGE('',*,*,#4488,.T.);
#4488 = EDGE_CURVE('',#4466,#4489,#4491,.T.);
#4489 = VERTEX_POINT('',#4490);
#4490 = CARTESIAN_POINT('',(2.477647089605,-12.45597306112,4.3E-02));
#4491 = SURFACE_CURVE('',#4492,(#4496,#4503),.PCURVE_S1.);
#4492 = LINE('',#4493,#4494);
#4493 = CARTESIAN_POINT('',(3.085848284771,-12.31939691557,4.3E-02));
#4494 = VECTOR('',#4495,1.);
#4495 = DIRECTION('',(-0.975702130039,-0.219101240157,0.));
#4496 = PCURVE('',#72,#4497);
#4497 = DEFINITIONAL_REPRESENTATION('',(#4498),#4502);
#4498 = LINE('',#4499,#4500);
#4499 = CARTESIAN_POINT('',(-3.085848284771,-12.31939691557));
#4500 = VECTOR('',#4501,1.);
#4501 = DIRECTION('',(0.975702130039,-0.219101240157));
#4502 = ( GEOMETRIC_REPRESENTATION_CONTEXT(2) 
PARAMETRIC_REPRESENTATION_CONTEXT() REPRESENTATION_CONTEXT('2D SPACE',''
  ) );
#4503 = PCURVE('',#1006,#4504);
#4504 = DEFINITIONAL_REPRESENTATION('',(#4505),#4509);
#4505 = LINE('',#4506,#4507);
#4506 = CARTESIAN_POINT('',(0.,-6.1E-02));
#4507 = VECTOR('',#4508,1.);
#4508 = DIRECTION('',(1.,0.));
#4509 = ( GEOMETRIC_REPRESENTATION_CONTEXT(2) 
PARAMETRIC_REPRESENTATION_CONTEXT() REPRESENTATION_CONTEXT('2D SPACE',''
  ) );
#4510 = ORIENTED_EDGE('',*,*,#4511,.T.);
#4511 = EDGE_CURVE('',#4489,#4512,#4514,.T.);
#4512 = VERTEX_POINT('',#4513);
#4513 = CARTESIAN_POINT('',(1.863477025583,-12.56254167655,4.3E-02));
#4514 = SURFACE_CURVE('',#4515,(#4519,#4526),.PCURVE_S1.);
#4515 = LINE('',#4516,#4517);
#4516 = CARTESIAN_POINT('',(2.477647089605,-12.45597306112,4.3E-02));
#4517 = VECTOR('',#4518,1.);
#4518 = DIRECTION('',(-0.985277642389,-0.17096188876,0.));
#4519 = PCURVE('',#72,#4520);
#4520 = DEFINITIONAL_REPRESENTATION('',(#4521),#4525);
#4521 = LINE('',#4522,#4523);
#4522 = CARTESIAN_POINT('',(-2.477647089605,-12.45597306112));
#4523 = VECTOR('',#4524,1.);
#4524 = DIRECTION('',(0.985277642389,-0.17096188876));
#4525 = ( GEOMETRIC_REPRESENTATION_CONTEXT(2) 
PARAMETRIC_REPRESENTATION_CONTEXT() REPRESENTATION_CONTEXT('2D SPACE',''
  ) );
#4526 = PCURVE('',#1034,#4527);
#4527 = DEFINITIONAL_REPRESENTATION('',(#4528),#4532);
#4528 = LINE('',#4529,#4530);
#4529 = CARTESIAN_POINT('',(0.,-6.1E-02));
#4530 = VECTOR('',#4531,1.);
#4531 = DIRECTION('',(1.,0.));
#4532 = ( GEOMETRIC_REPRESENTATION_CONTEXT(2) 
PARAMETRIC_REPRESENTATION_CONTEXT() REPRESENTATION_CONTEXT('2D SPACE',''
  ) );
#4533 = ORIENTED_EDGE('',*,*,#4534,.T.);
#4534 = EDGE_CURVE('',#4512,#4535,#4537,.T.);
#4535 = VERTEX_POINT('',#4536);
#4536 = CARTESIAN_POINT('',(1.244817682185,-12.63884602873,4.3E-02));
#4537 = SURFACE_CURVE('',#4538,(#4542,#4549),.PCURVE_S1.);
#4538 = LINE('',#4539,#4540);
#4539 = CARTESIAN_POINT('',(1.863477025583,-12.56254167655,4.3E-02));
#4540 = VECTOR('',#4541,1.);
#4541 = DIRECTION('',(-0.992479534599,-0.122410675199,0.));
#4542 = PCURVE('',#72,#4543);
#4543 = DEFINITIONAL_REPRESENTATION('',(#4544),#4548);
#4544 = LINE('',#4545,#4546);
#4545 = CARTESIAN_POINT('',(-1.863477025583,-12.56254167655));
#4546 = VECTOR('',#4547,1.);
#4547 = DIRECTION('',(0.992479534599,-0.122410675199));
#4548 = ( GEOMETRIC_REPRESENTATION_CONTEXT(2) 
PARAMETRIC_REPRESENTATION_CONTEXT() REPRESENTATION_CONTEXT('2D SPACE',''
  ) );
#4549 = PCURVE('',#1062,#4550);
#4550 = DEFINITIONAL_REPRESENTATION('',(#4551),#4555);
#4551 = LINE('',#4552,#4553);
#4552 = CARTESIAN_POINT('',(0.,-6.1E-02));
#4553 = VECTOR('',#4554,1.);
#4554 = DIRECTION('',(1.,0.));
#4555 = ( GEOMETRIC_REPRESENTATION_CONTEXT(2) 
PARAMETRIC_REPRESENTATION_CONTEXT() REPRESENTATION_CONTEXT('2D SPACE',''
  ) );
#4556 = ORIENTED_EDGE('',*,*,#4557,.T.);
#4557 = EDGE_CURVE('',#4535,#4558,#4560,.T.);
#4558 = VERTEX_POINT('',#4559);
#4559 = CARTESIAN_POINT('',(0.623159463958,-12.6847022938,4.3E-02));
#4560 = SURFACE_CURVE('',#4561,(#4565,#4572),.PCURVE_S1.);
#4561 = LINE('',#4562,#4563);
#4562 = CARTESIAN_POINT('',(1.244817682185,-12.63884602873,4.3E-02));
#4563 = VECTOR('',#4564,1.);
#4564 = DIRECTION('',(-0.997290456679,-7.356456359967E-02,0.));
#4565 = PCURVE('',#72,#4566);
#4566 = DEFINITIONAL_REPRESENTATION('',(#4567),#4571);
#4567 = LINE('',#4568,#4569);
#4568 = CARTESIAN_POINT('',(-1.244817682185,-12.63884602873));
#4569 = VECTOR('',#4570,1.);
#4570 = DIRECTION('',(0.997290456679,-7.356456359967E-02));
#4571 = ( GEOMETRIC_REPRESENTATION_CONTEXT(2) 
PARAMETRIC_REPRESENTATION_CONTEXT() REPRESENTATION_CONTEXT('2D SPACE',''
  ) );
#4572 = PCURVE('',#1090,#4573);
#4573 = DEFINITIONAL_REPRESENTATION('',(#4574),#4578);
#4574 = LINE('',#4575,#4576);
#4575 = CARTESIAN_POINT('',(0.,-6.1E-02));
#4576 = VECTOR('',#4577,1.);
#4577 = DIRECTION('',(1.,0.));
#4578 = ( GEOMETRIC_REPRESENTATION_CONTEXT(2) 
PARAMETRIC_REPRESENTATION_CONTEXT() REPRESENTATION_CONTEXT('2D SPACE',''
  ) );
#4579 = ORIENTED_EDGE('',*,*,#4580,.T.);
#4580 = EDGE_CURVE('',#4558,#4581,#4583,.T.);
#4581 = VERTEX_POINT('',#4582);
#4582 = CARTESIAN_POINT('',(0.,-12.7,4.3E-02));
#4583 = SURFACE_CURVE('',#4584,(#4588,#4595),.PCURVE_S1.);
#4584 = LINE('',#4585,#4586);
#4585 = CARTESIAN_POINT('',(0.623159463958,-12.6847022938,4.3E-02));
#4586 = VECTOR('',#4587,1.);
#4587 = DIRECTION('',(-0.999698818696,-2.454122852291E-02,0.));
#4588 = PCURVE('',#72,#4589);
#4589 = DEFINITIONAL_REPRESENTATION('',(#4590),#4594);
#4590 = LINE('',#4591,#4592);
#4591 = CARTESIAN_POINT('',(-0.623159463958,-12.6847022938));
#4592 = VECTOR('',#4593,1.);
#4593 = DIRECTION('',(0.999698818696,-2.454122852291E-02));
#4594 = ( GEOMETRIC_REPRESENTATION_CONTEXT(2) 
PARAMETRIC_REPRESENTATION_CONTEXT() REPRESENTATION_CONTEXT('2D SPACE',''
  ) );
#4595 = PCURVE('',#1118,#4596);
#4596 = DEFINITIONAL_REPRESENTATION('',(#4597),#4601);
#4597 = LINE('',#4598,#4599);
#4598 = CARTESIAN_POINT('',(0.,-6.1E-02));
#4599 = VECTOR('',#4600,1.);
#4600 = DIRECTION('',(1.,0.));
#4601 = ( GEOMETRIC_REPRESENTATION_CONTEXT(2) 
PARAMETRIC_REPRESENTATION_CONTEXT() REPRESENTATION_CONTEXT('2D SPACE',''
  ) );
#4602 = ORIENTED_EDGE('',*,*,#4603,.T.);
#4603 = EDGE_CURVE('',#4581,#4604,#4606,.T.);
#4604 = VERTEX_POINT('',#4605);
#4605 = CARTESIAN_POINT('',(-0.623159463958,-12.6847022938,4.3E-02));
#4606 = SURFACE_CURVE('',#4607,(#4611,#4618),.PCURVE_S1.);
#4607 = LINE('',#4608,#4609);
#4608 = CARTESIAN_POINT('',(0.,-12.7,4.3E-02));
#4609 = VECTOR('',#4610,1.);
#4610 = DIRECTION('',(-0.999698818696,2.454122852291E-02,0.));
#4611 = PCURVE('',#72,#4612);
#4612 = DEFINITIONAL_REPRESENTATION('',(#4613),#4617);
#4613 = LINE('',#4614,#4615);
#4614 = CARTESIAN_POINT('',(-1.218917606455E-15,-12.7));
#4615 = VECTOR('',#4616,1.);
#4616 = DIRECTION('',(0.999698818696,2.454122852291E-02));
#4617 = ( GEOMETRIC_REPRESENTATION_CONTEXT(2) 
PARAMETRIC_REPRESENTATION_CONTEXT() REPRESENTATION_CONTEXT('2D SPACE',''
  ) );
#4618 = PCURVE('',#1146,#4619);
#4619 = DEFINITIONAL_REPRESENTATION('',(#4620),#4624);
#4620 = LINE('',#4621,#4622);
#4621 = CARTESIAN_POINT('',(0.,-6.1E-02));
#4622 = VECTOR('',#4623,1.);
#4623 = DIRECTION('',(1.,0.));
#4624 = ( GEOMETRIC_REPRESENTATION_CONTEXT(2) 
PARAMETRIC_REPRESENTATION_CONTEXT() REPRESENTATION_CONTEXT('2D SPACE',''
  ) );
#4625 = ORIENTED_EDGE('',*,*,#4626,.T.);
#4626 = EDGE_CURVE('',#4604,#4627,#4629,.T.);
#4627 = VERTEX_POINT('',#4628);
#4628 = CARTESIAN_POINT('',(-1.244817682185,-12.63884602873,4.3E-02));
#4629 = SURFACE_CURVE('',#4630,(#4634,#4641),.PCURVE_S1.);
#4630 = LINE('',#4631,#4632);
#4631 = CARTESIAN_POINT('',(-0.623159463958,-12.6847022938,4.3E-02));
#4632 = VECTOR('',#4633,1.);
#4633 = DIRECTION('',(-0.997290456679,7.356456359967E-02,0.));
#4634 = PCURVE('',#72,#4635);
#4635 = DEFINITIONAL_REPRESENTATION('',(#4636),#4640);
#4636 = LINE('',#4637,#4638);
#4637 = CARTESIAN_POINT('',(0.623159463958,-12.6847022938));
#4638 = VECTOR('',#4639,1.);
#4639 = DIRECTION('',(0.997290456679,7.356456359967E-02));
#4640 = ( GEOMETRIC_REPRESENTATION_CONTEXT(2) 
PARAMETRIC_REPRESENTATION_CONTEXT() REPRESENTATION_CONTEXT('2D SPACE',''
  ) );
#4641 = PCURVE('',#1174,#4642);
#4642 = DEFINITIONAL_REPRESENTATION('',(#4643),#4647);
#4643 = LINE('',#4644,#4645);
#4644 = CARTESIAN_POINT('',(0.,-6.1E-02));
#4645 = VECTOR('',#4646,1.);
#4646 = DIRECTION('',(1.,0.));
#4647 = ( GEOMETRIC_REPRESENTATION_CONTEXT(2) 
PARAMETRIC_REPRESENTATION_CONTEXT() REPRESENTATION_CONTEXT('2D SPACE',''
  ) );
#4648 = ORIENTED_EDGE('',*,*,#4649,.T.);
#4649 = EDGE_CURVE('',#4627,#4650,#4652,.T.);
#4650 = VERTEX_POINT('',#4651);
#4651 = CARTESIAN_POINT('',(-1.863477025583,-12.56254167655,4.3E-02));
#4652 = SURFACE_CURVE('',#4653,(#4657,#4664),.PCURVE_S1.);
#4653 = LINE('',#4654,#4655);
#4654 = CARTESIAN_POINT('',(-1.244817682185,-12.63884602873,4.3E-02));
#4655 = VECTOR('',#4656,1.);
#4656 = DIRECTION('',(-0.992479534599,0.122410675199,0.));
#4657 = PCURVE('',#72,#4658);
#4658 = DEFINITIONAL_REPRESENTATION('',(#4659),#4663);
#4659 = LINE('',#4660,#4661);
#4660 = CARTESIAN_POINT('',(1.244817682185,-12.63884602873));
#4661 = VECTOR('',#4662,1.);
#4662 = DIRECTION('',(0.992479534599,0.122410675199));
#4663 = ( GEOMETRIC_REPRESENTATION_CONTEXT(2) 
PARAMETRIC_REPRESENTATION_CONTEXT() REPRESENTATION_CONTEXT('2D SPACE',''
  ) );
#4664 = PCURVE('',#1202,#4665);
#4665 = DEFINITIONAL_REPRESENTATION('',(#4666),#4670);
#4666 = LINE('',#4667,#4668);
#4667 = CARTESIAN_POINT('',(0.,-6.1E-02));
#4668 = VECTOR('',#4669,1.);
#4669 = DIRECTION('',(1.,0.));
#4670 = ( GEOMETRIC_REPRESENTATION_CONTEXT(2) 
PARAMETRIC_REPRESENTATION_CONTEXT() REPRESENTATION_CONTEXT('2D SPACE',''
  ) );
#4671 = ORIENTED_EDGE('',*,*,#4672,.T.);
#4672 = EDGE_CURVE('',#4650,#4673,#4675,.T.);
#4673 = VERTEX_POINT('',#4674);
#4674 = CARTESIAN_POINT('',(-2.477647089605,-12.45597306112,4.3E-02));
#4675 = SURFACE_CURVE('',#4676,(#4680,#4687),.PCURVE_S1.);
#4676 = LINE('',#4677,#4678);
#4677 = CARTESIAN_POINT('',(-1.863477025583,-12.56254167655,4.3E-02));
#4678 = VECTOR('',#4679,1.);
#4679 = DIRECTION('',(-0.985277642389,0.17096188876,0.));
#4680 = PCURVE('',#72,#4681);
#4681 = DEFINITIONAL_REPRESENTATION('',(#4682),#4686);
#4682 = LINE('',#4683,#4684);
#4683 = CARTESIAN_POINT('',(1.863477025583,-12.56254167655));
#4684 = VECTOR('',#4685,1.);
#4685 = DIRECTION('',(0.985277642389,0.17096188876));
#4686 = ( GEOMETRIC_REPRESENTATION_CONTEXT(2) 
PARAMETRIC_REPRESENTATION_CONTEXT() REPRESENTATION_CONTEXT('2D SPACE',''
  ) );
#4687 = PCURVE('',#1230,#4688);
#4688 = DEFINITIONAL_REPRESENTATION('',(#4689),#4693);
#4689 = LINE('',#4690,#4691);
#4690 = CARTESIAN_POINT('',(0.,-6.1E-02));
#4691 = VECTOR('',#4692,1.);
#4692 = DIRECTION('',(1.,0.));
#4693 = ( GEOMETRIC_REPRESENTATION_CONTEXT(2) 
PARAMETRIC_REPRESENTATION_CONTEXT() REPRESENTATION_CONTEXT('2D SPACE',''
  ) );
#4694 = ORIENTED_EDGE('',*,*,#4695,.T.);
#4695 = EDGE_CURVE('',#4673,#4696,#4698,.T.);
#4696 = VERTEX_POINT('',#4697);
#4697 = CARTESIAN_POINT('',(-3.085848284771,-12.31939691557,4.3E-02));
#4698 = SURFACE_CURVE('',#4699,(#4703,#4710),.PCURVE_S1.);
#4699 = LINE('',#4700,#4701);
#4700 = CARTESIAN_POINT('',(-2.477647089605,-12.45597306112,4.3E-02));
#4701 = VECTOR('',#4702,1.);
#4702 = DIRECTION('',(-0.975702130039,0.219101240157,0.));
#4703 = PCURVE('',#72,#4704);
#4704 = DEFINITIONAL_REPRESENTATION('',(#4705),#4709);
#4705 = LINE('',#4706,#4707);
#4706 = CARTESIAN_POINT('',(2.477647089605,-12.45597306112));
#4707 = VECTOR('',#4708,1.);
#4708 = DIRECTION('',(0.975702130039,0.219101240157));
#4709 = ( GEOMETRIC_REPRESENTATION_CONTEXT(2) 
PARAMETRIC_REPRESENTATION_CONTEXT() REPRESENTATION_CONTEXT('2D SPACE',''
  ) );
#4710 = PCURVE('',#1258,#4711);
#4711 = DEFINITIONAL_REPRESENTATION('',(#4712),#4716);
#4712 = LINE('',#4713,#4714);
#4713 = CARTESIAN_POINT('',(0.,-6.1E-02));
#4714 = VECTOR('',#4715,1.);
#4715 = DIRECTION('',(1.,0.));
#4716 = ( GEOMETRIC_REPRESENTATION_CONTEXT(2) 
PARAMETRIC_REPRESENTATION_CONTEXT() REPRESENTATION_CONTEXT('2D SPACE',''
  ) );
#4717 = ORIENTED_EDGE('',*,*,#4718,.T.);
#4718 = EDGE_CURVE('',#4696,#4719,#4721,.T.);
#4719 = VERTEX_POINT('',#4720);
#4720 = CARTESIAN_POINT('',(-3.686615401132,-12.15314226379,4.3E-02));
#4721 = SURFACE_CURVE('',#4722,(#4726,#4733),.PCURVE_S1.);
#4722 = LINE('',#4723,#4724);
#4723 = CARTESIAN_POINT('',(-3.085848284771,-12.31939691557,4.3E-02));
#4724 = VECTOR('',#4725,1.);
#4725 = DIRECTION('',(-0.963776065795,0.266712757475,0.));
#4726 = PCURVE('',#72,#4727);
#4727 = DEFINITIONAL_REPRESENTATION('',(#4728),#4732);
#4728 = LINE('',#4729,#4730);
#4729 = CARTESIAN_POINT('',(3.085848284771,-12.31939691557));
#4730 = VECTOR('',#4731,1.);
#4731 = DIRECTION('',(0.963776065795,0.266712757475));
#4732 = ( GEOMETRIC_REPRESENTATION_CONTEXT(2) 
PARAMETRIC_REPRESENTATION_CONTEXT() REPRESENTATION_CONTEXT('2D SPACE',''
  ) );
#4733 = PCURVE('',#1286,#4734);
#4734 = DEFINITIONAL_REPRESENTATION('',(#4735),#4739);
#4735 = LINE('',#4736,#4737);
#4736 = CARTESIAN_POINT('',(0.,-6.1E-02));
#4737 = VECTOR('',#4738,1.);
#4738 = DIRECTION('',(1.,0.));
#4739 = ( GEOMETRIC_REPRESENTATION_CONTEXT(2) 
PARAMETRIC_REPRESENTATION_CONTEXT() REPRESENTATION_CONTEXT('2D SPACE',''
  ) );
#4740 = ORIENTED_EDGE('',*,*,#4741,.T.);
#4741 = EDGE_CURVE('',#4719,#4742,#4744,.T.);
#4742 = VERTEX_POINT('',#4743);
#4743 = CARTESIAN_POINT('',(-4.278501138081,-11.95760962782,4.3E-02));
#4744 = SURFACE_CURVE('',#4745,(#4749,#4756),.PCURVE_S1.);
#4745 = LINE('',#4746,#4747);
#4746 = CARTESIAN_POINT('',(-3.686615401132,-12.15314226379,4.3E-02));
#4747 = VECTOR('',#4748,1.);
#4748 = DIRECTION('',(-0.949528180593,0.313681740399,0.));
#4749 = PCURVE('',#72,#4750);
#4750 = DEFINITIONAL_REPRESENTATION('',(#4751),#4755);
#4751 = LINE('',#4752,#4753);
#4752 = CARTESIAN_POINT('',(3.686615401132,-12.15314226379));
#4753 = VECTOR('',#4754,1.);
#4754 = DIRECTION('',(0.949528180593,0.313681740399));
#4755 = ( GEOMETRIC_REPRESENTATION_CONTEXT(2) 
PARAMETRIC_REPRESENTATION_CONTEXT() REPRESENTATION_CONTEXT('2D SPACE',''
  ) );
#4756 = PCURVE('',#1314,#4757);
#4757 = DEFINITIONAL_REPRESENTATION('',(#4758),#4762);
#4758 = LINE('',#4759,#4760);
#4759 = CARTESIAN_POINT('',(0.,-6.1E-02));
#4760 = VECTOR('',#4761,1.);
#4761 = DIRECTION('',(1.,0.));
#4762 = ( GEOMETRIC_REPRESENTATION_CONTEXT(2) 
PARAMETRIC_REPRESENTATION_CONTEXT() REPRESENTATION_CONTEXT('2D SPACE',''
  ) );
#4763 = ORIENTED_EDGE('',*,*,#4764,.T.);
#4764 = EDGE_CURVE('',#4742,#4765,#4767,.T.);
#4765 = VERTEX_POINT('',#4766);
#4766 = CARTESIAN_POINT('',(-4.860079591037,-11.73327006289,4.3E-02));
#4767 = SURFACE_CURVE('',#4768,(#4772,#4779),.PCURVE_S1.);
#4768 = LINE('',#4769,#4770);
#4769 = CARTESIAN_POINT('',(-4.278501138081,-11.95760962782,4.3E-02));
#4770 = VECTOR('',#4771,1.);
#4771 = DIRECTION('',(-0.932992798835,0.359895036535,0.));
#4772 = PCURVE('',#72,#4773);
#4773 = DEFINITIONAL_REPRESENTATION('',(#4774),#4778);
#4774 = LINE('',#4775,#4776);
#4775 = CARTESIAN_POINT('',(4.278501138081,-11.95760962782));
#4776 = VECTOR('',#4777,1.);
#4777 = DIRECTION('',(0.932992798835,0.359895036535));
#4778 = ( GEOMETRIC_REPRESENTATION_CONTEXT(2) 
PARAMETRIC_REPRESENTATION_CONTEXT() REPRESENTATION_CONTEXT('2D SPACE',''
  ) );
#4779 = PCURVE('',#1342,#4780);
#4780 = DEFINITIONAL_REPRESENTATION('',(#4781),#4785);
#4781 = LINE('',#4782,#4783);
#4782 = CARTESIAN_POINT('',(0.,-6.1E-02));
#4783 = VECTOR('',#4784,1.);
#4784 = DIRECTION('',(1.,0.));
#4785 = ( GEOMETRIC_REPRESENTATION_CONTEXT(2) 
PARAMETRIC_REPRESENTATION_CONTEXT() REPRESENTATION_CONTEXT('2D SPACE',''
  ) );
#4786 = ORIENTED_EDGE('',*,*,#4787,.T.);
#4787 = EDGE_CURVE('',#4765,#4788,#4790,.T.);
#4788 = VERTEX_POINT('',#4789);
#4789 = CARTESIAN_POINT('',(-5.429949686565,-11.48066402266,4.3E-02));
#4790 = SURFACE_CURVE('',#4791,(#4795,#4802),.PCURVE_S1.);
#4791 = LINE('',#4792,#4793);
#4792 = CARTESIAN_POINT('',(-4.860079591037,-11.73327006289,4.3E-02));
#4793 = VECTOR('',#4794,1.);
#4794 = DIRECTION('',(-0.914209755704,0.405241314005,0.));
#4795 = PCURVE('',#72,#4796);
#4796 = DEFINITIONAL_REPRESENTATION('',(#4797),#4801);
#4797 = LINE('',#4798,#4799);
#4798 = CARTESIAN_POINT('',(4.860079591037,-11.73327006289));
#4799 = VECTOR('',#4800,1.);
#4800 = DIRECTION('',(0.914209755704,0.405241314005));
#4801 = ( GEOMETRIC_REPRESENTATION_CONTEXT(2) 
PARAMETRIC_REPRESENTATION_CONTEXT() REPRESENTATION_CONTEXT('2D SPACE',''
  ) );
#4802 = PCURVE('',#1370,#4803);
#4803 = DEFINITIONAL_REPRESENTATION('',(#4804),#4808);
#4804 = LINE('',#4805,#4806);
#4805 = CARTESIAN_POINT('',(0.,-6.1E-02));
#4806 = VECTOR('',#4807,1.);
#4807 = DIRECTION('',(1.,0.));
#4808 = ( GEOMETRIC_REPRESENTATION_CONTEXT(2) 
PARAMETRIC_REPRESENTATION_CONTEXT() REPRESENTATION_CONTEXT('2D SPACE',''
  ) );
#4809 = ORIENTED_EDGE('',*,*,#4810,.T.);
#4810 = EDGE_CURVE('',#4788,#4811,#4813,.T.);
#4811 = VERTEX_POINT('',#4812);
#4812 = CARTESIAN_POINT('',(-5.98673855769,-11.20040005722,4.3E-02));
#4813 = SURFACE_CURVE('',#4814,(#4818,#4825),.PCURVE_S1.);
#4814 = LINE('',#4815,#4816);
#4815 = CARTESIAN_POINT('',(-5.429949686565,-11.48066402266,4.3E-02));
#4816 = VECTOR('',#4817,1.);
#4817 = DIRECTION('',(-0.893224301196,0.449611329655,0.));
#4818 = PCURVE('',#72,#4819);
#4819 = DEFINITIONAL_REPRESENTATION('',(#4820),#4824);
#4820 = LINE('',#4821,#4822);
#4821 = CARTESIAN_POINT('',(5.429949686565,-11.48066402266));
#4822 = VECTOR('',#4823,1.);
#4823 = DIRECTION('',(0.893224301196,0.449611329655));
#4824 = ( GEOMETRIC_REPRESENTATION_CONTEXT(2) 
PARAMETRIC_REPRESENTATION_CONTEXT() REPRESENTATION_CONTEXT('2D SPACE',''
  ) );
#4825 = PCURVE('',#1398,#4826);
#4826 = DEFINITIONAL_REPRESENTATION('',(#4827),#4831);
#4827 = LINE('',#4828,#4829);
#4828 = CARTESIAN_POINT('',(0.,-6.1E-02));
#4829 = VECTOR('',#4830,1.);
#4830 = DIRECTION('',(1.,0.));
#4831 = ( GEOMETRIC_REPRESENTATION_CONTEXT(2) 
PARAMETRIC_REPRESENTATION_CONTEXT() REPRESENTATION_CONTEXT('2D SPACE',''
  ) );
#4832 = ORIENTED_EDGE('',*,*,#4833,.T.);
#4833 = EDGE_CURVE('',#4811,#4834,#4836,.T.);
#4834 = VERTEX_POINT('',#4835);
#4835 = CARTESIAN_POINT('',(-6.529104851254,-10.893153347,4.3E-02));
#4836 = SURFACE_CURVE('',#4837,(#4841,#4848),.PCURVE_S1.);
#4837 = LINE('',#4838,#4839);
#4838 = CARTESIAN_POINT('',(-5.98673855769,-11.20040005722,4.3E-02));
#4839 = VECTOR('',#4840,1.);
#4840 = DIRECTION('',(-0.870086991109,0.49289819223,0.));
#4841 = PCURVE('',#72,#4842);
#4842 = DEFINITIONAL_REPRESENTATION('',(#4843),#4847);
#4843 = LINE('',#4844,#4845);
#4844 = CARTESIAN_POINT('',(5.98673855769,-11.20040005722));
#4845 = VECTOR('',#4846,1.);
#4846 = DIRECTION('',(0.870086991109,0.49289819223));
#4847 = ( GEOMETRIC_REPRESENTATION_CONTEXT(2) 
PARAMETRIC_REPRESENTATION_CONTEXT() REPRESENTATION_CONTEXT('2D SPACE',''
  ) );
#4848 = PCURVE('',#1426,#4849);
#4849 = DEFINITIONAL_REPRESENTATION('',(#4850),#4854);
#4850 = LINE('',#4851,#4852);
#4851 = CARTESIAN_POINT('',(0.,-6.1E-02));
#4852 = VECTOR('',#4853,1.);
#4853 = DIRECTION('',(1.,0.));
#4854 = ( GEOMETRIC_REPRESENTATION_CONTEXT(2) 
PARAMETRIC_REPRESENTATION_CONTEXT() REPRESENTATION_CONTEXT('2D SPACE',''
  ) );
#4855 = ORIENTED_EDGE('',*,*,#4856,.T.);
#4856 = EDGE_CURVE('',#4834,#4857,#4859,.T.);
#4857 = VERTEX_POINT('',#4858);
#4858 = CARTESIAN_POINT('',(-7.055741959349,-10.55966407624,4.3E-02));
#4859 = SURFACE_CURVE('',#4860,(#4864,#4871),.PCURVE_S1.);
#4860 = LINE('',#4861,#4862);
#4861 = CARTESIAN_POINT('',(-6.529104851254,-10.893153347,4.3E-02));
#4862 = VECTOR('',#4863,1.);
#4863 = DIRECTION('',(-0.84485356525,0.534997619887,0.));
#4864 = PCURVE('',#72,#4865);
#4865 = DEFINITIONAL_REPRESENTATION('',(#4866),#4870);
#4866 = LINE('',#4867,#4868);
#4867 = CARTESIAN_POINT('',(6.529104851254,-10.893153347));
#4868 = VECTOR('',#4869,1.);
#4869 = DIRECTION('',(0.84485356525,0.534997619887));
#4870 = ( GEOMETRIC_REPRESENTATION_CONTEXT(2) 
PARAMETRIC_REPRESENTATION_CONTEXT() REPRESENTATION_CONTEXT('2D SPACE',''
  ) );
#4871 = PCURVE('',#1454,#4872);
#4872 = DEFINITIONAL_REPRESENTATION('',(#4873),#4877);
#4873 = LINE('',#4874,#4875);
#4874 = CARTESIAN_POINT('',(0.,-6.1E-02));
#4875 = VECTOR('',#4876,1.);
#4876 = DIRECTION('',(1.,0.));
#4877 = ( GEOMETRIC_REPRESENTATION_CONTEXT(2) 
PARAMETRIC_REPRESENTATION_CONTEXT() REPRESENTATION_CONTEXT('2D SPACE',''
  ) );
#4878 = ORIENTED_EDGE('',*,*,#4879,.T.);
#4879 = EDGE_CURVE('',#4857,#4880,#4882,.T.);
#4880 = VERTEX_POINT('',#4881);
#4881 = CARTESIAN_POINT('',(-7.565381167054,-10.2007356498,4.3E-02));
#4882 = SURFACE_CURVE('',#4883,(#4887,#4894),.PCURVE_S1.);
#4883 = LINE('',#4884,#4885);
#4884 = CARTESIAN_POINT('',(-7.055741959349,-10.55966407624,4.3E-02));
#4885 = VECTOR('',#4886,1.);
#4886 = DIRECTION('',(-0.817584813152,0.575808191418,0.));
#4887 = PCURVE('',#72,#4888);
#4888 = DEFINITIONAL_REPRESENTATION('',(#4889),#4893);
#4889 = LINE('',#4890,#4891);
#4890 = CARTESIAN_POINT('',(7.055741959349,-10.55966407624));
#4891 = VECTOR('',#4892,1.);
#4892 = DIRECTION('',(0.817584813152,0.575808191418));
#4893 = ( GEOMETRIC_REPRESENTATION_CONTEXT(2) 
PARAMETRIC_REPRESENTATION_CONTEXT() REPRESENTATION_CONTEXT('2D SPACE',''
  ) );
#4894 = PCURVE('',#1482,#4895);
#4895 = DEFINITIONAL_REPRESENTATION('',(#4896),#4900);
#4896 = LINE('',#4897,#4898);
#4897 = CARTESIAN_POINT('',(0.,-6.1E-02));
#4898 = VECTOR('',#4899,1.);
#4899 = DIRECTION('',(1.,0.));
#4900 = ( GEOMETRIC_REPRESENTATION_CONTEXT(2) 
PARAMETRIC_REPRESENTATION_CONTEXT() REPRESENTATION_CONTEXT('2D SPACE',''
  ) );
#4901 = ORIENTED_EDGE('',*,*,#4902,.T.);
#4902 = EDGE_CURVE('',#4880,#4903,#4905,.T.);
#4903 = VERTEX_POINT('',#4904);
#4904 = CARTESIAN_POINT('',(-8.056794708878,-9.817232757707,4.3E-02));
#4905 = SURFACE_CURVE('',#4906,(#4910,#4917),.PCURVE_S1.);
#4906 = LINE('',#4907,#4908);
#4907 = CARTESIAN_POINT('',(-7.565381167054,-10.2007356498,4.3E-02));
#4908 = VECTOR('',#4909,1.);
#4909 = DIRECTION('',(-0.788346427627,0.615231590581,0.));
#4910 = PCURVE('',#72,#4911);
#4911 = DEFINITIONAL_REPRESENTATION('',(#4912),#4916);
#4912 = LINE('',#4913,#4914);
#4913 = CARTESIAN_POINT('',(7.565381167054,-10.2007356498));
#4914 = VECTOR('',#4915,1.);
#4915 = DIRECTION('',(0.788346427627,0.615231590581));
#4916 = ( GEOMETRIC_REPRESENTATION_CONTEXT(2) 
PARAMETRIC_REPRESENTATION_CONTEXT() REPRESENTATION_CONTEXT('2D SPACE',''
  ) );
#4917 = PCURVE('',#1510,#4918);
#4918 = DEFINITIONAL_REPRESENTATION('',(#4919),#4923);
#4919 = LINE('',#4920,#4921);
#4920 = CARTESIAN_POINT('',(0.,-6.1E-02));
#4921 = VECTOR('',#4922,1.);
#4922 = DIRECTION('',(1.,0.));
#4923 = ( GEOMETRIC_REPRESENTATION_CONTEXT(2) 
PARAMETRIC_REPRESENTATION_CONTEXT() REPRESENTATION_CONTEXT('2D SPACE',''
  ) );
#4924 = ORIENTED_EDGE('',*,*,#4925,.T.);
#4925 = EDGE_CURVE('',#4903,#4926,#4928,.T.);
#4926 = VERTEX_POINT('',#4927);
#4927 = CARTESIAN_POINT('',(-8.528798726557,-9.410079292008,4.3E-02));
#4928 = SURFACE_CURVE('',#4929,(#4933,#4940),.PCURVE_S1.);
#4929 = LINE('',#4930,#4931);
#4930 = CARTESIAN_POINT('',(-8.056794708878,-9.817232757707,4.3E-02));
#4931 = VECTOR('',#4932,1.);
#4932 = DIRECTION('',(-0.757208846506,0.653172842954,0.));
#4933 = PCURVE('',#72,#4934);
#4934 = DEFINITIONAL_REPRESENTATION('',(#4935),#4939);
#4935 = LINE('',#4936,#4937);
#4936 = CARTESIAN_POINT('',(8.056794708878,-9.817232757707));
#4937 = VECTOR('',#4938,1.);
#4938 = DIRECTION('',(0.757208846506,0.653172842954));
#4939 = ( GEOMETRIC_REPRESENTATION_CONTEXT(2) 
PARAMETRIC_REPRESENTATION_CONTEXT() REPRESENTATION_CONTEXT('2D SPACE',''
  ) );
#4940 = PCURVE('',#1538,#4941);
#4941 = DEFINITIONAL_REPRESENTATION('',(#4942),#4946);
#4942 = LINE('',#4943,#4944);
#4943 = CARTESIAN_POINT('',(0.,-6.1E-02));
#4944 = VECTOR('',#4945,1.);
#4945 = DIRECTION('',(1.,0.));
#4946 = ( GEOMETRIC_REPRESENTATION_CONTEXT(2) 
PARAMETRIC_REPRESENTATION_CONTEXT() REPRESENTATION_CONTEXT('2D SPACE',''
  ) );
#4947 = ORIENTED_EDGE('',*,*,#4948,.T.);
#4948 = EDGE_CURVE('',#4926,#4949,#4951,.T.);
#4949 = VERTEX_POINT('',#4950);
#4950 = CARTESIAN_POINT('',(-8.980256121069,-8.980256121069,4.3E-02));
#4951 = SURFACE_CURVE('',#4952,(#4956,#4963),.PCURVE_S1.);
#4952 = LINE('',#4953,#4954);
#4953 = CARTESIAN_POINT('',(-8.528798726557,-9.410079292008,4.3E-02));
#4954 = VECTOR('',#4955,1.);
#4955 = DIRECTION('',(-0.724247082951,0.689540544737,0.));
#4956 = PCURVE('',#72,#4957);
#4957 = DEFINITIONAL_REPRESENTATION('',(#4958),#4962);
#4958 = LINE('',#4959,#4960);
#4959 = CARTESIAN_POINT('',(8.528798726557,-9.410079292008));
#4960 = VECTOR('',#4961,1.);
#4961 = DIRECTION('',(0.724247082951,0.689540544737));
#4962 = ( GEOMETRIC_REPRESENTATION_CONTEXT(2) 
PARAMETRIC_REPRESENTATION_CONTEXT() REPRESENTATION_CONTEXT('2D SPACE',''
  ) );
#4963 = PCURVE('',#1566,#4964);
#4964 = DEFINITIONAL_REPRESENTATION('',(#4965),#4969);
#4965 = LINE('',#4966,#4967);
#4966 = CARTESIAN_POINT('',(0.,-6.1E-02));
#4967 = VECTOR('',#4968,1.);
#4968 = DIRECTION('',(1.,0.));
#4969 = ( GEOMETRIC_REPRESENTATION_CONTEXT(2) 
PARAMETRIC_REPRESENTATION_CONTEXT() REPRESENTATION_CONTEXT('2D SPACE',''
  ) );
#4970 = ORIENTED_EDGE('',*,*,#4971,.T.);
#4971 = EDGE_CURVE('',#4949,#4972,#4974,.T.);
#4972 = VERTEX_POINT('',#4973);
#4973 = CARTESIAN_POINT('',(-9.410079292008,-8.528798726557,4.3E-02));
#4974 = SURFACE_CURVE('',#4975,(#4979,#4986),.PCURVE_S1.);
#4975 = LINE('',#4976,#4977);
#4976 = CARTESIAN_POINT('',(-8.980256121069,-8.980256121069,4.3E-02));
#4977 = VECTOR('',#4978,1.);
#4978 = DIRECTION('',(-0.689540544737,0.724247082951,0.));
#4979 = PCURVE('',#72,#4980);
#4980 = DEFINITIONAL_REPRESENTATION('',(#4981),#4985);
#4981 = LINE('',#4982,#4983);
#4982 = CARTESIAN_POINT('',(8.980256121069,-8.980256121069));
#4983 = VECTOR('',#4984,1.);
#4984 = DIRECTION('',(0.689540544737,0.724247082951));
#4985 = ( GEOMETRIC_REPRESENTATION_CONTEXT(2) 
PARAMETRIC_REPRESENTATION_CONTEXT() REPRESENTATION_CONTEXT('2D SPACE',''
  ) );
#4986 = PCURVE('',#1594,#4987);
#4987 = DEFINITIONAL_REPRESENTATION('',(#4988),#4992);
#4988 = LINE('',#4989,#4990);
#4989 = CARTESIAN_POINT('',(0.,-6.1E-02));
#4990 = VECTOR('',#4991,1.);
#4991 = DIRECTION('',(1.,0.));
#4992 = ( GEOMETRIC_REPRESENTATION_CONTEXT(2) 
PARAMETRIC_REPRESENTATION_CONTEXT() REPRESENTATION_CONTEXT('2D SPACE',''
  ) );
#4993 = ORIENTED_EDGE('',*,*,#4994,.T.);
#4994 = EDGE_CURVE('',#4972,#4995,#4997,.T.);
#4995 = VERTEX_POINT('',#4996);
#4996 = CARTESIAN_POINT('',(-9.817232757707,-8.056794708878,4.3E-02));
#4997 = SURFACE_CURVE('',#4998,(#5002,#5009),.PCURVE_S1.);
#4998 = LINE('',#4999,#5000);
#4999 = CARTESIAN_POINT('',(-9.410079292008,-8.528798726557,4.3E-02));
#5000 = VECTOR('',#5001,1.);
#5001 = DIRECTION('',(-0.653172842954,0.757208846506,0.));
#5002 = PCURVE('',#72,#5003);
#5003 = DEFINITIONAL_REPRESENTATION('',(#5004),#5008);
#5004 = LINE('',#5005,#5006);
#5005 = CARTESIAN_POINT('',(9.410079292008,-8.528798726557));
#5006 = VECTOR('',#5007,1.);
#5007 = DIRECTION('',(0.653172842954,0.757208846506));
#5008 = ( GEOMETRIC_REPRESENTATION_CONTEXT(2) 
PARAMETRIC_REPRESENTATION_CONTEXT() REPRESENTATION_CONTEXT('2D SPACE',''
  ) );
#5009 = PCURVE('',#1622,#5010);
#5010 = DEFINITIONAL_REPRESENTATION('',(#5011),#5015);
#5011 = LINE('',#5012,#5013);
#5012 = CARTESIAN_POINT('',(0.,-6.1E-02));
#5013 = VECTOR('',#5014,1.);
#5014 = DIRECTION('',(1.,0.));
#5015 = ( GEOMETRIC_REPRESENTATION_CONTEXT(2) 
PARAMETRIC_REPRESENTATION_CONTEXT() REPRESENTATION_CONTEXT('2D SPACE',''
  ) );
#5016 = ORIENTED_EDGE('',*,*,#5017,.T.);
#5017 = EDGE_CURVE('',#4995,#5018,#5020,.T.);
#5018 = VERTEX_POINT('',#5019);
#5019 = CARTESIAN_POINT('',(-10.2007356498,-7.565381167054,4.3E-02));
#5020 = SURFACE_CURVE('',#5021,(#5025,#5032),.PCURVE_S1.);
#5021 = LINE('',#5022,#5023);
#5022 = CARTESIAN_POINT('',(-9.817232757707,-8.056794708878,4.3E-02));
#5023 = VECTOR('',#5024,1.);
#5024 = DIRECTION('',(-0.615231590581,0.788346427627,0.));
#5025 = PCURVE('',#72,#5026);
#5026 = DEFINITIONAL_REPRESENTATION('',(#5027),#5031);
#5027 = LINE('',#5028,#5029);
#5028 = CARTESIAN_POINT('',(9.817232757707,-8.056794708878));
#5029 = VECTOR('',#5030,1.);
#5030 = DIRECTION('',(0.615231590581,0.788346427627));
#5031 = ( GEOMETRIC_REPRESENTATION_CONTEXT(2) 
PARAMETRIC_REPRESENTATION_CONTEXT() REPRESENTATION_CONTEXT('2D SPACE',''
  ) );
#5032 = PCURVE('',#1650,#5033);
#5033 = DEFINITIONAL_REPRESENTATION('',(#5034),#5038);
#5034 = LINE('',#5035,#5036);
#5035 = CARTESIAN_POINT('',(0.,-6.1E-02));
#5036 = VECTOR('',#5037,1.);
#5037 = DIRECTION('',(1.,0.));
#5038 = ( GEOMETRIC_REPRESENTATION_CONTEXT(2) 
PARAMETRIC_REPRESENTATION_CONTEXT() REPRESENTATION_CONTEXT('2D SPACE',''
  ) );
#5039 = ORIENTED_EDGE('',*,*,#5040,.T.);
#5040 = EDGE_CURVE('',#5018,#5041,#5043,.T.);
#5041 = VERTEX_POINT('',#5042);
#5042 = CARTESIAN_POINT('',(-10.55966407624,-7.055741959349,4.3E-02));
#5043 = SURFACE_CURVE('',#5044,(#5048,#5055),.PCURVE_S1.);
#5044 = LINE('',#5045,#5046);
#5045 = CARTESIAN_POINT('',(-10.2007356498,-7.565381167054,4.3E-02));
#5046 = VECTOR('',#5047,1.);
#5047 = DIRECTION('',(-0.575808191418,0.817584813152,0.));
#5048 = PCURVE('',#72,#5049);
#5049 = DEFINITIONAL_REPRESENTATION('',(#5050),#5054);
#5050 = LINE('',#5051,#5052);
#5051 = CARTESIAN_POINT('',(10.200735649804,-7.565381167054));
#5052 = VECTOR('',#5053,1.);
#5053 = DIRECTION('',(0.575808191418,0.817584813152));
#5054 = ( GEOMETRIC_REPRESENTATION_CONTEXT(2) 
PARAMETRIC_REPRESENTATION_CONTEXT() REPRESENTATION_CONTEXT('2D SPACE',''
  ) );
#5055 = PCURVE('',#1678,#5056);
#5056 = DEFINITIONAL_REPRESENTATION('',(#5057),#5061);
#5057 = LINE('',#5058,#5059);
#5058 = CARTESIAN_POINT('',(0.,-6.1E-02));
#5059 = VECTOR('',#5060,1.);
#5060 = DIRECTION('',(1.,0.));
#5061 = ( GEOMETRIC_REPRESENTATION_CONTEXT(2) 
PARAMETRIC_REPRESENTATION_CONTEXT() REPRESENTATION_CONTEXT('2D SPACE',''
  ) );
#5062 = ORIENTED_EDGE('',*,*,#5063,.T.);
#5063 = EDGE_CURVE('',#5041,#5064,#5066,.T.);
#5064 = VERTEX_POINT('',#5065);
#5065 = CARTESIAN_POINT('',(-10.893153347,-6.529104851254,4.3E-02));
#5066 = SURFACE_CURVE('',#5067,(#5071,#5078),.PCURVE_S1.);
#5067 = LINE('',#5068,#5069);
#5068 = CARTESIAN_POINT('',(-10.55966407624,-7.055741959349,4.3E-02));
#5069 = VECTOR('',#5070,1.);
#5070 = DIRECTION('',(-0.534997619887,0.84485356525,0.));
#5071 = PCURVE('',#72,#5072);
#5072 = DEFINITIONAL_REPRESENTATION('',(#5073),#5077);
#5073 = LINE('',#5074,#5075);
#5074 = CARTESIAN_POINT('',(10.559664076242,-7.055741959349));
#5075 = VECTOR('',#5076,1.);
#5076 = DIRECTION('',(0.534997619887,0.84485356525));
#5077 = ( GEOMETRIC_REPRESENTATION_CONTEXT(2) 
PARAMETRIC_REPRESENTATION_CONTEXT() REPRESENTATION_CONTEXT('2D SPACE',''
  ) );
#5078 = PCURVE('',#1706,#5079);
#5079 = DEFINITIONAL_REPRESENTATION('',(#5080),#5084);
#5080 = LINE('',#5081,#5082);
#5081 = CARTESIAN_POINT('',(0.,-6.1E-02));
#5082 = VECTOR('',#5083,1.);
#5083 = DIRECTION('',(1.,0.));
#5084 = ( GEOMETRIC_REPRESENTATION_CONTEXT(2) 
PARAMETRIC_REPRESENTATION_CONTEXT() REPRESENTATION_CONTEXT('2D SPACE',''
  ) );
#5085 = ORIENTED_EDGE('',*,*,#5086,.T.);
#5086 = EDGE_CURVE('',#5064,#5087,#5089,.T.);
#5087 = VERTEX_POINT('',#5088);
#5088 = CARTESIAN_POINT('',(-11.20040005722,-5.98673855769,4.3E-02));
#5089 = SURFACE_CURVE('',#5090,(#5094,#5101),.PCURVE_S1.);
#5090 = LINE('',#5091,#5092);
#5091 = CARTESIAN_POINT('',(-10.893153347,-6.529104851254,4.3E-02));
#5092 = VECTOR('',#5093,1.);
#5093 = DIRECTION('',(-0.49289819223,0.870086991109,0.));
#5094 = PCURVE('',#72,#5095);
#5095 = DEFINITIONAL_REPRESENTATION('',(#5096),#5100);
#5096 = LINE('',#5097,#5098);
#5097 = CARTESIAN_POINT('',(10.893153347003,-6.529104851254));
#5098 = VECTOR('',#5099,1.);
#5099 = DIRECTION('',(0.49289819223,0.870086991109));
#5100 = ( GEOMETRIC_REPRESENTATION_CONTEXT(2) 
PARAMETRIC_REPRESENTATION_CONTEXT() REPRESENTATION_CONTEXT('2D SPACE',''
  ) );
#5101 = PCURVE('',#1734,#5102);
#5102 = DEFINITIONAL_REPRESENTATION('',(#5103),#5107);
#5103 = LINE('',#5104,#5105);
#5104 = CARTESIAN_POINT('',(0.,-6.1E-02));
#5105 = VECTOR('',#5106,1.);
#5106 = DIRECTION('',(1.,0.));
#5107 = ( GEOMETRIC_REPRESENTATION_CONTEXT(2) 
PARAMETRIC_REPRESENTATION_CONTEXT() REPRESENTATION_CONTEXT('2D SPACE',''
  ) );
#5108 = ORIENTED_EDGE('',*,*,#5109,.T.);
#5109 = EDGE_CURVE('',#5087,#5110,#5112,.T.);
#5110 = VERTEX_POINT('',#5111);
#5111 = CARTESIAN_POINT('',(-11.48066402266,-5.429949686565,4.3E-02));
#5112 = SURFACE_CURVE('',#5113,(#5117,#5124),.PCURVE_S1.);
#5113 = LINE('',#5114,#5115);
#5114 = CARTESIAN_POINT('',(-11.20040005722,-5.98673855769,4.3E-02));
#5115 = VECTOR('',#5116,1.);
#5116 = DIRECTION('',(-0.449611329655,0.893224301196,0.));
#5117 = PCURVE('',#72,#5118);
#5118 = DEFINITIONAL_REPRESENTATION('',(#5119),#5123);
#5119 = LINE('',#5120,#5121);
#5120 = CARTESIAN_POINT('',(11.200400057224,-5.98673855769));
#5121 = VECTOR('',#5122,1.);
#5122 = DIRECTION('',(0.449611329655,0.893224301196));
#5123 = ( GEOMETRIC_REPRESENTATION_CONTEXT(2) 
PARAMETRIC_REPRESENTATION_CONTEXT() REPRESENTATION_CONTEXT('2D SPACE',''
  ) );
#5124 = PCURVE('',#1762,#5125);
#5125 = DEFINITIONAL_REPRESENTATION('',(#5126),#5130);
#5126 = LINE('',#5127,#5128);
#5127 = CARTESIAN_POINT('',(0.,-6.1E-02));
#5128 = VECTOR('',#5129,1.);
#5129 = DIRECTION('',(1.,0.));
#5130 = ( GEOMETRIC_REPRESENTATION_CONTEXT(2) 
PARAMETRIC_REPRESENTATION_CONTEXT() REPRESENTATION_CONTEXT('2D SPACE',''
  ) );
#5131 = ORIENTED_EDGE('',*,*,#5132,.T.);
#5132 = EDGE_CURVE('',#5110,#5133,#5135,.T.);
#5133 = VERTEX_POINT('',#5134);
#5134 = CARTESIAN_POINT('',(-11.73327006289,-4.860079591037,4.3E-02));
#5135 = SURFACE_CURVE('',#5136,(#5140,#5147),.PCURVE_S1.);
#5136 = LINE('',#5137,#5138);
#5137 = CARTESIAN_POINT('',(-11.48066402266,-5.429949686565,4.3E-02));
#5138 = VECTOR('',#5139,1.);
#5139 = DIRECTION('',(-0.405241314005,0.914209755704,0.));
#5140 = PCURVE('',#72,#5141);
#5141 = DEFINITIONAL_REPRESENTATION('',(#5142),#5146);
#5142 = LINE('',#5143,#5144);
#5143 = CARTESIAN_POINT('',(11.480664022668,-5.429949686565));
#5144 = VECTOR('',#5145,1.);
#5145 = DIRECTION('',(0.405241314005,0.914209755704));
#5146 = ( GEOMETRIC_REPRESENTATION_CONTEXT(2) 
PARAMETRIC_REPRESENTATION_CONTEXT() REPRESENTATION_CONTEXT('2D SPACE',''
  ) );
#5147 = PCURVE('',#1790,#5148);
#5148 = DEFINITIONAL_REPRESENTATION('',(#5149),#5153);
#5149 = LINE('',#5150,#5151);
#5150 = CARTESIAN_POINT('',(0.,-6.1E-02));
#5151 = VECTOR('',#5152,1.);
#5152 = DIRECTION('',(1.,0.));
#5153 = ( GEOMETRIC_REPRESENTATION_CONTEXT(2) 
PARAMETRIC_REPRESENTATION_CONTEXT() REPRESENTATION_CONTEXT('2D SPACE',''
  ) );
#5154 = ORIENTED_EDGE('',*,*,#5155,.T.);
#5155 = EDGE_CURVE('',#5133,#5156,#5158,.T.);
#5156 = VERTEX_POINT('',#5157);
#5157 = CARTESIAN_POINT('',(-11.95760962782,-4.278501138081,4.3E-02));
#5158 = SURFACE_CURVE('',#5159,(#5163,#5170),.PCURVE_S1.);
#5159 = LINE('',#5160,#5161);
#5160 = CARTESIAN_POINT('',(-11.73327006289,-4.860079591037,4.3E-02));
#5161 = VECTOR('',#5162,1.);
#5162 = DIRECTION('',(-0.359895036535,0.932992798835,0.));
#5163 = PCURVE('',#72,#5164);
#5164 = DEFINITIONAL_REPRESENTATION('',(#5165),#5169);
#5165 = LINE('',#5166,#5167);
#5166 = CARTESIAN_POINT('',(11.733270062893,-4.860079591037));
#5167 = VECTOR('',#5168,1.);
#5168 = DIRECTION('',(0.359895036535,0.932992798835));
#5169 = ( GEOMETRIC_REPRESENTATION_CONTEXT(2) 
PARAMETRIC_REPRESENTATION_CONTEXT() REPRESENTATION_CONTEXT('2D SPACE',''
  ) );
#5170 = PCURVE('',#1818,#5171);
#5171 = DEFINITIONAL_REPRESENTATION('',(#5172),#5176);
#5172 = LINE('',#5173,#5174);
#5173 = CARTESIAN_POINT('',(0.,-6.1E-02));
#5174 = VECTOR('',#5175,1.);
#5175 = DIRECTION('',(1.,0.));
#5176 = ( GEOMETRIC_REPRESENTATION_CONTEXT(2) 
PARAMETRIC_REPRESENTATION_CONTEXT() REPRESENTATION_CONTEXT('2D SPACE',''
  ) );
#5177 = ORIENTED_EDGE('',*,*,#5178,.T.);
#5178 = EDGE_CURVE('',#5156,#5179,#5181,.T.);
#5179 = VERTEX_POINT('',#5180);
#5180 = CARTESIAN_POINT('',(-12.15314226379,-3.686615401132,4.3E-02));
#5181 = SURFACE_CURVE('',#5182,(#5186,#5193),.PCURVE_S1.);
#5182 = LINE('',#5183,#5184);
#5183 = CARTESIAN_POINT('',(-11.95760962782,-4.278501138081,4.3E-02));
#5184 = VECTOR('',#5185,1.);
#5185 = DIRECTION('',(-0.313681740399,0.949528180593,0.));
#5186 = PCURVE('',#72,#5187);
#5187 = DEFINITIONAL_REPRESENTATION('',(#5188),#5192);
#5188 = LINE('',#5189,#5190);
#5189 = CARTESIAN_POINT('',(11.957609627824,-4.278501138081));
#5190 = VECTOR('',#5191,1.);
#5191 = DIRECTION('',(0.313681740399,0.949528180593));
#5192 = ( GEOMETRIC_REPRESENTATION_CONTEXT(2) 
PARAMETRIC_REPRESENTATION_CONTEXT() REPRESENTATION_CONTEXT('2D SPACE',''
  ) );
#5193 = PCURVE('',#1846,#5194);
#5194 = DEFINITIONAL_REPRESENTATION('',(#5195),#5199);
#5195 = LINE('',#5196,#5197);
#5196 = CARTESIAN_POINT('',(0.,-6.1E-02));
#5197 = VECTOR('',#5198,1.);
#5198 = DIRECTION('',(1.,0.));
#5199 = ( GEOMETRIC_REPRESENTATION_CONTEXT(2) 
PARAMETRIC_REPRESENTATION_CONTEXT() REPRESENTATION_CONTEXT('2D SPACE',''
  ) );
#5200 = ORIENTED_EDGE('',*,*,#5201,.T.);
#5201 = EDGE_CURVE('',#5179,#5202,#5204,.T.);
#5202 = VERTEX_POINT('',#5203);
#5203 = CARTESIAN_POINT('',(-12.31939691557,-3.085848284771,4.3E-02));
#5204 = SURFACE_CURVE('',#5205,(#5209,#5216),.PCURVE_S1.);
#5205 = LINE('',#5206,#5207);
#5206 = CARTESIAN_POINT('',(-12.15314226379,-3.686615401132,4.3E-02));
#5207 = VECTOR('',#5208,1.);
#5208 = DIRECTION('',(-0.266712757475,0.963776065795,0.));
#5209 = PCURVE('',#72,#5210);
#5210 = DEFINITIONAL_REPRESENTATION('',(#5211),#5215);
#5211 = LINE('',#5212,#5213);
#5212 = CARTESIAN_POINT('',(12.153142263799,-3.686615401132));
#5213 = VECTOR('',#5214,1.);
#5214 = DIRECTION('',(0.266712757475,0.963776065795));
#5215 = ( GEOMETRIC_REPRESENTATION_CONTEXT(2) 
PARAMETRIC_REPRESENTATION_CONTEXT() REPRESENTATION_CONTEXT('2D SPACE',''
  ) );
#5216 = PCURVE('',#1874,#5217);
#5217 = DEFINITIONAL_REPRESENTATION('',(#5218),#5222);
#5218 = LINE('',#5219,#5220);
#5219 = CARTESIAN_POINT('',(0.,-6.1E-02));
#5220 = VECTOR('',#5221,1.);
#5221 = DIRECTION('',(1.,0.));
#5222 = ( GEOMETRIC_REPRESENTATION_CONTEXT(2) 
PARAMETRIC_REPRESENTATION_CONTEXT() REPRESENTATION_CONTEXT('2D SPACE',''
  ) );
#5223 = ORIENTED_EDGE('',*,*,#5224,.T.);
#5224 = EDGE_CURVE('',#5202,#5225,#5227,.T.);
#5225 = VERTEX_POINT('',#5226);
#5226 = CARTESIAN_POINT('',(-12.45597306112,-2.477647089605,4.3E-02));
#5227 = SURFACE_CURVE('',#5228,(#5232,#5239),.PCURVE_S1.);
#5228 = LINE('',#5229,#5230);
#5229 = CARTESIAN_POINT('',(-12.31939691557,-3.085848284771,4.3E-02));
#5230 = VECTOR('',#5231,1.);
#5231 = DIRECTION('',(-0.219101240157,0.975702130039,0.));
#5232 = PCURVE('',#72,#5233);
#5233 = DEFINITIONAL_REPRESENTATION('',(#5234),#5238);
#5234 = LINE('',#5235,#5236);
#5235 = CARTESIAN_POINT('',(12.319396915571,-3.085848284771));
#5236 = VECTOR('',#5237,1.);
#5237 = DIRECTION('',(0.219101240157,0.975702130039));
#5238 = ( GEOMETRIC_REPRESENTATION_CONTEXT(2) 
PARAMETRIC_REPRESENTATION_CONTEXT() REPRESENTATION_CONTEXT('2D SPACE',''
  ) );
#5239 = PCURVE('',#1902,#5240);
#5240 = DEFINITIONAL_REPRESENTATION('',(#5241),#5245);
#5241 = LINE('',#5242,#5243);
#5242 = CARTESIAN_POINT('',(0.,-6.1E-02));
#5243 = VECTOR('',#5244,1.);
#5244 = DIRECTION('',(1.,0.));
#5245 = ( GEOMETRIC_REPRESENTATION_CONTEXT(2) 
PARAMETRIC_REPRESENTATION_CONTEXT() REPRESENTATION_CONTEXT('2D SPACE',''
  ) );
#5246 = ORIENTED_EDGE('',*,*,#5247,.T.);
#5247 = EDGE_CURVE('',#5225,#5248,#5250,.T.);
#5248 = VERTEX_POINT('',#5249);
#5249 = CARTESIAN_POINT('',(-12.56254167655,-1.863477025583,4.3E-02));
#5250 = SURFACE_CURVE('',#5251,(#5255,#5262),.PCURVE_S1.);
#5251 = LINE('',#5252,#5253);
#5252 = CARTESIAN_POINT('',(-12.45597306112,-2.477647089605,4.3E-02));
#5253 = VECTOR('',#5254,1.);
#5254 = DIRECTION('',(-0.17096188876,0.985277642389,0.));
#5255 = PCURVE('',#72,#5256);
#5256 = DEFINITIONAL_REPRESENTATION('',(#5257),#5261);
#5257 = LINE('',#5258,#5259);
#5258 = CARTESIAN_POINT('',(12.455973061121,-2.477647089605));
#5259 = VECTOR('',#5260,1.);
#5260 = DIRECTION('',(0.17096188876,0.985277642389));
#5261 = ( GEOMETRIC_REPRESENTATION_CONTEXT(2) 
PARAMETRIC_REPRESENTATION_CONTEXT() REPRESENTATION_CONTEXT('2D SPACE',''
  ) );
#5262 = PCURVE('',#1930,#5263);
#5263 = DEFINITIONAL_REPRESENTATION('',(#5264),#5268);
#5264 = LINE('',#5265,#5266);
#5265 = CARTESIAN_POINT('',(0.,-6.1E-02));
#5266 = VECTOR('',#5267,1.);
#5267 = DIRECTION('',(1.,0.));
#5268 = ( GEOMETRIC_REPRESENTATION_CONTEXT(2) 
PARAMETRIC_REPRESENTATION_CONTEXT() REPRESENTATION_CONTEXT('2D SPACE',''
  ) );
#5269 = ORIENTED_EDGE('',*,*,#5270,.T.);
#5270 = EDGE_CURVE('',#5248,#5271,#5273,.T.);
#5271 = VERTEX_POINT('',#5272);
#5272 = CARTESIAN_POINT('',(-12.63884602873,-1.244817682185,4.3E-02));
#5273 = SURFACE_CURVE('',#5274,(#5278,#5285),.PCURVE_S1.);
#5274 = LINE('',#5275,#5276);
#5275 = CARTESIAN_POINT('',(-12.56254167655,-1.863477025583,4.3E-02));
#5276 = VECTOR('',#5277,1.);
#5277 = DIRECTION('',(-0.122410675199,0.992479534599,0.));
#5278 = PCURVE('',#72,#5279);
#5279 = DEFINITIONAL_REPRESENTATION('',(#5280),#5284);
#5280 = LINE('',#5281,#5282);
#5281 = CARTESIAN_POINT('',(12.562541676553,-1.863477025583));
#5282 = VECTOR('',#5283,1.);
#5283 = DIRECTION('',(0.122410675199,0.992479534599));
#5284 = ( GEOMETRIC_REPRESENTATION_CONTEXT(2) 
PARAMETRIC_REPRESENTATION_CONTEXT() REPRESENTATION_CONTEXT('2D SPACE',''
  ) );
#5285 = PCURVE('',#1958,#5286);
#5286 = DEFINITIONAL_REPRESENTATION('',(#5287),#5291);
#5287 = LINE('',#5288,#5289);
#5288 = CARTESIAN_POINT('',(0.,-6.1E-02));
#5289 = VECTOR('',#5290,1.);
#5290 = DIRECTION('',(1.,0.));
#5291 = ( GEOMETRIC_REPRESENTATION_CONTEXT(2) 
PARAMETRIC_REPRESENTATION_CONTEXT() REPRESENTATION_CONTEXT('2D SPACE',''
  ) );
#5292 = ORIENTED_EDGE('',*,*,#5293,.T.);
#5293 = EDGE_CURVE('',#5271,#5294,#5296,.T.);
#5294 = VERTEX_POINT('',#5295);
#5295 = CARTESIAN_POINT('',(-12.6847022938,-0.623159463958,4.3E-02));
#5296 = SURFACE_CURVE('',#5297,(#5301,#5308),.PCURVE_S1.);
#5297 = LINE('',#5298,#5299);
#5298 = CARTESIAN_POINT('',(-12.63884602873,-1.244817682185,4.3E-02));
#5299 = VECTOR('',#5300,1.);
#5300 = DIRECTION('',(-7.356456359967E-02,0.997290456679,0.));
#5301 = PCURVE('',#72,#5302);
#5302 = DEFINITIONAL_REPRESENTATION('',(#5303),#5307);
#5303 = LINE('',#5304,#5305);
#5304 = CARTESIAN_POINT('',(12.638846028737,-1.244817682185));
#5305 = VECTOR('',#5306,1.);
#5306 = DIRECTION('',(7.356456359967E-02,0.997290456679));
#5307 = ( GEOMETRIC_REPRESENTATION_CONTEXT(2) 
PARAMETRIC_REPRESENTATION_CONTEXT() REPRESENTATION_CONTEXT('2D SPACE',''
  ) );
#5308 = PCURVE('',#1986,#5309);
#5309 = DEFINITIONAL_REPRESENTATION('',(#5310),#5314);
#5310 = LINE('',#5311,#5312);
#5311 = CARTESIAN_POINT('',(0.,-6.1E-02));
#5312 = VECTOR('',#5313,1.);
#5313 = DIRECTION('',(1.,0.));
#5314 = ( GEOMETRIC_REPRESENTATION_CONTEXT(2) 
PARAMETRIC_REPRESENTATION_CONTEXT() REPRESENTATION_CONTEXT('2D SPACE',''
  ) );
#5315 = ORIENTED_EDGE('',*,*,#5316,.T.);
#5316 = EDGE_CURVE('',#5294,#5317,#5319,.T.);
#5317 = VERTEX_POINT('',#5318);
#5318 = CARTESIAN_POINT('',(-12.7,0.,4.3E-02));
#5319 = SURFACE_CURVE('',#5320,(#5324,#5331),.PCURVE_S1.);
#5320 = LINE('',#5321,#5322);
#5321 = CARTESIAN_POINT('',(-12.6847022938,-0.623159463958,4.3E-02));
#5322 = VECTOR('',#5323,1.);
#5323 = DIRECTION('',(-2.454122852291E-02,0.999698818696,0.));
#5324 = PCURVE('',#72,#5325);
#5325 = DEFINITIONAL_REPRESENTATION('',(#5326),#5330);
#5326 = LINE('',#5327,#5328);
#5327 = CARTESIAN_POINT('',(12.684702293806,-0.623159463958));
#5328 = VECTOR('',#5329,1.);
#5329 = DIRECTION('',(2.454122852291E-02,0.999698818696));
#5330 = ( GEOMETRIC_REPRESENTATION_CONTEXT(2) 
PARAMETRIC_REPRESENTATION_CONTEXT() REPRESENTATION_CONTEXT('2D SPACE',''
  ) );
#5331 = PCURVE('',#2014,#5332);
#5332 = DEFINITIONAL_REPRESENTATION('',(#5333),#5337);
#5333 = LINE('',#5334,#5335);
#5334 = CARTESIAN_POINT('',(0.,-6.1E-02));
#5335 = VECTOR('',#5336,1.);
#5336 = DIRECTION('',(1.,0.));
#5337 = ( GEOMETRIC_REPRESENTATION_CONTEXT(2) 
PARAMETRIC_REPRESENTATION_CONTEXT() REPRESENTATION_CONTEXT('2D SPACE',''
  ) );
#5338 = ORIENTED_EDGE('',*,*,#5339,.T.);
#5339 = EDGE_CURVE('',#5317,#5340,#5342,.T.);
#5340 = VERTEX_POINT('',#5341);
#5341 = CARTESIAN_POINT('',(-12.6847022938,0.623159463958,4.3E-02));
#5342 = SURFACE_CURVE('',#5343,(#5347,#5354),.PCURVE_S1.);
#5343 = LINE('',#5344,#5345);
#5344 = CARTESIAN_POINT('',(-12.7,0.,4.3E-02));
#5345 = VECTOR('',#5346,1.);
#5346 = DIRECTION('',(2.454122852291E-02,0.999698818696,0.));
#5347 = PCURVE('',#72,#5348);
#5348 = DEFINITIONAL_REPRESENTATION('',(#5349),#5353);
#5349 = LINE('',#5350,#5351);
#5350 = CARTESIAN_POINT('',(12.7,-1.564108885543E-15));
#5351 = VECTOR('',#5352,1.);
#5352 = DIRECTION('',(-2.454122852291E-02,0.999698818696));
#5353 = ( GEOMETRIC_REPRESENTATION_CONTEXT(2) 
PARAMETRIC_REPRESENTATION_CONTEXT() REPRESENTATION_CONTEXT('2D SPACE',''
  ) );
#5354 = PCURVE('',#2042,#5355);
#5355 = DEFINITIONAL_REPRESENTATION('',(#5356),#5360);
#5356 = LINE('',#5357,#5358);
#5357 = CARTESIAN_POINT('',(0.,-6.1E-02));
#5358 = VECTOR('',#5359,1.);
#5359 = DIRECTION('',(1.,0.));
#5360 = ( GEOMETRIC_REPRESENTATION_CONTEXT(2) 
PARAMETRIC_REPRESENTATION_CONTEXT() REPRESENTATION_CONTEXT('2D SPACE',''
  ) );
#5361 = ORIENTED_EDGE('',*,*,#5362,.T.);
#5362 = EDGE_CURVE('',#5340,#5363,#5365,.T.);
#5363 = VERTEX_POINT('',#5364);
#5364 = CARTESIAN_POINT('',(-12.63884602873,1.244817682185,4.3E-02));
#5365 = SURFACE_CURVE('',#5366,(#5370,#5377),.PCURVE_S1.);
#5366 = LINE('',#5367,#5368);
#5367 = CARTESIAN_POINT('',(-12.6847022938,0.623159463958,4.3E-02));
#5368 = VECTOR('',#5369,1.);
#5369 = DIRECTION('',(7.356456359967E-02,0.997290456679,0.));
#5370 = PCURVE('',#72,#5371);
#5371 = DEFINITIONAL_REPRESENTATION('',(#5372),#5376);
#5372 = LINE('',#5373,#5374);
#5373 = CARTESIAN_POINT('',(12.684702293806,0.623159463958));
#5374 = VECTOR('',#5375,1.);
#5375 = DIRECTION('',(-7.356456359967E-02,0.997290456679));
#5376 = ( GEOMETRIC_REPRESENTATION_CONTEXT(2) 
PARAMETRIC_REPRESENTATION_CONTEXT() REPRESENTATION_CONTEXT('2D SPACE',''
  ) );
#5377 = PCURVE('',#2070,#5378);
#5378 = DEFINITIONAL_REPRESENTATION('',(#5379),#5383);
#5379 = LINE('',#5380,#5381);
#5380 = CARTESIAN_POINT('',(0.,-6.1E-02));
#5381 = VECTOR('',#5382,1.);
#5382 = DIRECTION('',(1.,0.));
#5383 = ( GEOMETRIC_REPRESENTATION_CONTEXT(2) 
PARAMETRIC_REPRESENTATION_CONTEXT() REPRESENTATION_CONTEXT('2D SPACE',''
  ) );
#5384 = ORIENTED_EDGE('',*,*,#5385,.T.);
#5385 = EDGE_CURVE('',#5363,#5386,#5388,.T.);
#5386 = VERTEX_POINT('',#5387);
#5387 = CARTESIAN_POINT('',(-12.56254167655,1.863477025583,4.3E-02));
#5388 = SURFACE_CURVE('',#5389,(#5393,#5400),.PCURVE_S1.);
#5389 = LINE('',#5390,#5391);
#5390 = CARTESIAN_POINT('',(-12.63884602873,1.244817682185,4.3E-02));
#5391 = VECTOR('',#5392,1.);
#5392 = DIRECTION('',(0.122410675199,0.992479534599,0.));
#5393 = PCURVE('',#72,#5394);
#5394 = DEFINITIONAL_REPRESENTATION('',(#5395),#5399);
#5395 = LINE('',#5396,#5397);
#5396 = CARTESIAN_POINT('',(12.638846028737,1.244817682185));
#5397 = VECTOR('',#5398,1.);
#5398 = DIRECTION('',(-0.122410675199,0.992479534599));
#5399 = ( GEOMETRIC_REPRESENTATION_CONTEXT(2) 
PARAMETRIC_REPRESENTATION_CONTEXT() REPRESENTATION_CONTEXT('2D SPACE',''
  ) );
#5400 = PCURVE('',#2098,#5401);
#5401 = DEFINITIONAL_REPRESENTATION('',(#5402),#5406);
#5402 = LINE('',#5403,#5404);
#5403 = CARTESIAN_POINT('',(0.,-6.1E-02));
#5404 = VECTOR('',#5405,1.);
#5405 = DIRECTION('',(1.,0.));
#5406 = ( GEOMETRIC_REPRESENTATION_CONTEXT(2) 
PARAMETRIC_REPRESENTATION_CONTEXT() REPRESENTATION_CONTEXT('2D SPACE',''
  ) );
#5407 = ORIENTED_EDGE('',*,*,#5408,.T.);
#5408 = EDGE_CURVE('',#5386,#5409,#5411,.T.);
#5409 = VERTEX_POINT('',#5410);
#5410 = CARTESIAN_POINT('',(-12.45597306112,2.477647089605,4.3E-02));
#5411 = SURFACE_CURVE('',#5412,(#5416,#5423),.PCURVE_S1.);
#5412 = LINE('',#5413,#5414);
#5413 = CARTESIAN_POINT('',(-12.56254167655,1.863477025583,4.3E-02));
#5414 = VECTOR('',#5415,1.);
#5415 = DIRECTION('',(0.17096188876,0.985277642389,0.));
#5416 = PCURVE('',#72,#5417);
#5417 = DEFINITIONAL_REPRESENTATION('',(#5418),#5422);
#5418 = LINE('',#5419,#5420);
#5419 = CARTESIAN_POINT('',(12.562541676553,1.863477025583));
#5420 = VECTOR('',#5421,1.);
#5421 = DIRECTION('',(-0.17096188876,0.985277642389));
#5422 = ( GEOMETRIC_REPRESENTATION_CONTEXT(2) 
PARAMETRIC_REPRESENTATION_CONTEXT() REPRESENTATION_CONTEXT('2D SPACE',''
  ) );
#5423 = PCURVE('',#2126,#5424);
#5424 = DEFINITIONAL_REPRESENTATION('',(#5425),#5429);
#5425 = LINE('',#5426,#5427);
#5426 = CARTESIAN_POINT('',(0.,-6.1E-02));
#5427 = VECTOR('',#5428,1.);
#5428 = DIRECTION('',(1.,0.));
#5429 = ( GEOMETRIC_REPRESENTATION_CONTEXT(2) 
PARAMETRIC_REPRESENTATION_CONTEXT() REPRESENTATION_CONTEXT('2D SPACE',''
  ) );
#5430 = ORIENTED_EDGE('',*,*,#5431,.T.);
#5431 = EDGE_CURVE('',#5409,#5432,#5434,.T.);
#5432 = VERTEX_POINT('',#5433);
#5433 = CARTESIAN_POINT('',(-12.31939691557,3.085848284771,4.3E-02));
#5434 = SURFACE_CURVE('',#5435,(#5439,#5446),.PCURVE_S1.);
#5435 = LINE('',#5436,#5437);
#5436 = CARTESIAN_POINT('',(-12.45597306112,2.477647089605,4.3E-02));
#5437 = VECTOR('',#5438,1.);
#5438 = DIRECTION('',(0.219101240157,0.975702130039,0.));
#5439 = PCURVE('',#72,#5440);
#5440 = DEFINITIONAL_REPRESENTATION('',(#5441),#5445);
#5441 = LINE('',#5442,#5443);
#5442 = CARTESIAN_POINT('',(12.455973061121,2.477647089605));
#5443 = VECTOR('',#5444,1.);
#5444 = DIRECTION('',(-0.219101240157,0.975702130039));
#5445 = ( GEOMETRIC_REPRESENTATION_CONTEXT(2) 
PARAMETRIC_REPRESENTATION_CONTEXT() REPRESENTATION_CONTEXT('2D SPACE',''
  ) );
#5446 = PCURVE('',#2154,#5447);
#5447 = DEFINITIONAL_REPRESENTATION('',(#5448),#5452);
#5448 = LINE('',#5449,#5450);
#5449 = CARTESIAN_POINT('',(0.,-6.1E-02));
#5450 = VECTOR('',#5451,1.);
#5451 = DIRECTION('',(1.,0.));
#5452 = ( GEOMETRIC_REPRESENTATION_CONTEXT(2) 
PARAMETRIC_REPRESENTATION_CONTEXT() REPRESENTATION_CONTEXT('2D SPACE',''
  ) );
#5453 = ORIENTED_EDGE('',*,*,#5454,.T.);
#5454 = EDGE_CURVE('',#5432,#5455,#5457,.T.);
#5455 = VERTEX_POINT('',#5456);
#5456 = CARTESIAN_POINT('',(-12.15314226379,3.686615401132,4.3E-02));
#5457 = SURFACE_CURVE('',#5458,(#5462,#5469),.PCURVE_S1.);
#5458 = LINE('',#5459,#5460);
#5459 = CARTESIAN_POINT('',(-12.31939691557,3.085848284771,4.3E-02));
#5460 = VECTOR('',#5461,1.);
#5461 = DIRECTION('',(0.266712757475,0.963776065795,0.));
#5462 = PCURVE('',#72,#5463);
#5463 = DEFINITIONAL_REPRESENTATION('',(#5464),#5468);
#5464 = LINE('',#5465,#5466);
#5465 = CARTESIAN_POINT('',(12.319396915571,3.085848284771));
#5466 = VECTOR('',#5467,1.);
#5467 = DIRECTION('',(-0.266712757475,0.963776065795));
#5468 = ( GEOMETRIC_REPRESENTATION_CONTEXT(2) 
PARAMETRIC_REPRESENTATION_CONTEXT() REPRESENTATION_CONTEXT('2D SPACE',''
  ) );
#5469 = PCURVE('',#2182,#5470);
#5470 = DEFINITIONAL_REPRESENTATION('',(#5471),#5475);
#5471 = LINE('',#5472,#5473);
#5472 = CARTESIAN_POINT('',(0.,-6.1E-02));
#5473 = VECTOR('',#5474,1.);
#5474 = DIRECTION('',(1.,0.));
#5475 = ( GEOMETRIC_REPRESENTATION_CONTEXT(2) 
PARAMETRIC_REPRESENTATION_CONTEXT() REPRESENTATION_CONTEXT('2D SPACE',''
  ) );
#5476 = ORIENTED_EDGE('',*,*,#5477,.T.);
#5477 = EDGE_CURVE('',#5455,#5478,#5480,.T.);
#5478 = VERTEX_POINT('',#5479);
#5479 = CARTESIAN_POINT('',(-11.95760962782,4.278501138081,4.3E-02));
#5480 = SURFACE_CURVE('',#5481,(#5485,#5492),.PCURVE_S1.);
#5481 = LINE('',#5482,#5483);
#5482 = CARTESIAN_POINT('',(-12.15314226379,3.686615401132,4.3E-02));
#5483 = VECTOR('',#5484,1.);
#5484 = DIRECTION('',(0.313681740399,0.949528180593,0.));
#5485 = PCURVE('',#72,#5486);
#5486 = DEFINITIONAL_REPRESENTATION('',(#5487),#5491);
#5487 = LINE('',#5488,#5489);
#5488 = CARTESIAN_POINT('',(12.153142263799,3.686615401132));
#5489 = VECTOR('',#5490,1.);
#5490 = DIRECTION('',(-0.313681740399,0.949528180593));
#5491 = ( GEOMETRIC_REPRESENTATION_CONTEXT(2) 
PARAMETRIC_REPRESENTATION_CONTEXT() REPRESENTATION_CONTEXT('2D SPACE',''
  ) );
#5492 = PCURVE('',#2210,#5493);
#5493 = DEFINITIONAL_REPRESENTATION('',(#5494),#5498);
#5494 = LINE('',#5495,#5496);
#5495 = CARTESIAN_POINT('',(0.,-6.1E-02));
#5496 = VECTOR('',#5497,1.);
#5497 = DIRECTION('',(1.,0.));
#5498 = ( GEOMETRIC_REPRESENTATION_CONTEXT(2) 
PARAMETRIC_REPRESENTATION_CONTEXT() REPRESENTATION_CONTEXT('2D SPACE',''
  ) );
#5499 = ORIENTED_EDGE('',*,*,#5500,.T.);
#5500 = EDGE_CURVE('',#5478,#5501,#5503,.T.);
#5501 = VERTEX_POINT('',#5502);
#5502 = CARTESIAN_POINT('',(-11.73327006289,4.860079591037,4.3E-02));
#5503 = SURFACE_CURVE('',#5504,(#5508,#5515),.PCURVE_S1.);
#5504 = LINE('',#5505,#5506);
#5505 = CARTESIAN_POINT('',(-11.95760962782,4.278501138081,4.3E-02));
#5506 = VECTOR('',#5507,1.);
#5507 = DIRECTION('',(0.359895036535,0.932992798835,0.));
#5508 = PCURVE('',#72,#5509);
#5509 = DEFINITIONAL_REPRESENTATION('',(#5510),#5514);
#5510 = LINE('',#5511,#5512);
#5511 = CARTESIAN_POINT('',(11.957609627824,4.278501138081));
#5512 = VECTOR('',#5513,1.);
#5513 = DIRECTION('',(-0.359895036535,0.932992798835));
#5514 = ( GEOMETRIC_REPRESENTATION_CONTEXT(2) 
PARAMETRIC_REPRESENTATION_CONTEXT() REPRESENTATION_CONTEXT('2D SPACE',''
  ) );
#5515 = PCURVE('',#2238,#5516);
#5516 = DEFINITIONAL_REPRESENTATION('',(#5517),#5521);
#5517 = LINE('',#5518,#5519);
#5518 = CARTESIAN_POINT('',(0.,-6.1E-02));
#5519 = VECTOR('',#5520,1.);
#5520 = DIRECTION('',(1.,0.));
#5521 = ( GEOMETRIC_REPRESENTATION_CONTEXT(2) 
PARAMETRIC_REPRESENTATION_CONTEXT() REPRESENTATION_CONTEXT('2D SPACE',''
  ) );
#5522 = ORIENTED_EDGE('',*,*,#5523,.T.);
#5523 = EDGE_CURVE('',#5501,#5524,#5526,.T.);
#5524 = VERTEX_POINT('',#5525);
#5525 = CARTESIAN_POINT('',(-11.48066402266,5.429949686565,4.3E-02));
#5526 = SURFACE_CURVE('',#5527,(#5531,#5538),.PCURVE_S1.);
#5527 = LINE('',#5528,#5529);
#5528 = CARTESIAN_POINT('',(-11.73327006289,4.860079591037,4.3E-02));
#5529 = VECTOR('',#5530,1.);
#5530 = DIRECTION('',(0.405241314005,0.914209755704,0.));
#5531 = PCURVE('',#72,#5532);
#5532 = DEFINITIONAL_REPRESENTATION('',(#5533),#5537);
#5533 = LINE('',#5534,#5535);
#5534 = CARTESIAN_POINT('',(11.733270062893,4.860079591037));
#5535 = VECTOR('',#5536,1.);
#5536 = DIRECTION('',(-0.405241314005,0.914209755704));
#5537 = ( GEOMETRIC_REPRESENTATION_CONTEXT(2) 
PARAMETRIC_REPRESENTATION_CONTEXT() REPRESENTATION_CONTEXT('2D SPACE',''
  ) );
#5538 = PCURVE('',#2266,#5539);
#5539 = DEFINITIONAL_REPRESENTATION('',(#5540),#5544);
#5540 = LINE('',#5541,#5542);
#5541 = CARTESIAN_POINT('',(0.,-6.1E-02));
#5542 = VECTOR('',#5543,1.);
#5543 = DIRECTION('',(1.,0.));
#5544 = ( GEOMETRIC_REPRESENTATION_CONTEXT(2) 
PARAMETRIC_REPRESENTATION_CONTEXT() REPRESENTATION_CONTEXT('2D SPACE',''
  ) );
#5545 = ORIENTED_EDGE('',*,*,#5546,.T.);
#5546 = EDGE_CURVE('',#5524,#5547,#5549,.T.);
#5547 = VERTEX_POINT('',#5548);
#5548 = CARTESIAN_POINT('',(-11.20040005722,5.98673855769,4.3E-02));
#5549 = SURFACE_CURVE('',#5550,(#5554,#5561),.PCURVE_S1.);
#5550 = LINE('',#5551,#5552);
#5551 = CARTESIAN_POINT('',(-11.48066402266,5.429949686565,4.3E-02));
#5552 = VECTOR('',#5553,1.);
#5553 = DIRECTION('',(0.449611329655,0.893224301196,0.));
#5554 = PCURVE('',#72,#5555);
#5555 = DEFINITIONAL_REPRESENTATION('',(#5556),#5560);
#5556 = LINE('',#5557,#5558);
#5557 = CARTESIAN_POINT('',(11.480664022668,5.429949686565));
#5558 = VECTOR('',#5559,1.);
#5559 = DIRECTION('',(-0.449611329655,0.893224301196));
#5560 = ( GEOMETRIC_REPRESENTATION_CONTEXT(2) 
PARAMETRIC_REPRESENTATION_CONTEXT() REPRESENTATION_CONTEXT('2D SPACE',''
  ) );
#5561 = PCURVE('',#2294,#5562);
#5562 = DEFINITIONAL_REPRESENTATION('',(#5563),#5567);
#5563 = LINE('',#5564,#5565);
#5564 = CARTESIAN_POINT('',(0.,-6.1E-02));
#5565 = VECTOR('',#5566,1.);
#5566 = DIRECTION('',(1.,0.));
#5567 = ( GEOMETRIC_REPRESENTATION_CONTEXT(2) 
PARAMETRIC_REPRESENTATION_CONTEXT() REPRESENTATION_CONTEXT('2D SPACE',''
  ) );
#5568 = ORIENTED_EDGE('',*,*,#5569,.T.);
#5569 = EDGE_CURVE('',#5547,#5570,#5572,.T.);
#5570 = VERTEX_POINT('',#5571);
#5571 = CARTESIAN_POINT('',(-10.893153347,6.529104851254,4.3E-02));
#5572 = SURFACE_CURVE('',#5573,(#5577,#5584),.PCURVE_S1.);
#5573 = LINE('',#5574,#5575);
#5574 = CARTESIAN_POINT('',(-11.20040005722,5.98673855769,4.3E-02));
#5575 = VECTOR('',#5576,1.);
#5576 = DIRECTION('',(0.49289819223,0.870086991109,0.));
#5577 = PCURVE('',#72,#5578);
#5578 = DEFINITIONAL_REPRESENTATION('',(#5579),#5583);
#5579 = LINE('',#5580,#5581);
#5580 = CARTESIAN_POINT('',(11.200400057224,5.98673855769));
#5581 = VECTOR('',#5582,1.);
#5582 = DIRECTION('',(-0.49289819223,0.870086991109));
#5583 = ( GEOMETRIC_REPRESENTATION_CONTEXT(2) 
PARAMETRIC_REPRESENTATION_CONTEXT() REPRESENTATION_CONTEXT('2D SPACE',''
  ) );
#5584 = PCURVE('',#2322,#5585);
#5585 = DEFINITIONAL_REPRESENTATION('',(#5586),#5590);
#5586 = LINE('',#5587,#5588);
#5587 = CARTESIAN_POINT('',(0.,-6.1E-02));
#5588 = VECTOR('',#5589,1.);
#5589 = DIRECTION('',(1.,0.));
#5590 = ( GEOMETRIC_REPRESENTATION_CONTEXT(2) 
PARAMETRIC_REPRESENTATION_CONTEXT() REPRESENTATION_CONTEXT('2D SPACE',''
  ) );
#5591 = ORIENTED_EDGE('',*,*,#5592,.T.);
#5592 = EDGE_CURVE('',#5570,#5593,#5595,.T.);
#5593 = VERTEX_POINT('',#5594);
#5594 = CARTESIAN_POINT('',(-10.55966407624,7.055741959349,4.3E-02));
#5595 = SURFACE_CURVE('',#5596,(#5600,#5607),.PCURVE_S1.);
#5596 = LINE('',#5597,#5598);
#5597 = CARTESIAN_POINT('',(-10.893153347,6.529104851254,4.3E-02));
#5598 = VECTOR('',#5599,1.);
#5599 = DIRECTION('',(0.534997619887,0.84485356525,0.));
#5600 = PCURVE('',#72,#5601);
#5601 = DEFINITIONAL_REPRESENTATION('',(#5602),#5606);
#5602 = LINE('',#5603,#5604);
#5603 = CARTESIAN_POINT('',(10.893153347003,6.529104851254));
#5604 = VECTOR('',#5605,1.);
#5605 = DIRECTION('',(-0.534997619887,0.84485356525));
#5606 = ( GEOMETRIC_REPRESENTATION_CONTEXT(2) 
PARAMETRIC_REPRESENTATION_CONTEXT() REPRESENTATION_CONTEXT('2D SPACE',''
  ) );
#5607 = PCURVE('',#2350,#5608);
#5608 = DEFINITIONAL_REPRESENTATION('',(#5609),#5613);
#5609 = LINE('',#5610,#5611);
#5610 = CARTESIAN_POINT('',(0.,-6.1E-02));
#5611 = VECTOR('',#5612,1.);
#5612 = DIRECTION('',(1.,0.));
#5613 = ( GEOMETRIC_REPRESENTATION_CONTEXT(2) 
PARAMETRIC_REPRESENTATION_CONTEXT() REPRESENTATION_CONTEXT('2D SPACE',''
  ) );
#5614 = ORIENTED_EDGE('',*,*,#5615,.T.);
#5615 = EDGE_CURVE('',#5593,#5616,#5618,.T.);
#5616 = VERTEX_POINT('',#5617);
#5617 = CARTESIAN_POINT('',(-10.2007356498,7.565381167054,4.3E-02));
#5618 = SURFACE_CURVE('',#5619,(#5623,#5630),.PCURVE_S1.);
#5619 = LINE('',#5620,#5621);
#5620 = CARTESIAN_POINT('',(-10.55966407624,7.055741959349,4.3E-02));
#5621 = VECTOR('',#5622,1.);
#5622 = DIRECTION('',(0.575808191418,0.817584813152,0.));
#5623 = PCURVE('',#72,#5624);
#5624 = DEFINITIONAL_REPRESENTATION('',(#5625),#5629);
#5625 = LINE('',#5626,#5627);
#5626 = CARTESIAN_POINT('',(10.559664076242,7.055741959349));
#5627 = VECTOR('',#5628,1.);
#5628 = DIRECTION('',(-0.575808191418,0.817584813152));
#5629 = ( GEOMETRIC_REPRESENTATION_CONTEXT(2) 
PARAMETRIC_REPRESENTATION_CONTEXT() REPRESENTATION_CONTEXT('2D SPACE',''
  ) );
#5630 = PCURVE('',#2378,#5631);
#5631 = DEFINITIONAL_REPRESENTATION('',(#5632),#5636);
#5632 = LINE('',#5633,#5634);
#5633 = CARTESIAN_POINT('',(0.,-6.1E-02));
#5634 = VECTOR('',#5635,1.);
#5635 = DIRECTION('',(1.,0.));
#5636 = ( GEOMETRIC_REPRESENTATION_CONTEXT(2) 
PARAMETRIC_REPRESENTATION_CONTEXT() REPRESENTATION_CONTEXT('2D SPACE',''
  ) );
#5637 = ORIENTED_EDGE('',*,*,#5638,.T.);
#5638 = EDGE_CURVE('',#5616,#5639,#5641,.T.);
#5639 = VERTEX_POINT('',#5640);
#5640 = CARTESIAN_POINT('',(-9.817232757707,8.056794708878,4.3E-02));
#5641 = SURFACE_CURVE('',#5642,(#5646,#5653),.PCURVE_S1.);
#5642 = LINE('',#5643,#5644);
#5643 = CARTESIAN_POINT('',(-10.2007356498,7.565381167054,4.3E-02));
#5644 = VECTOR('',#5645,1.);
#5645 = DIRECTION('',(0.615231590581,0.788346427627,0.));
#5646 = PCURVE('',#72,#5647);
#5647 = DEFINITIONAL_REPRESENTATION('',(#5648),#5652);
#5648 = LINE('',#5649,#5650);
#5649 = CARTESIAN_POINT('',(10.200735649804,7.565381167054));
#5650 = VECTOR('',#5651,1.);
#5651 = DIRECTION('',(-0.615231590581,0.788346427627));
#5652 = ( GEOMETRIC_REPRESENTATION_CONTEXT(2) 
PARAMETRIC_REPRESENTATION_CONTEXT() REPRESENTATION_CONTEXT('2D SPACE',''
  ) );
#5653 = PCURVE('',#2406,#5654);
#5654 = DEFINITIONAL_REPRESENTATION('',(#5655),#5659);
#5655 = LINE('',#5656,#5657);
#5656 = CARTESIAN_POINT('',(0.,-6.1E-02));
#5657 = VECTOR('',#5658,1.);
#5658 = DIRECTION('',(1.,0.));
#5659 = ( GEOMETRIC_REPRESENTATION_CONTEXT(2) 
PARAMETRIC_REPRESENTATION_CONTEXT() REPRESENTATION_CONTEXT('2D SPACE',''
  ) );
#5660 = ORIENTED_EDGE('',*,*,#5661,.T.);
#5661 = EDGE_CURVE('',#5639,#5662,#5664,.T.);
#5662 = VERTEX_POINT('',#5663);
#5663 = CARTESIAN_POINT('',(-9.410079292008,8.528798726557,4.3E-02));
#5664 = SURFACE_CURVE('',#5665,(#5669,#5676),.PCURVE_S1.);
#5665 = LINE('',#5666,#5667);
#5666 = CARTESIAN_POINT('',(-9.817232757707,8.056794708878,4.3E-02));
#5667 = VECTOR('',#5668,1.);
#5668 = DIRECTION('',(0.653172842954,0.757208846506,0.));
#5669 = PCURVE('',#72,#5670);
#5670 = DEFINITIONAL_REPRESENTATION('',(#5671),#5675);
#5671 = LINE('',#5672,#5673);
#5672 = CARTESIAN_POINT('',(9.817232757707,8.056794708878));
#5673 = VECTOR('',#5674,1.);
#5674 = DIRECTION('',(-0.653172842954,0.757208846506));
#5675 = ( GEOMETRIC_REPRESENTATION_CONTEXT(2) 
PARAMETRIC_REPRESENTATION_CONTEXT() REPRESENTATION_CONTEXT('2D SPACE',''
  ) );
#5676 = PCURVE('',#2434,#5677);
#5677 = DEFINITIONAL_REPRESENTATION('',(#5678),#5682);
#5678 = LINE('',#5679,#5680);
#5679 = CARTESIAN_POINT('',(0.,-6.1E-02));
#5680 = VECTOR('',#5681,1.);
#5681 = DIRECTION('',(1.,0.));
#5682 = ( GEOMETRIC_REPRESENTATION_CONTEXT(2) 
PARAMETRIC_REPRESENTATION_CONTEXT() REPRESENTATION_CONTEXT('2D SPACE',''
  ) );
#5683 = ORIENTED_EDGE('',*,*,#5684,.T.);
#5684 = EDGE_CURVE('',#5662,#5685,#5687,.T.);
#5685 = VERTEX_POINT('',#5686);
#5686 = CARTESIAN_POINT('',(-8.980256121069,8.980256121069,4.3E-02));
#5687 = SURFACE_CURVE('',#5688,(#5692,#5699),.PCURVE_S1.);
#5688 = LINE('',#5689,#5690);
#5689 = CARTESIAN_POINT('',(-9.410079292008,8.528798726557,4.3E-02));
#5690 = VECTOR('',#5691,1.);
#5691 = DIRECTION('',(0.689540544737,0.724247082951,0.));
#5692 = PCURVE('',#72,#5693);
#5693 = DEFINITIONAL_REPRESENTATION('',(#5694),#5698);
#5694 = LINE('',#5695,#5696);
#5695 = CARTESIAN_POINT('',(9.410079292008,8.528798726557));
#5696 = VECTOR('',#5697,1.);
#5697 = DIRECTION('',(-0.689540544737,0.724247082951));
#5698 = ( GEOMETRIC_REPRESENTATION_CONTEXT(2) 
PARAMETRIC_REPRESENTATION_CONTEXT() REPRESENTATION_CONTEXT('2D SPACE',''
  ) );
#5699 = PCURVE('',#2462,#5700);
#5700 = DEFINITIONAL_REPRESENTATION('',(#5701),#5705);
#5701 = LINE('',#5702,#5703);
#5702 = CARTESIAN_POINT('',(0.,-6.1E-02));
#5703 = VECTOR('',#5704,1.);
#5704 = DIRECTION('',(1.,0.));
#5705 = ( GEOMETRIC_REPRESENTATION_CONTEXT(2) 
PARAMETRIC_REPRESENTATION_CONTEXT() REPRESENTATION_CONTEXT('2D SPACE',''
  ) );
#5706 = ORIENTED_EDGE('',*,*,#5707,.T.);
#5707 = EDGE_CURVE('',#5685,#5708,#5710,.T.);
#5708 = VERTEX_POINT('',#5709);
#5709 = CARTESIAN_POINT('',(-8.528798726557,9.410079292008,4.3E-02));
#5710 = SURFACE_CURVE('',#5711,(#5715,#5722),.PCURVE_S1.);
#5711 = LINE('',#5712,#5713);
#5712 = CARTESIAN_POINT('',(-8.980256121069,8.980256121069,4.3E-02));
#5713 = VECTOR('',#5714,1.);
#5714 = DIRECTION('',(0.724247082951,0.689540544737,0.));
#5715 = PCURVE('',#72,#5716);
#5716 = DEFINITIONAL_REPRESENTATION('',(#5717),#5721);
#5717 = LINE('',#5718,#5719);
#5718 = CARTESIAN_POINT('',(8.980256121069,8.980256121069));
#5719 = VECTOR('',#5720,1.);
#5720 = DIRECTION('',(-0.724247082951,0.689540544737));
#5721 = ( GEOMETRIC_REPRESENTATION_CONTEXT(2) 
PARAMETRIC_REPRESENTATION_CONTEXT() REPRESENTATION_CONTEXT('2D SPACE',''
  ) );
#5722 = PCURVE('',#2490,#5723);
#5723 = DEFINITIONAL_REPRESENTATION('',(#5724),#5728);
#5724 = LINE('',#5725,#5726);
#5725 = CARTESIAN_POINT('',(0.,-6.1E-02));
#5726 = VECTOR('',#5727,1.);
#5727 = DIRECTION('',(1.,0.));
#5728 = ( GEOMETRIC_REPRESENTATION_CONTEXT(2) 
PARAMETRIC_REPRESENTATION_CONTEXT() REPRESENTATION_CONTEXT('2D SPACE',''
  ) );
#5729 = ORIENTED_EDGE('',*,*,#5730,.T.);
#5730 = EDGE_CURVE('',#5708,#5731,#5733,.T.);
#5731 = VERTEX_POINT('',#5732);
#5732 = CARTESIAN_POINT('',(-8.056794708878,9.817232757707,4.3E-02));
#5733 = SURFACE_CURVE('',#5734,(#5738,#5745),.PCURVE_S1.);
#5734 = LINE('',#5735,#5736);
#5735 = CARTESIAN_POINT('',(-8.528798726557,9.410079292008,4.3E-02));
#5736 = VECTOR('',#5737,1.);
#5737 = DIRECTION('',(0.757208846506,0.653172842954,0.));
#5738 = PCURVE('',#72,#5739);
#5739 = DEFINITIONAL_REPRESENTATION('',(#5740),#5744);
#5740 = LINE('',#5741,#5742);
#5741 = CARTESIAN_POINT('',(8.528798726557,9.410079292008));
#5742 = VECTOR('',#5743,1.);
#5743 = DIRECTION('',(-0.757208846506,0.653172842954));
#5744 = ( GEOMETRIC_REPRESENTATION_CONTEXT(2) 
PARAMETRIC_REPRESENTATION_CONTEXT() REPRESENTATION_CONTEXT('2D SPACE',''
  ) );
#5745 = PCURVE('',#2518,#5746);
#5746 = DEFINITIONAL_REPRESENTATION('',(#5747),#5751);
#5747 = LINE('',#5748,#5749);
#5748 = CARTESIAN_POINT('',(0.,-6.1E-02));
#5749 = VECTOR('',#5750,1.);
#5750 = DIRECTION('',(1.,0.));
#5751 = ( GEOMETRIC_REPRESENTATION_CONTEXT(2) 
PARAMETRIC_REPRESENTATION_CONTEXT() REPRESENTATION_CONTEXT('2D SPACE',''
  ) );
#5752 = ORIENTED_EDGE('',*,*,#5753,.T.);
#5753 = EDGE_CURVE('',#5731,#5754,#5756,.T.);
#5754 = VERTEX_POINT('',#5755);
#5755 = CARTESIAN_POINT('',(-7.565381167054,10.200735649804,4.3E-02));
#5756 = SURFACE_CURVE('',#5757,(#5761,#5768),.PCURVE_S1.);
#5757 = LINE('',#5758,#5759);
#5758 = CARTESIAN_POINT('',(-8.056794708878,9.817232757707,4.3E-02));
#5759 = VECTOR('',#5760,1.);
#5760 = DIRECTION('',(0.788346427627,0.615231590581,0.));
#5761 = PCURVE('',#72,#5762);
#5762 = DEFINITIONAL_REPRESENTATION('',(#5763),#5767);
#5763 = LINE('',#5764,#5765);
#5764 = CARTESIAN_POINT('',(8.056794708878,9.817232757707));
#5765 = VECTOR('',#5766,1.);
#5766 = DIRECTION('',(-0.788346427627,0.615231590581));
#5767 = ( GEOMETRIC_REPRESENTATION_CONTEXT(2) 
PARAMETRIC_REPRESENTATION_CONTEXT() REPRESENTATION_CONTEXT('2D SPACE',''
  ) );
#5768 = PCURVE('',#2546,#5769);
#5769 = DEFINITIONAL_REPRESENTATION('',(#5770),#5774);
#5770 = LINE('',#5771,#5772);
#5771 = CARTESIAN_POINT('',(0.,-6.1E-02));
#5772 = VECTOR('',#5773,1.);
#5773 = DIRECTION('',(1.,0.));
#5774 = ( GEOMETRIC_REPRESENTATION_CONTEXT(2) 
PARAMETRIC_REPRESENTATION_CONTEXT() REPRESENTATION_CONTEXT('2D SPACE',''
  ) );
#5775 = ORIENTED_EDGE('',*,*,#5776,.T.);
#5776 = EDGE_CURVE('',#5754,#5777,#5779,.T.);
#5777 = VERTEX_POINT('',#5778);
#5778 = CARTESIAN_POINT('',(-7.055741959349,10.559664076242,4.3E-02));
#5779 = SURFACE_CURVE('',#5780,(#5784,#5791),.PCURVE_S1.);
#5780 = LINE('',#5781,#5782);
#5781 = CARTESIAN_POINT('',(-7.565381167054,10.200735649804,4.3E-02));
#5782 = VECTOR('',#5783,1.);
#5783 = DIRECTION('',(0.817584813152,0.575808191418,0.));
#5784 = PCURVE('',#72,#5785);
#5785 = DEFINITIONAL_REPRESENTATION('',(#5786),#5790);
#5786 = LINE('',#5787,#5788);
#5787 = CARTESIAN_POINT('',(7.565381167054,10.200735649804));
#5788 = VECTOR('',#5789,1.);
#5789 = DIRECTION('',(-0.817584813152,0.575808191418));
#5790 = ( GEOMETRIC_REPRESENTATION_CONTEXT(2) 
PARAMETRIC_REPRESENTATION_CONTEXT() REPRESENTATION_CONTEXT('2D SPACE',''
  ) );
#5791 = PCURVE('',#2574,#5792);
#5792 = DEFINITIONAL_REPRESENTATION('',(#5793),#5797);
#5793 = LINE('',#5794,#5795);
#5794 = CARTESIAN_POINT('',(0.,-6.1E-02));
#5795 = VECTOR('',#5796,1.);
#5796 = DIRECTION('',(1.,0.));
#5797 = ( GEOMETRIC_REPRESENTATION_CONTEXT(2) 
PARAMETRIC_REPRESENTATION_CONTEXT() REPRESENTATION_CONTEXT('2D SPACE',''
  ) );
#5798 = ORIENTED_EDGE('',*,*,#5799,.T.);
#5799 = EDGE_CURVE('',#5777,#5800,#5802,.T.);
#5800 = VERTEX_POINT('',#5801);
#5801 = CARTESIAN_POINT('',(-6.529104851254,10.893153347003,4.3E-02));
#5802 = SURFACE_CURVE('',#5803,(#5807,#5814),.PCURVE_S1.);
#5803 = LINE('',#5804,#5805);
#5804 = CARTESIAN_POINT('',(-7.055741959349,10.559664076242,4.3E-02));
#5805 = VECTOR('',#5806,1.);
#5806 = DIRECTION('',(0.84485356525,0.534997619887,0.));
#5807 = PCURVE('',#72,#5808);
#5808 = DEFINITIONAL_REPRESENTATION('',(#5809),#5813);
#5809 = LINE('',#5810,#5811);
#5810 = CARTESIAN_POINT('',(7.055741959349,10.559664076242));
#5811 = VECTOR('',#5812,1.);
#5812 = DIRECTION('',(-0.84485356525,0.534997619887));
#5813 = ( GEOMETRIC_REPRESENTATION_CONTEXT(2) 
PARAMETRIC_REPRESENTATION_CONTEXT() REPRESENTATION_CONTEXT('2D SPACE',''
  ) );
#5814 = PCURVE('',#2602,#5815);
#5815 = DEFINITIONAL_REPRESENTATION('',(#5816),#5820);
#5816 = LINE('',#5817,#5818);
#5817 = CARTESIAN_POINT('',(0.,-6.1E-02));
#5818 = VECTOR('',#5819,1.);
#5819 = DIRECTION('',(1.,0.));
#5820 = ( GEOMETRIC_REPRESENTATION_CONTEXT(2) 
PARAMETRIC_REPRESENTATION_CONTEXT() REPRESENTATION_CONTEXT('2D SPACE',''
  ) );
#5821 = ORIENTED_EDGE('',*,*,#5822,.T.);
#5822 = EDGE_CURVE('',#5800,#5823,#5825,.T.);
#5823 = VERTEX_POINT('',#5824);
#5824 = CARTESIAN_POINT('',(-5.98673855769,11.200400057224,4.3E-02));
#5825 = SURFACE_CURVE('',#5826,(#5830,#5837),.PCURVE_S1.);
#5826 = LINE('',#5827,#5828);
#5827 = CARTESIAN_POINT('',(-6.529104851254,10.893153347003,4.3E-02));
#5828 = VECTOR('',#5829,1.);
#5829 = DIRECTION('',(0.870086991109,0.49289819223,0.));
#5830 = PCURVE('',#72,#5831);
#5831 = DEFINITIONAL_REPRESENTATION('',(#5832),#5836);
#5832 = LINE('',#5833,#5834);
#5833 = CARTESIAN_POINT('',(6.529104851254,10.893153347003));
#5834 = VECTOR('',#5835,1.);
#5835 = DIRECTION('',(-0.870086991109,0.49289819223));
#5836 = ( GEOMETRIC_REPRESENTATION_CONTEXT(2) 
PARAMETRIC_REPRESENTATION_CONTEXT() REPRESENTATION_CONTEXT('2D SPACE',''
  ) );
#5837 = PCURVE('',#2630,#5838);
#5838 = DEFINITIONAL_REPRESENTATION('',(#5839),#5843);
#5839 = LINE('',#5840,#5841);
#5840 = CARTESIAN_POINT('',(0.,-6.1E-02));
#5841 = VECTOR('',#5842,1.);
#5842 = DIRECTION('',(1.,0.));
#5843 = ( GEOMETRIC_REPRESENTATION_CONTEXT(2) 
PARAMETRIC_REPRESENTATION_CONTEXT() REPRESENTATION_CONTEXT('2D SPACE',''
  ) );
#5844 = ORIENTED_EDGE('',*,*,#5845,.T.);
#5845 = EDGE_CURVE('',#5823,#5846,#5848,.T.);
#5846 = VERTEX_POINT('',#5847);
#5847 = CARTESIAN_POINT('',(-5.429949686565,11.480664022668,4.3E-02));
#5848 = SURFACE_CURVE('',#5849,(#5853,#5860),.PCURVE_S1.);
#5849 = LINE('',#5850,#5851);
#5850 = CARTESIAN_POINT('',(-5.98673855769,11.200400057224,4.3E-02));
#5851 = VECTOR('',#5852,1.);
#5852 = DIRECTION('',(0.893224301196,0.449611329655,0.));
#5853 = PCURVE('',#72,#5854);
#5854 = DEFINITIONAL_REPRESENTATION('',(#5855),#5859);
#5855 = LINE('',#5856,#5857);
#5856 = CARTESIAN_POINT('',(5.98673855769,11.200400057224));
#5857 = VECTOR('',#5858,1.);
#5858 = DIRECTION('',(-0.893224301196,0.449611329655));
#5859 = ( GEOMETRIC_REPRESENTATION_CONTEXT(2) 
PARAMETRIC_REPRESENTATION_CONTEXT() REPRESENTATION_CONTEXT('2D SPACE',''
  ) );
#5860 = PCURVE('',#2658,#5861);
#5861 = DEFINITIONAL_REPRESENTATION('',(#5862),#5866);
#5862 = LINE('',#5863,#5864);
#5863 = CARTESIAN_POINT('',(0.,-6.1E-02));
#5864 = VECTOR('',#5865,1.);
#5865 = DIRECTION('',(1.,0.));
#5866 = ( GEOMETRIC_REPRESENTATION_CONTEXT(2) 
PARAMETRIC_REPRESENTATION_CONTEXT() REPRESENTATION_CONTEXT('2D SPACE',''
  ) );
#5867 = ORIENTED_EDGE('',*,*,#5868,.T.);
#5868 = EDGE_CURVE('',#5846,#5869,#5871,.T.);
#5869 = VERTEX_POINT('',#5870);
#5870 = CARTESIAN_POINT('',(-4.860079591037,11.733270062893,4.3E-02));
#5871 = SURFACE_CURVE('',#5872,(#5876,#5883),.PCURVE_S1.);
#5872 = LINE('',#5873,#5874);
#5873 = CARTESIAN_POINT('',(-5.429949686565,11.480664022668,4.3E-02));
#5874 = VECTOR('',#5875,1.);
#5875 = DIRECTION('',(0.914209755704,0.405241314005,0.));
#5876 = PCURVE('',#72,#5877);
#5877 = DEFINITIONAL_REPRESENTATION('',(#5878),#5882);
#5878 = LINE('',#5879,#5880);
#5879 = CARTESIAN_POINT('',(5.429949686565,11.480664022668));
#5880 = VECTOR('',#5881,1.);
#5881 = DIRECTION('',(-0.914209755704,0.405241314005));
#5882 = ( GEOMETRIC_REPRESENTATION_CONTEXT(2) 
PARAMETRIC_REPRESENTATION_CONTEXT() REPRESENTATION_CONTEXT('2D SPACE',''
  ) );
#5883 = PCURVE('',#2686,#5884);
#5884 = DEFINITIONAL_REPRESENTATION('',(#5885),#5889);
#5885 = LINE('',#5886,#5887);
#5886 = CARTESIAN_POINT('',(0.,-6.1E-02));
#5887 = VECTOR('',#5888,1.);
#5888 = DIRECTION('',(1.,0.));
#5889 = ( GEOMETRIC_REPRESENTATION_CONTEXT(2) 
PARAMETRIC_REPRESENTATION_CONTEXT() REPRESENTATION_CONTEXT('2D SPACE',''
  ) );
#5890 = ORIENTED_EDGE('',*,*,#5891,.T.);
#5891 = EDGE_CURVE('',#5869,#5892,#5894,.T.);
#5892 = VERTEX_POINT('',#5893);
#5893 = CARTESIAN_POINT('',(-4.278501138081,11.957609627824,4.3E-02));
#5894 = SURFACE_CURVE('',#5895,(#5899,#5906),.PCURVE_S1.);
#5895 = LINE('',#5896,#5897);
#5896 = CARTESIAN_POINT('',(-4.860079591037,11.733270062893,4.3E-02));
#5897 = VECTOR('',#5898,1.);
#5898 = DIRECTION('',(0.932992798835,0.359895036535,0.));
#5899 = PCURVE('',#72,#5900);
#5900 = DEFINITIONAL_REPRESENTATION('',(#5901),#5905);
#5901 = LINE('',#5902,#5903);
#5902 = CARTESIAN_POINT('',(4.860079591037,11.733270062893));
#5903 = VECTOR('',#5904,1.);
#5904 = DIRECTION('',(-0.932992798835,0.359895036535));
#5905 = ( GEOMETRIC_REPRESENTATION_CONTEXT(2) 
PARAMETRIC_REPRESENTATION_CONTEXT() REPRESENTATION_CONTEXT('2D SPACE',''
  ) );
#5906 = PCURVE('',#2714,#5907);
#5907 = DEFINITIONAL_REPRESENTATION('',(#5908),#5912);
#5908 = LINE('',#5909,#5910);
#5909 = CARTESIAN_POINT('',(0.,-6.1E-02));
#5910 = VECTOR('',#5911,1.);
#5911 = DIRECTION('',(1.,0.));
#5912 = ( GEOMETRIC_REPRESENTATION_CONTEXT(2) 
PARAMETRIC_REPRESENTATION_CONTEXT() REPRESENTATION_CONTEXT('2D SPACE',''
  ) );
#5913 = ORIENTED_EDGE('',*,*,#5914,.T.);
#5914 = EDGE_CURVE('',#5892,#5915,#5917,.T.);
#5915 = VERTEX_POINT('',#5916);
#5916 = CARTESIAN_POINT('',(-3.686615401132,12.153142263799,4.3E-02));
#5917 = SURFACE_CURVE('',#5918,(#5922,#5929),.PCURVE_S1.);
#5918 = LINE('',#5919,#5920);
#5919 = CARTESIAN_POINT('',(-4.278501138081,11.957609627824,4.3E-02));
#5920 = VECTOR('',#5921,1.);
#5921 = DIRECTION('',(0.949528180593,0.313681740399,0.));
#5922 = PCURVE('',#72,#5923);
#5923 = DEFINITIONAL_REPRESENTATION('',(#5924),#5928);
#5924 = LINE('',#5925,#5926);
#5925 = CARTESIAN_POINT('',(4.278501138081,11.957609627824));
#5926 = VECTOR('',#5927,1.);
#5927 = DIRECTION('',(-0.949528180593,0.313681740399));
#5928 = ( GEOMETRIC_REPRESENTATION_CONTEXT(2) 
PARAMETRIC_REPRESENTATION_CONTEXT() REPRESENTATION_CONTEXT('2D SPACE',''
  ) );
#5929 = PCURVE('',#2742,#5930);
#5930 = DEFINITIONAL_REPRESENTATION('',(#5931),#5935);
#5931 = LINE('',#5932,#5933);
#5932 = CARTESIAN_POINT('',(0.,-6.1E-02));
#5933 = VECTOR('',#5934,1.);
#5934 = DIRECTION('',(1.,0.));
#5935 = ( GEOMETRIC_REPRESENTATION_CONTEXT(2) 
PARAMETRIC_REPRESENTATION_CONTEXT() REPRESENTATION_CONTEXT('2D SPACE',''
  ) );
#5936 = ORIENTED_EDGE('',*,*,#5937,.T.);
#5937 = EDGE_CURVE('',#5915,#5938,#5940,.T.);
#5938 = VERTEX_POINT('',#5939);
#5939 = CARTESIAN_POINT('',(-3.085848284771,12.319396915571,4.3E-02));
#5940 = SURFACE_CURVE('',#5941,(#5945,#5952),.PCURVE_S1.);
#5941 = LINE('',#5942,#5943);
#5942 = CARTESIAN_POINT('',(-3.686615401132,12.153142263799,4.3E-02));
#5943 = VECTOR('',#5944,1.);
#5944 = DIRECTION('',(0.963776065795,0.266712757475,0.));
#5945 = PCURVE('',#72,#5946);
#5946 = DEFINITIONAL_REPRESENTATION('',(#5947),#5951);
#5947 = LINE('',#5948,#5949);
#5948 = CARTESIAN_POINT('',(3.686615401132,12.153142263799));
#5949 = VECTOR('',#5950,1.);
#5950 = DIRECTION('',(-0.963776065795,0.266712757475));
#5951 = ( GEOMETRIC_REPRESENTATION_CONTEXT(2) 
PARAMETRIC_REPRESENTATION_CONTEXT() REPRESENTATION_CONTEXT('2D SPACE',''
  ) );
#5952 = PCURVE('',#2770,#5953);
#5953 = DEFINITIONAL_REPRESENTATION('',(#5954),#5958);
#5954 = LINE('',#5955,#5956);
#5955 = CARTESIAN_POINT('',(0.,-6.1E-02));
#5956 = VECTOR('',#5957,1.);
#5957 = DIRECTION('',(1.,0.));
#5958 = ( GEOMETRIC_REPRESENTATION_CONTEXT(2) 
PARAMETRIC_REPRESENTATION_CONTEXT() REPRESENTATION_CONTEXT('2D SPACE',''
  ) );
#5959 = ORIENTED_EDGE('',*,*,#5960,.T.);
#5960 = EDGE_CURVE('',#5938,#5961,#5963,.T.);
#5961 = VERTEX_POINT('',#5962);
#5962 = CARTESIAN_POINT('',(-2.477647089605,12.455973061121,4.3E-02));
#5963 = SURFACE_CURVE('',#5964,(#5968,#5975),.PCURVE_S1.);
#5964 = LINE('',#5965,#5966);
#5965 = CARTESIAN_POINT('',(-3.085848284771,12.319396915571,4.3E-02));
#5966 = VECTOR('',#5967,1.);
#5967 = DIRECTION('',(0.975702130039,0.219101240157,0.));
#5968 = PCURVE('',#72,#5969);
#5969 = DEFINITIONAL_REPRESENTATION('',(#5970),#5974);
#5970 = LINE('',#5971,#5972);
#5971 = CARTESIAN_POINT('',(3.085848284771,12.319396915571));
#5972 = VECTOR('',#5973,1.);
#5973 = DIRECTION('',(-0.975702130039,0.219101240157));
#5974 = ( GEOMETRIC_REPRESENTATION_CONTEXT(2) 
PARAMETRIC_REPRESENTATION_CONTEXT() REPRESENTATION_CONTEXT('2D SPACE',''
  ) );
#5975 = PCURVE('',#2798,#5976);
#5976 = DEFINITIONAL_REPRESENTATION('',(#5977),#5981);
#5977 = LINE('',#5978,#5979);
#5978 = CARTESIAN_POINT('',(0.,-6.1E-02));
#5979 = VECTOR('',#5980,1.);
#5980 = DIRECTION('',(1.,0.));
#5981 = ( GEOMETRIC_REPRESENTATION_CONTEXT(2) 
PARAMETRIC_REPRESENTATION_CONTEXT() REPRESENTATION_CONTEXT('2D SPACE',''
  ) );
#5982 = ORIENTED_EDGE('',*,*,#5983,.T.);
#5983 = EDGE_CURVE('',#5961,#5984,#5986,.T.);
#5984 = VERTEX_POINT('',#5985);
#5985 = CARTESIAN_POINT('',(-1.863477025583,12.562541676553,4.3E-02));
#5986 = SURFACE_CURVE('',#5987,(#5991,#5998),.PCURVE_S1.);
#5987 = LINE('',#5988,#5989);
#5988 = CARTESIAN_POINT('',(-2.477647089605,12.455973061121,4.3E-02));
#5989 = VECTOR('',#5990,1.);
#5990 = DIRECTION('',(0.985277642389,0.17096188876,0.));
#5991 = PCURVE('',#72,#5992);
#5992 = DEFINITIONAL_REPRESENTATION('',(#5993),#5997);
#5993 = LINE('',#5994,#5995);
#5994 = CARTESIAN_POINT('',(2.477647089605,12.455973061121));
#5995 = VECTOR('',#5996,1.);
#5996 = DIRECTION('',(-0.985277642389,0.17096188876));
#5997 = ( GEOMETRIC_REPRESENTATION_CONTEXT(2) 
PARAMETRIC_REPRESENTATION_CONTEXT() REPRESENTATION_CONTEXT('2D SPACE',''
  ) );
#5998 = PCURVE('',#2826,#5999);
#5999 = DEFINITIONAL_REPRESENTATION('',(#6000),#6004);
#6000 = LINE('',#6001,#6002);
#6001 = CARTESIAN_POINT('',(0.,-6.1E-02));
#6002 = VECTOR('',#6003,1.);
#6003 = DIRECTION('',(1.,0.));
#6004 = ( GEOMETRIC_REPRESENTATION_CONTEXT(2) 
PARAMETRIC_REPRESENTATION_CONTEXT() REPRESENTATION_CONTEXT('2D SPACE',''
  ) );
#6005 = ORIENTED_EDGE('',*,*,#6006,.T.);
#6006 = EDGE_CURVE('',#5984,#6007,#6009,.T.);
#6007 = VERTEX_POINT('',#6008);
#6008 = CARTESIAN_POINT('',(-1.244817682185,12.638846028737,4.3E-02));
#6009 = SURFACE_CURVE('',#6010,(#6014,#6021),.PCURVE_S1.);
#6010 = LINE('',#6011,#6012);
#6011 = CARTESIAN_POINT('',(-1.863477025583,12.562541676553,4.3E-02));
#6012 = VECTOR('',#6013,1.);
#6013 = DIRECTION('',(0.992479534599,0.122410675199,0.));
#6014 = PCURVE('',#72,#6015);
#6015 = DEFINITIONAL_REPRESENTATION('',(#6016),#6020);
#6016 = LINE('',#6017,#6018);
#6017 = CARTESIAN_POINT('',(1.863477025583,12.562541676553));
#6018 = VECTOR('',#6019,1.);
#6019 = DIRECTION('',(-0.992479534599,0.122410675199));
#6020 = ( GEOMETRIC_REPRESENTATION_CONTEXT(2) 
PARAMETRIC_REPRESENTATION_CONTEXT() REPRESENTATION_CONTEXT('2D SPACE',''
  ) );
#6021 = PCURVE('',#2854,#6022);
#6022 = DEFINITIONAL_REPRESENTATION('',(#6023),#6027);
#6023 = LINE('',#6024,#6025);
#6024 = CARTESIAN_POINT('',(0.,-6.1E-02));
#6025 = VECTOR('',#6026,1.);
#6026 = DIRECTION('',(1.,0.));
#6027 = ( GEOMETRIC_REPRESENTATION_CONTEXT(2) 
PARAMETRIC_REPRESENTATION_CONTEXT() REPRESENTATION_CONTEXT('2D SPACE',''
  ) );
#6028 = ORIENTED_EDGE('',*,*,#6029,.T.);
#6029 = EDGE_CURVE('',#6007,#6030,#6032,.T.);
#6030 = VERTEX_POINT('',#6031);
#6031 = CARTESIAN_POINT('',(-0.623159463958,12.684702293806,4.3E-02));
#6032 = SURFACE_CURVE('',#6033,(#6037,#6044),.PCURVE_S1.);
#6033 = LINE('',#6034,#6035);
#6034 = CARTESIAN_POINT('',(-1.244817682185,12.638846028737,4.3E-02));
#6035 = VECTOR('',#6036,1.);
#6036 = DIRECTION('',(0.997290456679,7.356456359967E-02,0.));
#6037 = PCURVE('',#72,#6038);
#6038 = DEFINITIONAL_REPRESENTATION('',(#6039),#6043);
#6039 = LINE('',#6040,#6041);
#6040 = CARTESIAN_POINT('',(1.244817682185,12.638846028737));
#6041 = VECTOR('',#6042,1.);
#6042 = DIRECTION('',(-0.997290456679,7.356456359967E-02));
#6043 = ( GEOMETRIC_REPRESENTATION_CONTEXT(2) 
PARAMETRIC_REPRESENTATION_CONTEXT() REPRESENTATION_CONTEXT('2D SPACE',''
  ) );
#6044 = PCURVE('',#2882,#6045);
#6045 = DEFINITIONAL_REPRESENTATION('',(#6046),#6050);
#6046 = LINE('',#6047,#6048);
#6047 = CARTESIAN_POINT('',(0.,-6.1E-02));
#6048 = VECTOR('',#6049,1.);
#6049 = DIRECTION('',(1.,0.));
#6050 = ( GEOMETRIC_REPRESENTATION_CONTEXT(2) 
PARAMETRIC_REPRESENTATION_CONTEXT() REPRESENTATION_CONTEXT('2D SPACE',''
  ) );
#6051 = ORIENTED_EDGE('',*,*,#6052,.T.);
#6052 = EDGE_CURVE('',#6030,#6053,#6055,.T.);
#6053 = VERTEX_POINT('',#6054);
#6054 = CARTESIAN_POINT('',(0.,12.7,4.3E-02));
#6055 = SURFACE_CURVE('',#6056,(#6060,#6067),.PCURVE_S1.);
#6056 = LINE('',#6057,#6058);
#6057 = CARTESIAN_POINT('',(-0.623159463958,12.684702293806,4.3E-02));
#6058 = VECTOR('',#6059,1.);
#6059 = DIRECTION('',(0.999698818696,2.454122852291E-02,0.));
#6060 = PCURVE('',#72,#6061);
#6061 = DEFINITIONAL_REPRESENTATION('',(#6062),#6066);
#6062 = LINE('',#6063,#6064);
#6063 = CARTESIAN_POINT('',(0.623159463958,12.684702293806));
#6064 = VECTOR('',#6065,1.);
#6065 = DIRECTION('',(-0.999698818696,2.454122852291E-02));
#6066 = ( GEOMETRIC_REPRESENTATION_CONTEXT(2) 
PARAMETRIC_REPRESENTATION_CONTEXT() REPRESENTATION_CONTEXT('2D SPACE',''
  ) );
#6067 = PCURVE('',#2910,#6068);
#6068 = DEFINITIONAL_REPRESENTATION('',(#6069),#6073);
#6069 = LINE('',#6070,#6071);
#6070 = CARTESIAN_POINT('',(0.,-6.1E-02));
#6071 = VECTOR('',#6072,1.);
#6072 = DIRECTION('',(1.,0.));
#6073 = ( GEOMETRIC_REPRESENTATION_CONTEXT(2) 
PARAMETRIC_REPRESENTATION_CONTEXT() REPRESENTATION_CONTEXT('2D SPACE',''
  ) );
#6074 = ORIENTED_EDGE('',*,*,#6075,.T.);
#6075 = EDGE_CURVE('',#6053,#6076,#6078,.T.);
#6076 = VERTEX_POINT('',#6077);
#6077 = CARTESIAN_POINT('',(0.623159463958,12.684702293806,4.3E-02));
#6078 = SURFACE_CURVE('',#6079,(#6083,#6090),.PCURVE_S1.);
#6079 = LINE('',#6080,#6081);
#6080 = CARTESIAN_POINT('',(0.,12.7,4.3E-02));
#6081 = VECTOR('',#6082,1.);
#6082 = DIRECTION('',(0.999698818696,-2.454122852291E-02,0.));
#6083 = PCURVE('',#72,#6084);
#6084 = DEFINITIONAL_REPRESENTATION('',(#6085),#6089);
#6085 = LINE('',#6086,#6087);
#6086 = CARTESIAN_POINT('',(-1.218917606455E-15,12.7));
#6087 = VECTOR('',#6088,1.);
#6088 = DIRECTION('',(-0.999698818696,-2.454122852291E-02));
#6089 = ( GEOMETRIC_REPRESENTATION_CONTEXT(2) 
PARAMETRIC_REPRESENTATION_CONTEXT() REPRESENTATION_CONTEXT('2D SPACE',''
  ) );
#6090 = PCURVE('',#2938,#6091);
#6091 = DEFINITIONAL_REPRESENTATION('',(#6092),#6096);
#6092 = LINE('',#6093,#6094);
#6093 = CARTESIAN_POINT('',(0.,-6.1E-02));
#6094 = VECTOR('',#6095,1.);
#6095 = DIRECTION('',(1.,0.));
#6096 = ( GEOMETRIC_REPRESENTATION_CONTEXT(2) 
PARAMETRIC_REPRESENTATION_CONTEXT() REPRESENTATION_CONTEXT('2D SPACE',''
  ) );
#6097 = ORIENTED_EDGE('',*,*,#6098,.T.);
#6098 = EDGE_CURVE('',#6076,#6099,#6101,.T.);
#6099 = VERTEX_POINT('',#6100);
#6100 = CARTESIAN_POINT('',(1.244817682185,12.638846028737,4.3E-02));
#6101 = SURFACE_CURVE('',#6102,(#6106,#6113),.PCURVE_S1.);
#6102 = LINE('',#6103,#6104);
#6103 = CARTESIAN_POINT('',(0.623159463958,12.684702293806,4.3E-02));
#6104 = VECTOR('',#6105,1.);
#6105 = DIRECTION('',(0.997290456679,-7.356456359967E-02,0.));
#6106 = PCURVE('',#72,#6107);
#6107 = DEFINITIONAL_REPRESENTATION('',(#6108),#6112);
#6108 = LINE('',#6109,#6110);
#6109 = CARTESIAN_POINT('',(-0.623159463958,12.684702293806));
#6110 = VECTOR('',#6111,1.);
#6111 = DIRECTION('',(-0.997290456679,-7.356456359967E-02));
#6112 = ( GEOMETRIC_REPRESENTATION_CONTEXT(2) 
PARAMETRIC_REPRESENTATION_CONTEXT() REPRESENTATION_CONTEXT('2D SPACE',''
  ) );
#6113 = PCURVE('',#2966,#6114);
#6114 = DEFINITIONAL_REPRESENTATION('',(#6115),#6119);
#6115 = LINE('',#6116,#6117);
#6116 = CARTESIAN_POINT('',(0.,-6.1E-02));
#6117 = VECTOR('',#6118,1.);
#6118 = DIRECTION('',(1.,0.));
#6119 = ( GEOMETRIC_REPRESENTATION_CONTEXT(2) 
PARAMETRIC_REPRESENTATION_CONTEXT() REPRESENTATION_CONTEXT('2D SPACE',''
  ) );
#6120 = ORIENTED_EDGE('',*,*,#6121,.T.);
#6121 = EDGE_CURVE('',#6099,#6122,#6124,.T.);
#6122 = VERTEX_POINT('',#6123);
#6123 = CARTESIAN_POINT('',(1.863477025583,12.562541676553,4.3E-02));
#6124 = SURFACE_CURVE('',#6125,(#6129,#6136),.PCURVE_S1.);
#6125 = LINE('',#6126,#6127);
#6126 = CARTESIAN_POINT('',(1.244817682185,12.638846028737,4.3E-02));
#6127 = VECTOR('',#6128,1.);
#6128 = DIRECTION('',(0.992479534599,-0.122410675199,0.));
#6129 = PCURVE('',#72,#6130);
#6130 = DEFINITIONAL_REPRESENTATION('',(#6131),#6135);
#6131 = LINE('',#6132,#6133);
#6132 = CARTESIAN_POINT('',(-1.244817682185,12.638846028737));
#6133 = VECTOR('',#6134,1.);
#6134 = DIRECTION('',(-0.992479534599,-0.122410675199));
#6135 = ( GEOMETRIC_REPRESENTATION_CONTEXT(2) 
PARAMETRIC_REPRESENTATION_CONTEXT() REPRESENTATION_CONTEXT('2D SPACE',''
  ) );
#6136 = PCURVE('',#2994,#6137);
#6137 = DEFINITIONAL_REPRESENTATION('',(#6138),#6142);
#6138 = LINE('',#6139,#6140);
#6139 = CARTESIAN_POINT('',(0.,-6.1E-02));
#6140 = VECTOR('',#6141,1.);
#6141 = DIRECTION('',(1.,0.));
#6142 = ( GEOMETRIC_REPRESENTATION_CONTEXT(2) 
PARAMETRIC_REPRESENTATION_CONTEXT() REPRESENTATION_CONTEXT('2D SPACE',''
  ) );
#6143 = ORIENTED_EDGE('',*,*,#6144,.T.);
#6144 = EDGE_CURVE('',#6122,#6145,#6147,.T.);
#6145 = VERTEX_POINT('',#6146);
#6146 = CARTESIAN_POINT('',(2.477647089605,12.455973061121,4.3E-02));
#6147 = SURFACE_CURVE('',#6148,(#6152,#6159),.PCURVE_S1.);
#6148 = LINE('',#6149,#6150);
#6149 = CARTESIAN_POINT('',(1.863477025583,12.562541676553,4.3E-02));
#6150 = VECTOR('',#6151,1.);
#6151 = DIRECTION('',(0.985277642389,-0.17096188876,0.));
#6152 = PCURVE('',#72,#6153);
#6153 = DEFINITIONAL_REPRESENTATION('',(#6154),#6158);
#6154 = LINE('',#6155,#6156);
#6155 = CARTESIAN_POINT('',(-1.863477025583,12.562541676553));
#6156 = VECTOR('',#6157,1.);
#6157 = DIRECTION('',(-0.985277642389,-0.17096188876));
#6158 = ( GEOMETRIC_REPRESENTATION_CONTEXT(2) 
PARAMETRIC_REPRESENTATION_CONTEXT() REPRESENTATION_CONTEXT('2D SPACE',''
  ) );
#6159 = PCURVE('',#3022,#6160);
#6160 = DEFINITIONAL_REPRESENTATION('',(#6161),#6165);
#6161 = LINE('',#6162,#6163);
#6162 = CARTESIAN_POINT('',(0.,-6.1E-02));
#6163 = VECTOR('',#6164,1.);
#6164 = DIRECTION('',(1.,0.));
#6165 = ( GEOMETRIC_REPRESENTATION_CONTEXT(2) 
PARAMETRIC_REPRESENTATION_CONTEXT() REPRESENTATION_CONTEXT('2D SPACE',''
  ) );
#6166 = ORIENTED_EDGE('',*,*,#6167,.T.);
#6167 = EDGE_CURVE('',#6145,#6168,#6170,.T.);
#6168 = VERTEX_POINT('',#6169);
#6169 = CARTESIAN_POINT('',(3.085848284771,12.319396915571,4.3E-02));
#6170 = SURFACE_CURVE('',#6171,(#6175,#6182),.PCURVE_S1.);
#6171 = LINE('',#6172,#6173);
#6172 = CARTESIAN_POINT('',(2.477647089605,12.455973061121,4.3E-02));
#6173 = VECTOR('',#6174,1.);
#6174 = DIRECTION('',(0.975702130039,-0.219101240157,0.));
#6175 = PCURVE('',#72,#6176);
#6176 = DEFINITIONAL_REPRESENTATION('',(#6177),#6181);
#6177 = LINE('',#6178,#6179);
#6178 = CARTESIAN_POINT('',(-2.477647089605,12.455973061121));
#6179 = VECTOR('',#6180,1.);
#6180 = DIRECTION('',(-0.975702130039,-0.219101240157));
#6181 = ( GEOMETRIC_REPRESENTATION_CONTEXT(2) 
PARAMETRIC_REPRESENTATION_CONTEXT() REPRESENTATION_CONTEXT('2D SPACE',''
  ) );
#6182 = PCURVE('',#3050,#6183);
#6183 = DEFINITIONAL_REPRESENTATION('',(#6184),#6188);
#6184 = LINE('',#6185,#6186);
#6185 = CARTESIAN_POINT('',(0.,-6.1E-02));
#6186 = VECTOR('',#6187,1.);
#6187 = DIRECTION('',(1.,0.));
#6188 = ( GEOMETRIC_REPRESENTATION_CONTEXT(2) 
PARAMETRIC_REPRESENTATION_CONTEXT() REPRESENTATION_CONTEXT('2D SPACE',''
  ) );
#6189 = ORIENTED_EDGE('',*,*,#6190,.T.);
#6190 = EDGE_CURVE('',#6168,#6191,#6193,.T.);
#6191 = VERTEX_POINT('',#6192);
#6192 = CARTESIAN_POINT('',(3.686615401132,12.153142263799,4.3E-02));
#6193 = SURFACE_CURVE('',#6194,(#6198,#6205),.PCURVE_S1.);
#6194 = LINE('',#6195,#6196);
#6195 = CARTESIAN_POINT('',(3.085848284771,12.319396915571,4.3E-02));
#6196 = VECTOR('',#6197,1.);
#6197 = DIRECTION('',(0.963776065795,-0.266712757475,0.));
#6198 = PCURVE('',#72,#6199);
#6199 = DEFINITIONAL_REPRESENTATION('',(#6200),#6204);
#6200 = LINE('',#6201,#6202);
#6201 = CARTESIAN_POINT('',(-3.085848284771,12.319396915571));
#6202 = VECTOR('',#6203,1.);
#6203 = DIRECTION('',(-0.963776065795,-0.266712757475));
#6204 = ( GEOMETRIC_REPRESENTATION_CONTEXT(2) 
PARAMETRIC_REPRESENTATION_CONTEXT() REPRESENTATION_CONTEXT('2D SPACE',''
  ) );
#6205 = PCURVE('',#3078,#6206);
#6206 = DEFINITIONAL_REPRESENTATION('',(#6207),#6211);
#6207 = LINE('',#6208,#6209);
#6208 = CARTESIAN_POINT('',(0.,-6.1E-02));
#6209 = VECTOR('',#6210,1.);
#6210 = DIRECTION('',(1.,0.));
#6211 = ( GEOMETRIC_REPRESENTATION_CONTEXT(2) 
PARAMETRIC_REPRESENTATION_CONTEXT() REPRESENTATION_CONTEXT('2D SPACE',''
  ) );
#6212 = ORIENTED_EDGE('',*,*,#6213,.T.);
#6213 = EDGE_CURVE('',#6191,#6214,#6216,.T.);
#6214 = VERTEX_POINT('',#6215);
#6215 = CARTESIAN_POINT('',(4.278501138081,11.957609627824,4.3E-02));
#6216 = SURFACE_CURVE('',#6217,(#6221,#6228),.PCURVE_S1.);
#6217 = LINE('',#6218,#6219);
#6218 = CARTESIAN_POINT('',(3.686615401132,12.153142263799,4.3E-02));
#6219 = VECTOR('',#6220,1.);
#6220 = DIRECTION('',(0.949528180593,-0.313681740399,0.));
#6221 = PCURVE('',#72,#6222);
#6222 = DEFINITIONAL_REPRESENTATION('',(#6223),#6227);
#6223 = LINE('',#6224,#6225);
#6224 = CARTESIAN_POINT('',(-3.686615401132,12.153142263799));
#6225 = VECTOR('',#6226,1.);
#6226 = DIRECTION('',(-0.949528180593,-0.313681740399));
#6227 = ( GEOMETRIC_REPRESENTATION_CONTEXT(2) 
PARAMETRIC_REPRESENTATION_CONTEXT() REPRESENTATION_CONTEXT('2D SPACE',''
  ) );
#6228 = PCURVE('',#3106,#6229);
#6229 = DEFINITIONAL_REPRESENTATION('',(#6230),#6234);
#6230 = LINE('',#6231,#6232);
#6231 = CARTESIAN_POINT('',(0.,-6.1E-02));
#6232 = VECTOR('',#6233,1.);
#6233 = DIRECTION('',(1.,0.));
#6234 = ( GEOMETRIC_REPRESENTATION_CONTEXT(2) 
PARAMETRIC_REPRESENTATION_CONTEXT() REPRESENTATION_CONTEXT('2D SPACE',''
  ) );
#6235 = ORIENTED_EDGE('',*,*,#6236,.T.);
#6236 = EDGE_CURVE('',#6214,#6237,#6239,.T.);
#6237 = VERTEX_POINT('',#6238);
#6238 = CARTESIAN_POINT('',(4.860079591037,11.733270062893,4.3E-02));
#6239 = SURFACE_CURVE('',#6240,(#6244,#6251),.PCURVE_S1.);
#6240 = LINE('',#6241,#6242);
#6241 = CARTESIAN_POINT('',(4.278501138081,11.957609627824,4.3E-02));
#6242 = VECTOR('',#6243,1.);
#6243 = DIRECTION('',(0.932992798835,-0.359895036535,0.));
#6244 = PCURVE('',#72,#6245);
#6245 = DEFINITIONAL_REPRESENTATION('',(#6246),#6250);
#6246 = LINE('',#6247,#6248);
#6247 = CARTESIAN_POINT('',(-4.278501138081,11.957609627824));
#6248 = VECTOR('',#6249,1.);
#6249 = DIRECTION('',(-0.932992798835,-0.359895036535));
#6250 = ( GEOMETRIC_REPRESENTATION_CONTEXT(2) 
PARAMETRIC_REPRESENTATION_CONTEXT() REPRESENTATION_CONTEXT('2D SPACE',''
  ) );
#6251 = PCURVE('',#3134,#6252);
#6252 = DEFINITIONAL_REPRESENTATION('',(#6253),#6257);
#6253 = LINE('',#6254,#6255);
#6254 = CARTESIAN_POINT('',(0.,-6.1E-02));
#6255 = VECTOR('',#6256,1.);
#6256 = DIRECTION('',(1.,0.));
#6257 = ( GEOMETRIC_REPRESENTATION_CONTEXT(2) 
PARAMETRIC_REPRESENTATION_CONTEXT() REPRESENTATION_CONTEXT('2D SPACE',''
  ) );
#6258 = ORIENTED_EDGE('',*,*,#6259,.T.);
#6259 = EDGE_CURVE('',#6237,#6260,#6262,.T.);
#6260 = VERTEX_POINT('',#6261);
#6261 = CARTESIAN_POINT('',(5.429949686565,11.480664022668,4.3E-02));
#6262 = SURFACE_CURVE('',#6263,(#6267,#6274),.PCURVE_S1.);
#6263 = LINE('',#6264,#6265);
#6264 = CARTESIAN_POINT('',(4.860079591037,11.733270062893,4.3E-02));
#6265 = VECTOR('',#6266,1.);
#6266 = DIRECTION('',(0.914209755704,-0.405241314005,0.));
#6267 = PCURVE('',#72,#6268);
#6268 = DEFINITIONAL_REPRESENTATION('',(#6269),#6273);
#6269 = LINE('',#6270,#6271);
#6270 = CARTESIAN_POINT('',(-4.860079591037,11.733270062893));
#6271 = VECTOR('',#6272,1.);
#6272 = DIRECTION('',(-0.914209755704,-0.405241314005));
#6273 = ( GEOMETRIC_REPRESENTATION_CONTEXT(2) 
PARAMETRIC_REPRESENTATION_CONTEXT() REPRESENTATION_CONTEXT('2D SPACE',''
  ) );
#6274 = PCURVE('',#3162,#6275);
#6275 = DEFINITIONAL_REPRESENTATION('',(#6276),#6280);
#6276 = LINE('',#6277,#6278);
#6277 = CARTESIAN_POINT('',(0.,-6.1E-02));
#6278 = VECTOR('',#6279,1.);
#6279 = DIRECTION('',(1.,0.));
#6280 = ( GEOMETRIC_REPRESENTATION_CONTEXT(2) 
PARAMETRIC_REPRESENTATION_CONTEXT() REPRESENTATION_CONTEXT('2D SPACE',''
  ) );
#6281 = ORIENTED_EDGE('',*,*,#6282,.T.);
#6282 = EDGE_CURVE('',#6260,#6283,#6285,.T.);
#6283 = VERTEX_POINT('',#6284);
#6284 = CARTESIAN_POINT('',(5.98673855769,11.200400057224,4.3E-02));
#6285 = SURFACE_CURVE('',#6286,(#6290,#6297),.PCURVE_S1.);
#6286 = LINE('',#6287,#6288);
#6287 = CARTESIAN_POINT('',(5.429949686565,11.480664022668,4.3E-02));
#6288 = VECTOR('',#6289,1.);
#6289 = DIRECTION('',(0.893224301196,-0.449611329655,0.));
#6290 = PCURVE('',#72,#6291);
#6291 = DEFINITIONAL_REPRESENTATION('',(#6292),#6296);
#6292 = LINE('',#6293,#6294);
#6293 = CARTESIAN_POINT('',(-5.429949686565,11.480664022668));
#6294 = VECTOR('',#6295,1.);
#6295 = DIRECTION('',(-0.893224301196,-0.449611329655));
#6296 = ( GEOMETRIC_REPRESENTATION_CONTEXT(2) 
PARAMETRIC_REPRESENTATION_CONTEXT() REPRESENTATION_CONTEXT('2D SPACE',''
  ) );
#6297 = PCURVE('',#3190,#6298);
#6298 = DEFINITIONAL_REPRESENTATION('',(#6299),#6303);
#6299 = LINE('',#6300,#6301);
#6300 = CARTESIAN_POINT('',(0.,-6.1E-02));
#6301 = VECTOR('',#6302,1.);
#6302 = DIRECTION('',(1.,0.));
#6303 = ( GEOMETRIC_REPRESENTATION_CONTEXT(2) 
PARAMETRIC_REPRESENTATION_CONTEXT() REPRESENTATION_CONTEXT('2D SPACE',''
  ) );
#6304 = ORIENTED_EDGE('',*,*,#6305,.T.);
#6305 = EDGE_CURVE('',#6283,#6306,#6308,.T.);
#6306 = VERTEX_POINT('',#6307);
#6307 = CARTESIAN_POINT('',(6.529104851254,10.893153347003,4.3E-02));
#6308 = SURFACE_CURVE('',#6309,(#6313,#6320),.PCURVE_S1.);
#6309 = LINE('',#6310,#6311);
#6310 = CARTESIAN_POINT('',(5.98673855769,11.200400057224,4.3E-02));
#6311 = VECTOR('',#6312,1.);
#6312 = DIRECTION('',(0.870086991109,-0.49289819223,0.));
#6313 = PCURVE('',#72,#6314);
#6314 = DEFINITIONAL_REPRESENTATION('',(#6315),#6319);
#6315 = LINE('',#6316,#6317);
#6316 = CARTESIAN_POINT('',(-5.98673855769,11.200400057224));
#6317 = VECTOR('',#6318,1.);
#6318 = DIRECTION('',(-0.870086991109,-0.49289819223));
#6319 = ( GEOMETRIC_REPRESENTATION_CONTEXT(2) 
PARAMETRIC_REPRESENTATION_CONTEXT() REPRESENTATION_CONTEXT('2D SPACE',''
  ) );
#6320 = PCURVE('',#3218,#6321);
#6321 = DEFINITIONAL_REPRESENTATION('',(#6322),#6326);
#6322 = LINE('',#6323,#6324);
#6323 = CARTESIAN_POINT('',(0.,-6.1E-02));
#6324 = VECTOR('',#6325,1.);
#6325 = DIRECTION('',(1.,0.));
#6326 = ( GEOMETRIC_REPRESENTATION_CONTEXT(2) 
PARAMETRIC_REPRESENTATION_CONTEXT() REPRESENTATION_CONTEXT('2D SPACE',''
  ) );
#6327 = ORIENTED_EDGE('',*,*,#6328,.T.);
#6328 = EDGE_CURVE('',#6306,#6329,#6331,.T.);
#6329 = VERTEX_POINT('',#6330);
#6330 = CARTESIAN_POINT('',(7.055741959349,10.559664076242,4.3E-02));
#6331 = SURFACE_CURVE('',#6332,(#6336,#6343),.PCURVE_S1.);
#6332 = LINE('',#6333,#6334);
#6333 = CARTESIAN_POINT('',(6.529104851254,10.893153347003,4.3E-02));
#6334 = VECTOR('',#6335,1.);
#6335 = DIRECTION('',(0.84485356525,-0.534997619887,0.));
#6336 = PCURVE('',#72,#6337);
#6337 = DEFINITIONAL_REPRESENTATION('',(#6338),#6342);
#6338 = LINE('',#6339,#6340);
#6339 = CARTESIAN_POINT('',(-6.529104851254,10.893153347003));
#6340 = VECTOR('',#6341,1.);
#6341 = DIRECTION('',(-0.84485356525,-0.534997619887));
#6342 = ( GEOMETRIC_REPRESENTATION_CONTEXT(2) 
PARAMETRIC_REPRESENTATION_CONTEXT() REPRESENTATION_CONTEXT('2D SPACE',''
  ) );
#6343 = PCURVE('',#3246,#6344);
#6344 = DEFINITIONAL_REPRESENTATION('',(#6345),#6349);
#6345 = LINE('',#6346,#6347);
#6346 = CARTESIAN_POINT('',(0.,-6.1E-02));
#6347 = VECTOR('',#6348,1.);
#6348 = DIRECTION('',(1.,0.));
#6349 = ( GEOMETRIC_REPRESENTATION_CONTEXT(2) 
PARAMETRIC_REPRESENTATION_CONTEXT() REPRESENTATION_CONTEXT('2D SPACE',''
  ) );
#6350 = ORIENTED_EDGE('',*,*,#6351,.T.);
#6351 = EDGE_CURVE('',#6329,#6352,#6354,.T.);
#6352 = VERTEX_POINT('',#6353);
#6353 = CARTESIAN_POINT('',(7.565381167054,10.200735649804,4.3E-02));
#6354 = SURFACE_CURVE('',#6355,(#6359,#6366),.PCURVE_S1.);
#6355 = LINE('',#6356,#6357);
#6356 = CARTESIAN_POINT('',(7.055741959349,10.559664076242,4.3E-02));
#6357 = VECTOR('',#6358,1.);
#6358 = DIRECTION('',(0.817584813152,-0.575808191418,0.));
#6359 = PCURVE('',#72,#6360);
#6360 = DEFINITIONAL_REPRESENTATION('',(#6361),#6365);
#6361 = LINE('',#6362,#6363);
#6362 = CARTESIAN_POINT('',(-7.055741959349,10.559664076242));
#6363 = VECTOR('',#6364,1.);
#6364 = DIRECTION('',(-0.817584813152,-0.575808191418));
#6365 = ( GEOMETRIC_REPRESENTATION_CONTEXT(2) 
PARAMETRIC_REPRESENTATION_CONTEXT() REPRESENTATION_CONTEXT('2D SPACE',''
  ) );
#6366 = PCURVE('',#3274,#6367);
#6367 = DEFINITIONAL_REPRESENTATION('',(#6368),#6372);
#6368 = LINE('',#6369,#6370);
#6369 = CARTESIAN_POINT('',(0.,-6.1E-02));
#6370 = VECTOR('',#6371,1.);
#6371 = DIRECTION('',(1.,0.));
#6372 = ( GEOMETRIC_REPRESENTATION_CONTEXT(2) 
PARAMETRIC_REPRESENTATION_CONTEXT() REPRESENTATION_CONTEXT('2D SPACE',''
  ) );
#6373 = ORIENTED_EDGE('',*,*,#6374,.T.);
#6374 = EDGE_CURVE('',#6352,#6375,#6377,.T.);
#6375 = VERTEX_POINT('',#6376);
#6376 = CARTESIAN_POINT('',(8.056794708878,9.817232757707,4.3E-02));
#6377 = SURFACE_CURVE('',#6378,(#6382,#6389),.PCURVE_S1.);
#6378 = LINE('',#6379,#6380);
#6379 = CARTESIAN_POINT('',(7.565381167054,10.200735649804,4.3E-02));
#6380 = VECTOR('',#6381,1.);
#6381 = DIRECTION('',(0.788346427627,-0.615231590581,0.));
#6382 = PCURVE('',#72,#6383);
#6383 = DEFINITIONAL_REPRESENTATION('',(#6384),#6388);
#6384 = LINE('',#6385,#6386);
#6385 = CARTESIAN_POINT('',(-7.565381167054,10.200735649804));
#6386 = VECTOR('',#6387,1.);
#6387 = DIRECTION('',(-0.788346427627,-0.615231590581));
#6388 = ( GEOMETRIC_REPRESENTATION_CONTEXT(2) 
PARAMETRIC_REPRESENTATION_CONTEXT() REPRESENTATION_CONTEXT('2D SPACE',''
  ) );
#6389 = PCURVE('',#3302,#6390);
#6390 = DEFINITIONAL_REPRESENTATION('',(#6391),#6395);
#6391 = LINE('',#6392,#6393);
#6392 = CARTESIAN_POINT('',(0.,-6.1E-02));
#6393 = VECTOR('',#6394,1.);
#6394 = DIRECTION('',(1.,0.));
#6395 = ( GEOMETRIC_REPRESENTATION_CONTEXT(2) 
PARAMETRIC_REPRESENTATION_CONTEXT() REPRESENTATION_CONTEXT('2D SPACE',''
  ) );
#6396 = ORIENTED_EDGE('',*,*,#6397,.T.);
#6397 = EDGE_CURVE('',#6375,#6398,#6400,.T.);
#6398 = VERTEX_POINT('',#6399);
#6399 = CARTESIAN_POINT('',(8.528798726557,9.410079292008,4.3E-02));
#6400 = SURFACE_CURVE('',#6401,(#6405,#6412),.PCURVE_S1.);
#6401 = LINE('',#6402,#6403);
#6402 = CARTESIAN_POINT('',(8.056794708878,9.817232757707,4.3E-02));
#6403 = VECTOR('',#6404,1.);
#6404 = DIRECTION('',(0.757208846506,-0.653172842954,0.));
#6405 = PCURVE('',#72,#6406);
#6406 = DEFINITIONAL_REPRESENTATION('',(#6407),#6411);
#6407 = LINE('',#6408,#6409);
#6408 = CARTESIAN_POINT('',(-8.056794708878,9.817232757707));
#6409 = VECTOR('',#6410,1.);
#6410 = DIRECTION('',(-0.757208846506,-0.653172842954));
#6411 = ( GEOMETRIC_REPRESENTATION_CONTEXT(2) 
PARAMETRIC_REPRESENTATION_CONTEXT() REPRESENTATION_CONTEXT('2D SPACE',''
  ) );
#6412 = PCURVE('',#3330,#6413);
#6413 = DEFINITIONAL_REPRESENTATION('',(#6414),#6418);
#6414 = LINE('',#6415,#6416);
#6415 = CARTESIAN_POINT('',(0.,-6.1E-02));
#6416 = VECTOR('',#6417,1.);
#6417 = DIRECTION('',(1.,0.));
#6418 = ( GEOMETRIC_REPRESENTATION_CONTEXT(2) 
PARAMETRIC_REPRESENTATION_CONTEXT() REPRESENTATION_CONTEXT('2D SPACE',''
  ) );
#6419 = ORIENTED_EDGE('',*,*,#6420,.T.);
#6420 = EDGE_CURVE('',#6398,#6421,#6423,.T.);
#6421 = VERTEX_POINT('',#6422);
#6422 = CARTESIAN_POINT('',(8.980256121069,8.980256121069,4.3E-02));
#6423 = SURFACE_CURVE('',#6424,(#6428,#6435),.PCURVE_S1.);
#6424 = LINE('',#6425,#6426);
#6425 = CARTESIAN_POINT('',(8.528798726557,9.410079292008,4.3E-02));
#6426 = VECTOR('',#6427,1.);
#6427 = DIRECTION('',(0.724247082951,-0.689540544737,0.));
#6428 = PCURVE('',#72,#6429);
#6429 = DEFINITIONAL_REPRESENTATION('',(#6430),#6434);
#6430 = LINE('',#6431,#6432);
#6431 = CARTESIAN_POINT('',(-8.528798726557,9.410079292008));
#6432 = VECTOR('',#6433,1.);
#6433 = DIRECTION('',(-0.724247082951,-0.689540544737));
#6434 = ( GEOMETRIC_REPRESENTATION_CONTEXT(2) 
PARAMETRIC_REPRESENTATION_CONTEXT() REPRESENTATION_CONTEXT('2D SPACE',''
  ) );
#6435 = PCURVE('',#3358,#6436);
#6436 = DEFINITIONAL_REPRESENTATION('',(#6437),#6441);
#6437 = LINE('',#6438,#6439);
#6438 = CARTESIAN_POINT('',(0.,-6.1E-02));
#6439 = VECTOR('',#6440,1.);
#6440 = DIRECTION('',(1.,0.));
#6441 = ( GEOMETRIC_REPRESENTATION_CONTEXT(2) 
PARAMETRIC_REPRESENTATION_CONTEXT() REPRESENTATION_CONTEXT('2D SPACE',''
  ) );
#6442 = ORIENTED_EDGE('',*,*,#6443,.T.);
#6443 = EDGE_CURVE('',#6421,#6444,#6446,.T.);
#6444 = VERTEX_POINT('',#6445);
#6445 = CARTESIAN_POINT('',(9.410079292008,8.528798726557,4.3E-02));
#6446 = SURFACE_CURVE('',#6447,(#6451,#6458),.PCURVE_S1.);
#6447 = LINE('',#6448,#6449);
#6448 = CARTESIAN_POINT('',(8.980256121069,8.980256121069,4.3E-02));
#6449 = VECTOR('',#6450,1.);
#6450 = DIRECTION('',(0.689540544737,-0.724247082951,0.));
#6451 = PCURVE('',#72,#6452);
#6452 = DEFINITIONAL_REPRESENTATION('',(#6453),#6457);
#6453 = LINE('',#6454,#6455);
#6454 = CARTESIAN_POINT('',(-8.980256121069,8.980256121069));
#6455 = VECTOR('',#6456,1.);
#6456 = DIRECTION('',(-0.689540544737,-0.724247082951));
#6457 = ( GEOMETRIC_REPRESENTATION_CONTEXT(2) 
PARAMETRIC_REPRESENTATION_CONTEXT() REPRESENTATION_CONTEXT('2D SPACE',''
  ) );
#6458 = PCURVE('',#3386,#6459);
#6459 = DEFINITIONAL_REPRESENTATION('',(#6460),#6464);
#6460 = LINE('',#6461,#6462);
#6461 = CARTESIAN_POINT('',(0.,-6.1E-02));
#6462 = VECTOR('',#6463,1.);
#6463 = DIRECTION('',(1.,0.));
#6464 = ( GEOMETRIC_REPRESENTATION_CONTEXT(2) 
PARAMETRIC_REPRESENTATION_CONTEXT() REPRESENTATION_CONTEXT('2D SPACE',''
  ) );
#6465 = ORIENTED_EDGE('',*,*,#6466,.T.);
#6466 = EDGE_CURVE('',#6444,#6467,#6469,.T.);
#6467 = VERTEX_POINT('',#6468);
#6468 = CARTESIAN_POINT('',(9.817232757707,8.056794708878,4.3E-02));
#6469 = SURFACE_CURVE('',#6470,(#6474,#6481),.PCURVE_S1.);
#6470 = LINE('',#6471,#6472);
#6471 = CARTESIAN_POINT('',(9.410079292008,8.528798726557,4.3E-02));
#6472 = VECTOR('',#6473,1.);
#6473 = DIRECTION('',(0.653172842954,-0.757208846506,0.));
#6474 = PCURVE('',#72,#6475);
#6475 = DEFINITIONAL_REPRESENTATION('',(#6476),#6480);
#6476 = LINE('',#6477,#6478);
#6477 = CARTESIAN_POINT('',(-9.410079292008,8.528798726557));
#6478 = VECTOR('',#6479,1.);
#6479 = DIRECTION('',(-0.653172842954,-0.757208846506));
#6480 = ( GEOMETRIC_REPRESENTATION_CONTEXT(2) 
PARAMETRIC_REPRESENTATION_CONTEXT() REPRESENTATION_CONTEXT('2D SPACE',''
  ) );
#6481 = PCURVE('',#3414,#6482);
#6482 = DEFINITIONAL_REPRESENTATION('',(#6483),#6487);
#6483 = LINE('',#6484,#6485);
#6484 = CARTESIAN_POINT('',(0.,-6.1E-02));
#6485 = VECTOR('',#6486,1.);
#6486 = DIRECTION('',(1.,0.));
#6487 = ( GEOMETRIC_REPRESENTATION_CONTEXT(2) 
PARAMETRIC_REPRESENTATION_CONTEXT() REPRESENTATION_CONTEXT('2D SPACE',''
  ) );
#6488 = ORIENTED_EDGE('',*,*,#6489,.T.);
#6489 = EDGE_CURVE('',#6467,#6490,#6492,.T.);
#6490 = VERTEX_POINT('',#6491);
#6491 = CARTESIAN_POINT('',(10.200735649804,7.565381167054,4.3E-02));
#6492 = SURFACE_CURVE('',#6493,(#6497,#6504),.PCURVE_S1.);
#6493 = LINE('',#6494,#6495);
#6494 = CARTESIAN_POINT('',(9.817232757707,8.056794708878,4.3E-02));
#6495 = VECTOR('',#6496,1.);
#6496 = DIRECTION('',(0.615231590581,-0.788346427627,0.));
#6497 = PCURVE('',#72,#6498);
#6498 = DEFINITIONAL_REPRESENTATION('',(#6499),#6503);
#6499 = LINE('',#6500,#6501);
#6500 = CARTESIAN_POINT('',(-9.817232757707,8.056794708878));
#6501 = VECTOR('',#6502,1.);
#6502 = DIRECTION('',(-0.615231590581,-0.788346427627));
#6503 = ( GEOMETRIC_REPRESENTATION_CONTEXT(2) 
PARAMETRIC_REPRESENTATION_CONTEXT() REPRESENTATION_CONTEXT('2D SPACE',''
  ) );
#6504 = PCURVE('',#3442,#6505);
#6505 = DEFINITIONAL_REPRESENTATION('',(#6506),#6510);
#6506 = LINE('',#6507,#6508);
#6507 = CARTESIAN_POINT('',(0.,-6.1E-02));
#6508 = VECTOR('',#6509,1.);
#6509 = DIRECTION('',(1.,0.));
#6510 = ( GEOMETRIC_REPRESENTATION_CONTEXT(2) 
PARAMETRIC_REPRESENTATION_CONTEXT() REPRESENTATION_CONTEXT('2D SPACE',''
  ) );
#6511 = ORIENTED_EDGE('',*,*,#6512,.T.);
#6512 = EDGE_CURVE('',#6490,#6513,#6515,.T.);
#6513 = VERTEX_POINT('',#6514);
#6514 = CARTESIAN_POINT('',(10.559664076242,7.055741959349,4.3E-02));
#6515 = SURFACE_CURVE('',#6516,(#6520,#6527),.PCURVE_S1.);
#6516 = LINE('',#6517,#6518);
#6517 = CARTESIAN_POINT('',(10.200735649804,7.565381167054,4.3E-02));
#6518 = VECTOR('',#6519,1.);
#6519 = DIRECTION('',(0.575808191418,-0.817584813152,0.));
#6520 = PCURVE('',#72,#6521);
#6521 = DEFINITIONAL_REPRESENTATION('',(#6522),#6526);
#6522 = LINE('',#6523,#6524);
#6523 = CARTESIAN_POINT('',(-10.2007356498,7.565381167054));
#6524 = VECTOR('',#6525,1.);
#6525 = DIRECTION('',(-0.575808191418,-0.817584813152));
#6526 = ( GEOMETRIC_REPRESENTATION_CONTEXT(2) 
PARAMETRIC_REPRESENTATION_CONTEXT() REPRESENTATION_CONTEXT('2D SPACE',''
  ) );
#6527 = PCURVE('',#3470,#6528);
#6528 = DEFINITIONAL_REPRESENTATION('',(#6529),#6533);
#6529 = LINE('',#6530,#6531);
#6530 = CARTESIAN_POINT('',(0.,-6.1E-02));
#6531 = VECTOR('',#6532,1.);
#6532 = DIRECTION('',(1.,0.));
#6533 = ( GEOMETRIC_REPRESENTATION_CONTEXT(2) 
PARAMETRIC_REPRESENTATION_CONTEXT() REPRESENTATION_CONTEXT('2D SPACE',''
  ) );
#6534 = ORIENTED_EDGE('',*,*,#6535,.T.);
#6535 = EDGE_CURVE('',#6513,#6536,#6538,.T.);
#6536 = VERTEX_POINT('',#6537);
#6537 = CARTESIAN_POINT('',(10.893153347003,6.529104851254,4.3E-02));
#6538 = SURFACE_CURVE('',#6539,(#6543,#6550),.PCURVE_S1.);
#6539 = LINE('',#6540,#6541);
#6540 = CARTESIAN_POINT('',(10.559664076242,7.055741959349,4.3E-02));
#6541 = VECTOR('',#6542,1.);
#6542 = DIRECTION('',(0.534997619887,-0.84485356525,0.));
#6543 = PCURVE('',#72,#6544);
#6544 = DEFINITIONAL_REPRESENTATION('',(#6545),#6549);
#6545 = LINE('',#6546,#6547);
#6546 = CARTESIAN_POINT('',(-10.55966407624,7.055741959349));
#6547 = VECTOR('',#6548,1.);
#6548 = DIRECTION('',(-0.534997619887,-0.84485356525));
#6549 = ( GEOMETRIC_REPRESENTATION_CONTEXT(2) 
PARAMETRIC_REPRESENTATION_CONTEXT() REPRESENTATION_CONTEXT('2D SPACE',''
  ) );
#6550 = PCURVE('',#3498,#6551);
#6551 = DEFINITIONAL_REPRESENTATION('',(#6552),#6556);
#6552 = LINE('',#6553,#6554);
#6553 = CARTESIAN_POINT('',(0.,-6.1E-02));
#6554 = VECTOR('',#6555,1.);
#6555 = DIRECTION('',(1.,0.));
#6556 = ( GEOMETRIC_REPRESENTATION_CONTEXT(2) 
PARAMETRIC_REPRESENTATION_CONTEXT() REPRESENTATION_CONTEXT('2D SPACE',''
  ) );
#6557 = ORIENTED_EDGE('',*,*,#6558,.T.);
#6558 = EDGE_CURVE('',#6536,#6559,#6561,.T.);
#6559 = VERTEX_POINT('',#6560);
#6560 = CARTESIAN_POINT('',(11.200400057224,5.98673855769,4.3E-02));
#6561 = SURFACE_CURVE('',#6562,(#6566,#6573),.PCURVE_S1.);
#6562 = LINE('',#6563,#6564);
#6563 = CARTESIAN_POINT('',(10.893153347003,6.529104851254,4.3E-02));
#6564 = VECTOR('',#6565,1.);
#6565 = DIRECTION('',(0.49289819223,-0.870086991109,0.));
#6566 = PCURVE('',#72,#6567);
#6567 = DEFINITIONAL_REPRESENTATION('',(#6568),#6572);
#6568 = LINE('',#6569,#6570);
#6569 = CARTESIAN_POINT('',(-10.893153347,6.529104851254));
#6570 = VECTOR('',#6571,1.);
#6571 = DIRECTION('',(-0.49289819223,-0.870086991109));
#6572 = ( GEOMETRIC_REPRESENTATION_CONTEXT(2) 
PARAMETRIC_REPRESENTATION_CONTEXT() REPRESENTATION_CONTEXT('2D SPACE',''
  ) );
#6573 = PCURVE('',#3526,#6574);
#6574 = DEFINITIONAL_REPRESENTATION('',(#6575),#6579);
#6575 = LINE('',#6576,#6577);
#6576 = CARTESIAN_POINT('',(0.,-6.1E-02));
#6577 = VECTOR('',#6578,1.);
#6578 = DIRECTION('',(1.,0.));
#6579 = ( GEOMETRIC_REPRESENTATION_CONTEXT(2) 
PARAMETRIC_REPRESENTATION_CONTEXT() REPRESENTATION_CONTEXT('2D SPACE',''
  ) );
#6580 = ORIENTED_EDGE('',*,*,#6581,.T.);
#6581 = EDGE_CURVE('',#6559,#6582,#6584,.T.);
#6582 = VERTEX_POINT('',#6583);
#6583 = CARTESIAN_POINT('',(11.480664022668,5.429949686565,4.3E-02));
#6584 = SURFACE_CURVE('',#6585,(#6589,#6596),.PCURVE_S1.);
#6585 = LINE('',#6586,#6587);
#6586 = CARTESIAN_POINT('',(11.200400057224,5.98673855769,4.3E-02));
#6587 = VECTOR('',#6588,1.);
#6588 = DIRECTION('',(0.449611329655,-0.893224301196,0.));
#6589 = PCURVE('',#72,#6590);
#6590 = DEFINITIONAL_REPRESENTATION('',(#6591),#6595);
#6591 = LINE('',#6592,#6593);
#6592 = CARTESIAN_POINT('',(-11.20040005722,5.98673855769));
#6593 = VECTOR('',#6594,1.);
#6594 = DIRECTION('',(-0.449611329655,-0.893224301196));
#6595 = ( GEOMETRIC_REPRESENTATION_CONTEXT(2) 
PARAMETRIC_REPRESENTATION_CONTEXT() REPRESENTATION_CONTEXT('2D SPACE',''
  ) );
#6596 = PCURVE('',#3554,#6597);
#6597 = DEFINITIONAL_REPRESENTATION('',(#6598),#6602);
#6598 = LINE('',#6599,#6600);
#6599 = CARTESIAN_POINT('',(0.,-6.1E-02));
#6600 = VECTOR('',#6601,1.);
#6601 = DIRECTION('',(1.,0.));
#6602 = ( GEOMETRIC_REPRESENTATION_CONTEXT(2) 
PARAMETRIC_REPRESENTATION_CONTEXT() REPRESENTATION_CONTEXT('2D SPACE',''
  ) );
#6603 = ORIENTED_EDGE('',*,*,#6604,.T.);
#6604 = EDGE_CURVE('',#6582,#6605,#6607,.T.);
#6605 = VERTEX_POINT('',#6606);
#6606 = CARTESIAN_POINT('',(11.733270062893,4.860079591037,4.3E-02));
#6607 = SURFACE_CURVE('',#6608,(#6612,#6619),.PCURVE_S1.);
#6608 = LINE('',#6609,#6610);
#6609 = CARTESIAN_POINT('',(11.480664022668,5.429949686565,4.3E-02));
#6610 = VECTOR('',#6611,1.);
#6611 = DIRECTION('',(0.405241314005,-0.914209755704,0.));
#6612 = PCURVE('',#72,#6613);
#6613 = DEFINITIONAL_REPRESENTATION('',(#6614),#6618);
#6614 = LINE('',#6615,#6616);
#6615 = CARTESIAN_POINT('',(-11.48066402266,5.429949686565));
#6616 = VECTOR('',#6617,1.);
#6617 = DIRECTION('',(-0.405241314005,-0.914209755704));
#6618 = ( GEOMETRIC_REPRESENTATION_CONTEXT(2) 
PARAMETRIC_REPRESENTATION_CONTEXT() REPRESENTATION_CONTEXT('2D SPACE',''
  ) );
#6619 = PCURVE('',#3582,#6620);
#6620 = DEFINITIONAL_REPRESENTATION('',(#6621),#6625);
#6621 = LINE('',#6622,#6623);
#6622 = CARTESIAN_POINT('',(0.,-6.1E-02));
#6623 = VECTOR('',#6624,1.);
#6624 = DIRECTION('',(1.,0.));
#6625 = ( GEOMETRIC_REPRESENTATION_CONTEXT(2) 
PARAMETRIC_REPRESENTATION_CONTEXT() REPRESENTATION_CONTEXT('2D SPACE',''
  ) );
#6626 = ORIENTED_EDGE('',*,*,#6627,.T.);
#6627 = EDGE_CURVE('',#6605,#6628,#6630,.T.);
#6628 = VERTEX_POINT('',#6629);
#6629 = CARTESIAN_POINT('',(11.957609627824,4.278501138081,4.3E-02));
#6630 = SURFACE_CURVE('',#6631,(#6635,#6642),.PCURVE_S1.);
#6631 = LINE('',#6632,#6633);
#6632 = CARTESIAN_POINT('',(11.733270062893,4.860079591037,4.3E-02));
#6633 = VECTOR('',#6634,1.);
#6634 = DIRECTION('',(0.359895036535,-0.932992798835,0.));
#6635 = PCURVE('',#72,#6636);
#6636 = DEFINITIONAL_REPRESENTATION('',(#6637),#6641);
#6637 = LINE('',#6638,#6639);
#6638 = CARTESIAN_POINT('',(-11.73327006289,4.860079591037));
#6639 = VECTOR('',#6640,1.);
#6640 = DIRECTION('',(-0.359895036535,-0.932992798835));
#6641 = ( GEOMETRIC_REPRESENTATION_CONTEXT(2) 
PARAMETRIC_REPRESENTATION_CONTEXT() REPRESENTATION_CONTEXT('2D SPACE',''
  ) );
#6642 = PCURVE('',#3610,#6643);
#6643 = DEFINITIONAL_REPRESENTATION('',(#6644),#6648);
#6644 = LINE('',#6645,#6646);
#6645 = CARTESIAN_POINT('',(0.,-6.1E-02));
#6646 = VECTOR('',#6647,1.);
#6647 = DIRECTION('',(1.,0.));
#6648 = ( GEOMETRIC_REPRESENTATION_CONTEXT(2) 
PARAMETRIC_REPRESENTATION_CONTEXT() REPRESENTATION_CONTEXT('2D SPACE',''
  ) );
#6649 = ORIENTED_EDGE('',*,*,#6650,.T.);
#6650 = EDGE_CURVE('',#6628,#6651,#6653,.T.);
#6651 = VERTEX_POINT('',#6652);
#6652 = CARTESIAN_POINT('',(12.153142263799,3.686615401132,4.3E-02));
#6653 = SURFACE_CURVE('',#6654,(#6658,#6665),.PCURVE_S1.);
#6654 = LINE('',#6655,#6656);
#6655 = CARTESIAN_POINT('',(11.957609627824,4.278501138081,4.3E-02));
#6656 = VECTOR('',#6657,1.);
#6657 = DIRECTION('',(0.313681740399,-0.949528180593,0.));
#6658 = PCURVE('',#72,#6659);
#6659 = DEFINITIONAL_REPRESENTATION('',(#6660),#6664);
#6660 = LINE('',#6661,#6662);
#6661 = CARTESIAN_POINT('',(-11.95760962782,4.278501138081));
#6662 = VECTOR('',#6663,1.);
#6663 = DIRECTION('',(-0.313681740399,-0.949528180593));
#6664 = ( GEOMETRIC_REPRESENTATION_CONTEXT(2) 
PARAMETRIC_REPRESENTATION_CONTEXT() REPRESENTATION_CONTEXT('2D SPACE',''
  ) );
#6665 = PCURVE('',#3638,#6666);
#6666 = DEFINITIONAL_REPRESENTATION('',(#6667),#6671);
#6667 = LINE('',#6668,#6669);
#6668 = CARTESIAN_POINT('',(0.,-6.1E-02));
#6669 = VECTOR('',#6670,1.);
#6670 = DIRECTION('',(1.,0.));
#6671 = ( GEOMETRIC_REPRESENTATION_CONTEXT(2) 
PARAMETRIC_REPRESENTATION_CONTEXT() REPRESENTATION_CONTEXT('2D SPACE',''
  ) );
#6672 = ORIENTED_EDGE('',*,*,#6673,.T.);
#6673 = EDGE_CURVE('',#6651,#6674,#6676,.T.);
#6674 = VERTEX_POINT('',#6675);
#6675 = CARTESIAN_POINT('',(12.319396915571,3.085848284771,4.3E-02));
#6676 = SURFACE_CURVE('',#6677,(#6681,#6688),.PCURVE_S1.);
#6677 = LINE('',#6678,#6679);
#6678 = CARTESIAN_POINT('',(12.153142263799,3.686615401132,4.3E-02));
#6679 = VECTOR('',#6680,1.);
#6680 = DIRECTION('',(0.266712757475,-0.963776065795,0.));
#6681 = PCURVE('',#72,#6682);
#6682 = DEFINITIONAL_REPRESENTATION('',(#6683),#6687);
#6683 = LINE('',#6684,#6685);
#6684 = CARTESIAN_POINT('',(-12.15314226379,3.686615401132));
#6685 = VECTOR('',#6686,1.);
#6686 = DIRECTION('',(-0.266712757475,-0.963776065795));
#6687 = ( GEOMETRIC_REPRESENTATION_CONTEXT(2) 
PARAMETRIC_REPRESENTATION_CONTEXT() REPRESENTATION_CONTEXT('2D SPACE',''
  ) );
#6688 = PCURVE('',#3666,#6689);
#6689 = DEFINITIONAL_REPRESENTATION('',(#6690),#6694);
#6690 = LINE('',#6691,#6692);
#6691 = CARTESIAN_POINT('',(0.,-6.1E-02));
#6692 = VECTOR('',#6693,1.);
#6693 = DIRECTION('',(1.,0.));
#6694 = ( GEOMETRIC_REPRESENTATION_CONTEXT(2) 
PARAMETRIC_REPRESENTATION_CONTEXT() REPRESENTATION_CONTEXT('2D SPACE',''
  ) );
#6695 = ORIENTED_EDGE('',*,*,#6696,.T.);
#6696 = EDGE_CURVE('',#6674,#6697,#6699,.T.);
#6697 = VERTEX_POINT('',#6698);
#6698 = CARTESIAN_POINT('',(12.455973061121,2.477647089605,4.3E-02));
#6699 = SURFACE_CURVE('',#6700,(#6704,#6711),.PCURVE_S1.);
#6700 = LINE('',#6701,#6702);
#6701 = CARTESIAN_POINT('',(12.319396915571,3.085848284771,4.3E-02));
#6702 = VECTOR('',#6703,1.);
#6703 = DIRECTION('',(0.219101240157,-0.975702130039,0.));
#6704 = PCURVE('',#72,#6705);
#6705 = DEFINITIONAL_REPRESENTATION('',(#6706),#6710);
#6706 = LINE('',#6707,#6708);
#6707 = CARTESIAN_POINT('',(-12.31939691557,3.085848284771));
#6708 = VECTOR('',#6709,1.);
#6709 = DIRECTION('',(-0.219101240157,-0.975702130039));
#6710 = ( GEOMETRIC_REPRESENTATION_CONTEXT(2) 
PARAMETRIC_REPRESENTATION_CONTEXT() REPRESENTATION_CONTEXT('2D SPACE',''
  ) );
#6711 = PCURVE('',#3694,#6712);
#6712 = DEFINITIONAL_REPRESENTATION('',(#6713),#6717);
#6713 = LINE('',#6714,#6715);
#6714 = CARTESIAN_POINT('',(0.,-6.1E-02));
#6715 = VECTOR('',#6716,1.);
#6716 = DIRECTION('',(1.,0.));
#6717 = ( GEOMETRIC_REPRESENTATION_CONTEXT(2) 
PARAMETRIC_REPRESENTATION_CONTEXT() REPRESENTATION_CONTEXT('2D SPACE',''
  ) );
#6718 = ORIENTED_EDGE('',*,*,#6719,.T.);
#6719 = EDGE_CURVE('',#6697,#6720,#6722,.T.);
#6720 = VERTEX_POINT('',#6721);
#6721 = CARTESIAN_POINT('',(12.562541676553,1.863477025583,4.3E-02));
#6722 = SURFACE_CURVE('',#6723,(#6727,#6734),.PCURVE_S1.);
#6723 = LINE('',#6724,#6725);
#6724 = CARTESIAN_POINT('',(12.455973061121,2.477647089605,4.3E-02));
#6725 = VECTOR('',#6726,1.);
#6726 = DIRECTION('',(0.17096188876,-0.985277642389,0.));
#6727 = PCURVE('',#72,#6728);
#6728 = DEFINITIONAL_REPRESENTATION('',(#6729),#6733);
#6729 = LINE('',#6730,#6731);
#6730 = CARTESIAN_POINT('',(-12.45597306112,2.477647089605));
#6731 = VECTOR('',#6732,1.);
#6732 = DIRECTION('',(-0.17096188876,-0.985277642389));
#6733 = ( GEOMETRIC_REPRESENTATION_CONTEXT(2) 
PARAMETRIC_REPRESENTATION_CONTEXT() REPRESENTATION_CONTEXT('2D SPACE',''
  ) );
#6734 = PCURVE('',#3722,#6735);
#6735 = DEFINITIONAL_REPRESENTATION('',(#6736),#6740);
#6736 = LINE('',#6737,#6738);
#6737 = CARTESIAN_POINT('',(0.,-6.1E-02));
#6738 = VECTOR('',#6739,1.);
#6739 = DIRECTION('',(1.,0.));
#6740 = ( GEOMETRIC_REPRESENTATION_CONTEXT(2) 
PARAMETRIC_REPRESENTATION_CONTEXT() REPRESENTATION_CONTEXT('2D SPACE',''
  ) );
#6741 = ORIENTED_EDGE('',*,*,#6742,.T.);
#6742 = EDGE_CURVE('',#6720,#6743,#6745,.T.);
#6743 = VERTEX_POINT('',#6744);
#6744 = CARTESIAN_POINT('',(12.638846028737,1.244817682185,4.3E-02));
#6745 = SURFACE_CURVE('',#6746,(#6750,#6757),.PCURVE_S1.);
#6746 = LINE('',#6747,#6748);
#6747 = CARTESIAN_POINT('',(12.562541676553,1.863477025583,4.3E-02));
#6748 = VECTOR('',#6749,1.);
#6749 = DIRECTION('',(0.122410675199,-0.992479534599,0.));
#6750 = PCURVE('',#72,#6751);
#6751 = DEFINITIONAL_REPRESENTATION('',(#6752),#6756);
#6752 = LINE('',#6753,#6754);
#6753 = CARTESIAN_POINT('',(-12.56254167655,1.863477025583));
#6754 = VECTOR('',#6755,1.);
#6755 = DIRECTION('',(-0.122410675199,-0.992479534599));
#6756 = ( GEOMETRIC_REPRESENTATION_CONTEXT(2) 
PARAMETRIC_REPRESENTATION_CONTEXT() REPRESENTATION_CONTEXT('2D SPACE',''
  ) );
#6757 = PCURVE('',#3750,#6758);
#6758 = DEFINITIONAL_REPRESENTATION('',(#6759),#6763);
#6759 = LINE('',#6760,#6761);
#6760 = CARTESIAN_POINT('',(0.,-6.1E-02));
#6761 = VECTOR('',#6762,1.);
#6762 = DIRECTION('',(1.,0.));
#6763 = ( GEOMETRIC_REPRESENTATION_CONTEXT(2) 
PARAMETRIC_REPRESENTATION_CONTEXT() REPRESENTATION_CONTEXT('2D SPACE',''
  ) );
#6764 = ORIENTED_EDGE('',*,*,#6765,.T.);
#6765 = EDGE_CURVE('',#6743,#144,#6766,.T.);
#6766 = SURFACE_CURVE('',#6767,(#6771,#6778),.PCURVE_S1.);
#6767 = LINE('',#6768,#6769);
#6768 = CARTESIAN_POINT('',(12.638846028737,1.244817682185,4.3E-02));
#6769 = VECTOR('',#6770,1.);
#6770 = DIRECTION('',(7.356456359967E-02,-0.997290456679,0.));
#6771 = PCURVE('',#72,#6772);
#6772 = DEFINITIONAL_REPRESENTATION('',(#6773),#6777);
#6773 = LINE('',#6774,#6775);
#6774 = CARTESIAN_POINT('',(-12.63884602873,1.244817682185));
#6775 = VECTOR('',#6776,1.);
#6776 = DIRECTION('',(-7.356456359967E-02,-0.997290456679));
#6777 = ( GEOMETRIC_REPRESENTATION_CONTEXT(2) 
PARAMETRIC_REPRESENTATION_CONTEXT() REPRESENTATION_CONTEXT('2D SPACE',''
  ) );
#6778 = PCURVE('',#159,#6779);
#6779 = DEFINITIONAL_REPRESENTATION('',(#6780),#6784);
#6780 = LINE('',#6781,#6782);
#6781 = CARTESIAN_POINT('',(0.,-6.1E-02));
#6782 = VECTOR('',#6783,1.);
#6783 = DIRECTION('',(1.,0.));
#6784 = ( GEOMETRIC_REPRESENTATION_CONTEXT(2) 
PARAMETRIC_REPRESENTATION_CONTEXT() REPRESENTATION_CONTEXT('2D SPACE',''
  ) );
#6785 = ORIENTED_EDGE('',*,*,#171,.T.);
#6786 = FACE_BOUND('',#6787,.F.);
#6787 = EDGE_LOOP('',(#6788));
#6788 = ORIENTED_EDGE('',*,*,#6789,.F.);
#6789 = EDGE_CURVE('',#6790,#6790,#6792,.T.);
#6790 = VERTEX_POINT('',#6791);
#6791 = CARTESIAN_POINT('',(3.829371405923,-8.693332436602,4.3E-02));
#6792 = SURFACE_CURVE('',#6793,(#6798,#6805),.PCURVE_S1.);
#6793 = CIRCLE('',#6794,1.5);
#6794 = AXIS2_PLACEMENT_3D('',#6795,#6796,#6797);
#6795 = CARTESIAN_POINT('',(2.329371405923,-8.693332436602,4.3E-02));
#6796 = DIRECTION('',(0.,0.,-1.));
#6797 = DIRECTION('',(1.,0.,0.));
#6798 = PCURVE('',#72,#6799);
#6799 = DEFINITIONAL_REPRESENTATION('',(#6800),#6804);
#6800 = CIRCLE('',#6801,1.5);
#6801 = AXIS2_PLACEMENT_2D('',#6802,#6803);
#6802 = CARTESIAN_POINT('',(-2.329371405923,-8.693332436602));
#6803 = DIRECTION('',(-1.,0.));
#6804 = ( GEOMETRIC_REPRESENTATION_CONTEXT(2) 
PARAMETRIC_REPRESENTATION_CONTEXT() REPRESENTATION_CONTEXT('2D SPACE',''
  ) );
#6805 = PCURVE('',#3803,#6806);
#6806 = DEFINITIONAL_REPRESENTATION('',(#6807),#6811);
#6807 = LINE('',#6808,#6809);
#6808 = CARTESIAN_POINT('',(-6.28318530718,-0.111));
#6809 = VECTOR('',#6810,1.);
#6810 = DIRECTION('',(1.,-0.));
#6811 = ( GEOMETRIC_REPRESENTATION_CONTEXT(2) 
PARAMETRIC_REPRESENTATION_CONTEXT() REPRESENTATION_CONTEXT('2D SPACE',''
  ) );
#6812 = FACE_BOUND('',#6813,.F.);
#6813 = EDGE_LOOP('',(#6814));
#6814 = ORIENTED_EDGE('',*,*,#6815,.F.);
#6815 = EDGE_CURVE('',#6816,#6816,#6818,.T.);
#6816 = VERTEX_POINT('',#6817);
#6817 = CARTESIAN_POINT('',(-7.193332436602,-2.329371405923,4.3E-02));
#6818 = SURFACE_CURVE('',#6819,(#6824,#6831),.PCURVE_S1.);
#6819 = CIRCLE('',#6820,1.5);
#6820 = AXIS2_PLACEMENT_3D('',#6821,#6822,#6823);
#6821 = CARTESIAN_POINT('',(-8.693332436602,-2.329371405923,4.3E-02));
#6822 = DIRECTION('',(0.,0.,-1.));
#6823 = DIRECTION('',(1.,0.,0.));
#6824 = PCURVE('',#72,#6825);
#6825 = DEFINITIONAL_REPRESENTATION('',(#6826),#6830);
#6826 = CIRCLE('',#6827,1.5);
#6827 = AXIS2_PLACEMENT_2D('',#6828,#6829);
#6828 = CARTESIAN_POINT('',(8.693332436602,-2.329371405923));
#6829 = DIRECTION('',(-1.,0.));
#6830 = ( GEOMETRIC_REPRESENTATION_CONTEXT(2) 
PARAMETRIC_REPRESENTATION_CONTEXT() REPRESENTATION_CONTEXT('2D SPACE',''
  ) );
#6831 = PCURVE('',#3834,#6832);
#6832 = DEFINITIONAL_REPRESENTATION('',(#6833),#6837);
#6833 = LINE('',#6834,#6835);
#6834 = CARTESIAN_POINT('',(-6.28318530718,-0.111));
#6835 = VECTOR('',#6836,1.);
#6836 = DIRECTION('',(1.,-0.));
#6837 = ( GEOMETRIC_REPRESENTATION_CONTEXT(2) 
PARAMETRIC_REPRESENTATION_CONTEXT() REPRESENTATION_CONTEXT('2D SPACE',''
  ) );
#6838 = FACE_BOUND('',#6839,.F.);
#6839 = EDGE_LOOP('',(#6840));
#6840 = ORIENTED_EDGE('',*,*,#6841,.F.);
#6841 = EDGE_CURVE('',#6842,#6842,#6844,.T.);
#6842 = VERTEX_POINT('',#6843);
#6843 = CARTESIAN_POINT('',(10.193332436602,2.329371405923,4.3E-02));
#6844 = SURFACE_CURVE('',#6845,(#6850,#6857),.PCURVE_S1.);
#6845 = CIRCLE('',#6846,1.5);
#6846 = AXIS2_PLACEMENT_3D('',#6847,#6848,#6849);
#6847 = CARTESIAN_POINT('',(8.693332436602,2.329371405923,4.3E-02));
#6848 = DIRECTION('',(0.,0.,-1.));
#6849 = DIRECTION('',(1.,0.,0.));
#6850 = PCURVE('',#72,#6851);
#6851 = DEFINITIONAL_REPRESENTATION('',(#6852),#6856);
#6852 = CIRCLE('',#6853,1.5);
#6853 = AXIS2_PLACEMENT_2D('',#6854,#6855);
#6854 = CARTESIAN_POINT('',(-8.693332436602,2.329371405923));
#6855 = DIRECTION('',(-1.,0.));
#6856 = ( GEOMETRIC_REPRESENTATION_CONTEXT(2) 
PARAMETRIC_REPRESENTATION_CONTEXT() REPRESENTATION_CONTEXT('2D SPACE',''
  ) );
#6857 = PCURVE('',#3865,#6858);
#6858 = DEFINITIONAL_REPRESENTATION('',(#6859),#6863);
#6859 = LINE('',#6860,#6861);
#6860 = CARTESIAN_POINT('',(-6.28318530718,-0.111));
#6861 = VECTOR('',#6862,1.);
#6862 = DIRECTION('',(1.,-0.));
#6863 = ( GEOMETRIC_REPRESENTATION_CONTEXT(2) 
PARAMETRIC_REPRESENTATION_CONTEXT() REPRESENTATION_CONTEXT('2D SPACE',''
  ) );
#6864 = FACE_BOUND('',#6865,.F.);
#6865 = EDGE_LOOP('',(#6866));
#6866 = ORIENTED_EDGE('',*,*,#6867,.F.);
#6867 = EDGE_CURVE('',#6868,#6868,#6870,.T.);
#6868 = VERTEX_POINT('',#6869);
#6869 = CARTESIAN_POINT('',(-0.829371405923,8.693332436602,4.3E-02));
#6870 = SURFACE_CURVE('',#6871,(#6876,#6883),.PCURVE_S1.);
#6871 = CIRCLE('',#6872,1.5);
#6872 = AXIS2_PLACEMENT_3D('',#6873,#6874,#6875);
#6873 = CARTESIAN_POINT('',(-2.329371405923,8.693332436602,4.3E-02));
#6874 = DIRECTION('',(0.,0.,-1.));
#6875 = DIRECTION('',(1.,0.,0.));
#6876 = PCURVE('',#72,#6877);
#6877 = DEFINITIONAL_REPRESENTATION('',(#6878),#6882);
#6878 = CIRCLE('',#6879,1.5);
#6879 = AXIS2_PLACEMENT_2D('',#6880,#6881);
#6880 = CARTESIAN_POINT('',(2.329371405923,8.693332436602));
#6881 = DIRECTION('',(-1.,0.));
#6882 = ( GEOMETRIC_REPRESENTATION_CONTEXT(2) 
PARAMETRIC_REPRESENTATION_CONTEXT() REPRESENTATION_CONTEXT('2D SPACE',''
  ) );
#6883 = PCURVE('',#3896,#6884);
#6884 = DEFINITIONAL_REPRESENTATION('',(#6885),#6889);
#6885 = LINE('',#6886,#6887);
#6886 = CARTESIAN_POINT('',(-6.28318530718,-0.111));
#6887 = VECTOR('',#6888,1.);
#6888 = DIRECTION('',(1.,-0.));
#6889 = ( GEOMETRIC_REPRESENTATION_CONTEXT(2) 
PARAMETRIC_REPRESENTATION_CONTEXT() REPRESENTATION_CONTEXT('2D SPACE',''
  ) );
#6890 = ADVANCED_FACE('',(#6891),#159,.T.);
#6891 = FACE_BOUND('',#6892,.T.);
#6892 = EDGE_LOOP('',(#6893,#6914,#6915,#6916));
#6893 = ORIENTED_EDGE('',*,*,#6894,.T.);
#6894 = EDGE_CURVE('',#3735,#6743,#6895,.T.);
#6895 = SURFACE_CURVE('',#6896,(#6900,#6907),.PCURVE_S1.);
#6896 = LINE('',#6897,#6898);
#6897 = CARTESIAN_POINT('',(12.638846028737,1.244817682185,-1.8E-02));
#6898 = VECTOR('',#6899,1.);
#6899 = DIRECTION('',(0.,0.,1.));
#6900 = PCURVE('',#159,#6901);
#6901 = DEFINITIONAL_REPRESENTATION('',(#6902),#6906);
#6902 = LINE('',#6903,#6904);
#6903 = CARTESIAN_POINT('',(0.,0.));
#6904 = VECTOR('',#6905,1.);
#6905 = DIRECTION('',(0.,-1.));
#6906 = ( GEOMETRIC_REPRESENTATION_CONTEXT(2) 
PARAMETRIC_REPRESENTATION_CONTEXT() REPRESENTATION_CONTEXT('2D SPACE',''
  ) );
#6907 = PCURVE('',#3750,#6908);
#6908 = DEFINITIONAL_REPRESENTATION('',(#6909),#6913);
#6909 = LINE('',#6910,#6911);
#6910 = CARTESIAN_POINT('',(0.623347204482,0.));
#6911 = VECTOR('',#6912,1.);
#6912 = DIRECTION('',(0.,-1.));
#6913 = ( GEOMETRIC_REPRESENTATION_CONTEXT(2) 
PARAMETRIC_REPRESENTATION_CONTEXT() REPRESENTATION_CONTEXT('2D SPACE',''
  ) );
#6914 = ORIENTED_EDGE('',*,*,#6765,.T.);
#6915 = ORIENTED_EDGE('',*,*,#141,.F.);
#6916 = ORIENTED_EDGE('',*,*,#3762,.F.);
#6917 = ADVANCED_FACE('',(#6918),#257,.T.);
#6918 = FACE_BOUND('',#6919,.T.);
#6919 = EDGE_LOOP('',(#6920,#6921,#6922,#6943));
#6920 = ORIENTED_EDGE('',*,*,#241,.T.);
#6921 = ORIENTED_EDGE('',*,*,#3913,.T.);
#6922 = ORIENTED_EDGE('',*,*,#6923,.F.);
#6923 = EDGE_CURVE('',#296,#3914,#6924,.T.);
#6924 = SURFACE_CURVE('',#6925,(#6929,#6936),.PCURVE_S1.);
#6925 = LINE('',#6926,#6927);
#6926 = CARTESIAN_POINT('',(12.562541676553,-1.863477025583,-1.8E-02));
#6927 = VECTOR('',#6928,1.);
#6928 = DIRECTION('',(0.,0.,1.));
#6929 = PCURVE('',#257,#6930);
#6930 = DEFINITIONAL_REPRESENTATION('',(#6931),#6935);
#6931 = LINE('',#6932,#6933);
#6932 = CARTESIAN_POINT('',(0.623347204482,0.));
#6933 = VECTOR('',#6934,1.);
#6934 = DIRECTION('',(0.,-1.));
#6935 = ( GEOMETRIC_REPRESENTATION_CONTEXT(2) 
PARAMETRIC_REPRESENTATION_CONTEXT() REPRESENTATION_CONTEXT('2D SPACE',''
  ) );
#6936 = PCURVE('',#334,#6937);
#6937 = DEFINITIONAL_REPRESENTATION('',(#6938),#6942);
#6938 = LINE('',#6939,#6940);
#6939 = CARTESIAN_POINT('',(0.,0.));
#6940 = VECTOR('',#6941,1.);
#6941 = DIRECTION('',(0.,-1.));
#6942 = ( GEOMETRIC_REPRESENTATION_CONTEXT(2) 
PARAMETRIC_REPRESENTATION_CONTEXT() REPRESENTATION_CONTEXT('2D SPACE',''
  ) );
#6943 = ORIENTED_EDGE('',*,*,#295,.F.);
#6944 = ADVANCED_FACE('',(#6945),#3750,.T.);
#6945 = FACE_BOUND('',#6946,.T.);
#6946 = EDGE_LOOP('',(#6947,#6968,#6969,#6970));
#6947 = ORIENTED_EDGE('',*,*,#6948,.T.);
#6948 = EDGE_CURVE('',#3707,#6720,#6949,.T.);
#6949 = SURFACE_CURVE('',#6950,(#6954,#6961),.PCURVE_S1.);
#6950 = LINE('',#6951,#6952);
#6951 = CARTESIAN_POINT('',(12.562541676553,1.863477025583,-1.8E-02));
#6952 = VECTOR('',#6953,1.);
#6953 = DIRECTION('',(0.,0.,1.));
#6954 = PCURVE('',#3750,#6955);
#6955 = DEFINITIONAL_REPRESENTATION('',(#6956),#6960);
#6956 = LINE('',#6957,#6958);
#6957 = CARTESIAN_POINT('',(0.,0.));
#6958 = VECTOR('',#6959,1.);
#6959 = DIRECTION('',(0.,-1.));
#6960 = ( GEOMETRIC_REPRESENTATION_CONTEXT(2) 
PARAMETRIC_REPRESENTATION_CONTEXT() REPRESENTATION_CONTEXT('2D SPACE',''
  ) );
#6961 = PCURVE('',#3722,#6962);
#6962 = DEFINITIONAL_REPRESENTATION('',(#6963),#6967);
#6963 = LINE('',#6964,#6965);
#6964 = CARTESIAN_POINT('',(0.623347204482,0.));
#6965 = VECTOR('',#6966,1.);
#6966 = DIRECTION('',(0.,-1.));
#6967 = ( GEOMETRIC_REPRESENTATION_CONTEXT(2) 
PARAMETRIC_REPRESENTATION_CONTEXT() REPRESENTATION_CONTEXT('2D SPACE',''
  ) );
#6968 = ORIENTED_EDGE('',*,*,#6742,.T.);
#6969 = ORIENTED_EDGE('',*,*,#6894,.F.);
#6970 = ORIENTED_EDGE('',*,*,#3734,.F.);
#6971 = ADVANCED_FACE('',(#6972),#334,.T.);
#6972 = FACE_BOUND('',#6973,.T.);
#6973 = EDGE_LOOP('',(#6974,#6975,#6976,#6997));
#6974 = ORIENTED_EDGE('',*,*,#6923,.T.);
#6975 = ORIENTED_EDGE('',*,*,#3936,.T.);
#6976 = ORIENTED_EDGE('',*,*,#6977,.F.);
#6977 = EDGE_CURVE('',#319,#3937,#6978,.T.);
#6978 = SURFACE_CURVE('',#6979,(#6983,#6990),.PCURVE_S1.);
#6979 = LINE('',#6980,#6981);
#6980 = CARTESIAN_POINT('',(12.455973061121,-2.477647089605,-1.8E-02));
#6981 = VECTOR('',#6982,1.);
#6982 = DIRECTION('',(0.,0.,1.));
#6983 = PCURVE('',#334,#6984);
#6984 = DEFINITIONAL_REPRESENTATION('',(#6985),#6989);
#6985 = LINE('',#6986,#6987);
#6986 = CARTESIAN_POINT('',(0.623347204482,0.));
#6987 = VECTOR('',#6988,1.);
#6988 = DIRECTION('',(0.,-1.));
#6989 = ( GEOMETRIC_REPRESENTATION_CONTEXT(2) 
PARAMETRIC_REPRESENTATION_CONTEXT() REPRESENTATION_CONTEXT('2D SPACE',''
  ) );
#6990 = PCURVE('',#362,#6991);
#6991 = DEFINITIONAL_REPRESENTATION('',(#6992),#6996);
#6992 = LINE('',#6993,#6994);
#6993 = CARTESIAN_POINT('',(0.,0.));
#6994 = VECTOR('',#6995,1.);
#6995 = DIRECTION('',(0.,-1.));
#6996 = ( GEOMETRIC_REPRESENTATION_CONTEXT(2) 
PARAMETRIC_REPRESENTATION_CONTEXT() REPRESENTATION_CONTEXT('2D SPACE',''
  ) );
#6997 = ORIENTED_EDGE('',*,*,#318,.F.);
#6998 = ADVANCED_FACE('',(#6999),#3722,.T.);
#6999 = FACE_BOUND('',#7000,.T.);
#7000 = EDGE_LOOP('',(#7001,#7022,#7023,#7024));
#7001 = ORIENTED_EDGE('',*,*,#7002,.T.);
#7002 = EDGE_CURVE('',#3679,#6697,#7003,.T.);
#7003 = SURFACE_CURVE('',#7004,(#7008,#7015),.PCURVE_S1.);
#7004 = LINE('',#7005,#7006);
#7005 = CARTESIAN_POINT('',(12.455973061121,2.477647089605,-1.8E-02));
#7006 = VECTOR('',#7007,1.);
#7007 = DIRECTION('',(0.,0.,1.));
#7008 = PCURVE('',#3722,#7009);
#7009 = DEFINITIONAL_REPRESENTATION('',(#7010),#7014);
#7010 = LINE('',#7011,#7012);
#7011 = CARTESIAN_POINT('',(0.,0.));
#7012 = VECTOR('',#7013,1.);
#7013 = DIRECTION('',(0.,-1.));
#7014 = ( GEOMETRIC_REPRESENTATION_CONTEXT(2) 
PARAMETRIC_REPRESENTATION_CONTEXT() REPRESENTATION_CONTEXT('2D SPACE',''
  ) );
#7015 = PCURVE('',#3694,#7016);
#7016 = DEFINITIONAL_REPRESENTATION('',(#7017),#7021);
#7017 = LINE('',#7018,#7019);
#7018 = CARTESIAN_POINT('',(0.623347204482,0.));
#7019 = VECTOR('',#7020,1.);
#7020 = DIRECTION('',(0.,-1.));
#7021 = ( GEOMETRIC_REPRESENTATION_CONTEXT(2) 
PARAMETRIC_REPRESENTATION_CONTEXT() REPRESENTATION_CONTEXT('2D SPACE',''
  ) );
#7022 = ORIENTED_EDGE('',*,*,#6719,.T.);
#7023 = ORIENTED_EDGE('',*,*,#6948,.F.);
#7024 = ORIENTED_EDGE('',*,*,#3706,.F.);
#7025 = ADVANCED_FACE('',(#7026),#362,.T.);
#7026 = FACE_BOUND('',#7027,.T.);
#7027 = EDGE_LOOP('',(#7028,#7029,#7030,#7051));
#7028 = ORIENTED_EDGE('',*,*,#6977,.T.);
#7029 = ORIENTED_EDGE('',*,*,#3959,.T.);
#7030 = ORIENTED_EDGE('',*,*,#7031,.F.);
#7031 = EDGE_CURVE('',#347,#3960,#7032,.T.);
#7032 = SURFACE_CURVE('',#7033,(#7037,#7044),.PCURVE_S1.);
#7033 = LINE('',#7034,#7035);
#7034 = CARTESIAN_POINT('',(12.319396915571,-3.085848284771,-1.8E-02));
#7035 = VECTOR('',#7036,1.);
#7036 = DIRECTION('',(0.,0.,1.));
#7037 = PCURVE('',#362,#7038);
#7038 = DEFINITIONAL_REPRESENTATION('',(#7039),#7043);
#7039 = LINE('',#7040,#7041);
#7040 = CARTESIAN_POINT('',(0.623347204482,0.));
#7041 = VECTOR('',#7042,1.);
#7042 = DIRECTION('',(0.,-1.));
#7043 = ( GEOMETRIC_REPRESENTATION_CONTEXT(2) 
PARAMETRIC_REPRESENTATION_CONTEXT() REPRESENTATION_CONTEXT('2D SPACE',''
  ) );
#7044 = PCURVE('',#390,#7045);
#7045 = DEFINITIONAL_REPRESENTATION('',(#7046),#7050);
#7046 = LINE('',#7047,#7048);
#7047 = CARTESIAN_POINT('',(0.,0.));
#7048 = VECTOR('',#7049,1.);
#7049 = DIRECTION('',(0.,-1.));
#7050 = ( GEOMETRIC_REPRESENTATION_CONTEXT(2) 
PARAMETRIC_REPRESENTATION_CONTEXT() REPRESENTATION_CONTEXT('2D SPACE',''
  ) );
#7051 = ORIENTED_EDGE('',*,*,#346,.F.);
#7052 = ADVANCED_FACE('',(#7053),#3694,.T.);
#7053 = FACE_BOUND('',#7054,.T.);
#7054 = EDGE_LOOP('',(#7055,#7076,#7077,#7078));
#7055 = ORIENTED_EDGE('',*,*,#7056,.T.);
#7056 = EDGE_CURVE('',#3651,#6674,#7057,.T.);
#7057 = SURFACE_CURVE('',#7058,(#7062,#7069),.PCURVE_S1.);
#7058 = LINE('',#7059,#7060);
#7059 = CARTESIAN_POINT('',(12.319396915571,3.085848284771,-1.8E-02));
#7060 = VECTOR('',#7061,1.);
#7061 = DIRECTION('',(0.,0.,1.));
#7062 = PCURVE('',#3694,#7063);
#7063 = DEFINITIONAL_REPRESENTATION('',(#7064),#7068);
#7064 = LINE('',#7065,#7066);
#7065 = CARTESIAN_POINT('',(0.,0.));
#7066 = VECTOR('',#7067,1.);
#7067 = DIRECTION('',(0.,-1.));
#7068 = ( GEOMETRIC_REPRESENTATION_CONTEXT(2) 
PARAMETRIC_REPRESENTATION_CONTEXT() REPRESENTATION_CONTEXT('2D SPACE',''
  ) );
#7069 = PCURVE('',#3666,#7070);
#7070 = DEFINITIONAL_REPRESENTATION('',(#7071),#7075);
#7071 = LINE('',#7072,#7073);
#7072 = CARTESIAN_POINT('',(0.623347204482,0.));
#7073 = VECTOR('',#7074,1.);
#7074 = DIRECTION('',(0.,-1.));
#7075 = ( GEOMETRIC_REPRESENTATION_CONTEXT(2) 
PARAMETRIC_REPRESENTATION_CONTEXT() REPRESENTATION_CONTEXT('2D SPACE',''
  ) );
#7076 = ORIENTED_EDGE('',*,*,#6696,.T.);
#7077 = ORIENTED_EDGE('',*,*,#7002,.F.);
#7078 = ORIENTED_EDGE('',*,*,#3678,.F.);
#7079 = ADVANCED_FACE('',(#7080),#390,.T.);
#7080 = FACE_BOUND('',#7081,.T.);
#7081 = EDGE_LOOP('',(#7082,#7083,#7084,#7105));
#7082 = ORIENTED_EDGE('',*,*,#7031,.T.);
#7083 = ORIENTED_EDGE('',*,*,#3982,.T.);
#7084 = ORIENTED_EDGE('',*,*,#7085,.F.);
#7085 = EDGE_CURVE('',#375,#3983,#7086,.T.);
#7086 = SURFACE_CURVE('',#7087,(#7091,#7098),.PCURVE_S1.);
#7087 = LINE('',#7088,#7089);
#7088 = CARTESIAN_POINT('',(12.153142263799,-3.686615401132,-1.8E-02));
#7089 = VECTOR('',#7090,1.);
#7090 = DIRECTION('',(0.,0.,1.));
#7091 = PCURVE('',#390,#7092);
#7092 = DEFINITIONAL_REPRESENTATION('',(#7093),#7097);
#7093 = LINE('',#7094,#7095);
#7094 = CARTESIAN_POINT('',(0.623347204482,0.));
#7095 = VECTOR('',#7096,1.);
#7096 = DIRECTION('',(0.,-1.));
#7097 = ( GEOMETRIC_REPRESENTATION_CONTEXT(2) 
PARAMETRIC_REPRESENTATION_CONTEXT() REPRESENTATION_CONTEXT('2D SPACE',''
  ) );
#7098 = PCURVE('',#418,#7099);
#7099 = DEFINITIONAL_REPRESENTATION('',(#7100),#7104);
#7100 = LINE('',#7101,#7102);
#7101 = CARTESIAN_POINT('',(0.,0.));
#7102 = VECTOR('',#7103,1.);
#7103 = DIRECTION('',(0.,-1.));
#7104 = ( GEOMETRIC_REPRESENTATION_CONTEXT(2) 
PARAMETRIC_REPRESENTATION_CONTEXT() REPRESENTATION_CONTEXT('2D SPACE',''
  ) );
#7105 = ORIENTED_EDGE('',*,*,#374,.F.);
#7106 = ADVANCED_FACE('',(#7107),#3666,.T.);
#7107 = FACE_BOUND('',#7108,.T.);
#7108 = EDGE_LOOP('',(#7109,#7130,#7131,#7132));
#7109 = ORIENTED_EDGE('',*,*,#7110,.T.);
#7110 = EDGE_CURVE('',#3623,#6651,#7111,.T.);
#7111 = SURFACE_CURVE('',#7112,(#7116,#7123),.PCURVE_S1.);
#7112 = LINE('',#7113,#7114);
#7113 = CARTESIAN_POINT('',(12.153142263799,3.686615401132,-1.8E-02));
#7114 = VECTOR('',#7115,1.);
#7115 = DIRECTION('',(0.,0.,1.));
#7116 = PCURVE('',#3666,#7117);
#7117 = DEFINITIONAL_REPRESENTATION('',(#7118),#7122);
#7118 = LINE('',#7119,#7120);
#7119 = CARTESIAN_POINT('',(0.,0.));
#7120 = VECTOR('',#7121,1.);
#7121 = DIRECTION('',(0.,-1.));
#7122 = ( GEOMETRIC_REPRESENTATION_CONTEXT(2) 
PARAMETRIC_REPRESENTATION_CONTEXT() REPRESENTATION_CONTEXT('2D SPACE',''
  ) );
#7123 = PCURVE('',#3638,#7124);
#7124 = DEFINITIONAL_REPRESENTATION('',(#7125),#7129);
#7125 = LINE('',#7126,#7127);
#7126 = CARTESIAN_POINT('',(0.623347204482,0.));
#7127 = VECTOR('',#7128,1.);
#7128 = DIRECTION('',(0.,-1.));
#7129 = ( GEOMETRIC_REPRESENTATION_CONTEXT(2) 
PARAMETRIC_REPRESENTATION_CONTEXT() REPRESENTATION_CONTEXT('2D SPACE',''
  ) );
#7130 = ORIENTED_EDGE('',*,*,#6673,.T.);
#7131 = ORIENTED_EDGE('',*,*,#7056,.F.);
#7132 = ORIENTED_EDGE('',*,*,#3650,.F.);
#7133 = ADVANCED_FACE('',(#7134),#418,.T.);
#7134 = FACE_BOUND('',#7135,.T.);
#7135 = EDGE_LOOP('',(#7136,#7137,#7138,#7159));
#7136 = ORIENTED_EDGE('',*,*,#7085,.T.);
#7137 = ORIENTED_EDGE('',*,*,#4005,.T.);
#7138 = ORIENTED_EDGE('',*,*,#7139,.F.);
#7139 = EDGE_CURVE('',#403,#4006,#7140,.T.);
#7140 = SURFACE_CURVE('',#7141,(#7145,#7152),.PCURVE_S1.);
#7141 = LINE('',#7142,#7143);
#7142 = CARTESIAN_POINT('',(11.957609627824,-4.278501138081,-1.8E-02));
#7143 = VECTOR('',#7144,1.);
#7144 = DIRECTION('',(0.,0.,1.));
#7145 = PCURVE('',#418,#7146);
#7146 = DEFINITIONAL_REPRESENTATION('',(#7147),#7151);
#7147 = LINE('',#7148,#7149);
#7148 = CARTESIAN_POINT('',(0.623347204482,0.));
#7149 = VECTOR('',#7150,1.);
#7150 = DIRECTION('',(0.,-1.));
#7151 = ( GEOMETRIC_REPRESENTATION_CONTEXT(2) 
PARAMETRIC_REPRESENTATION_CONTEXT() REPRESENTATION_CONTEXT('2D SPACE',''
  ) );
#7152 = PCURVE('',#446,#7153);
#7153 = DEFINITIONAL_REPRESENTATION('',(#7154),#7158);
#7154 = LINE('',#7155,#7156);
#7155 = CARTESIAN_POINT('',(0.,0.));
#7156 = VECTOR('',#7157,1.);
#7157 = DIRECTION('',(0.,-1.));
#7158 = ( GEOMETRIC_REPRESENTATION_CONTEXT(2) 
PARAMETRIC_REPRESENTATION_CONTEXT() REPRESENTATION_CONTEXT('2D SPACE',''
  ) );
#7159 = ORIENTED_EDGE('',*,*,#402,.F.);
#7160 = ADVANCED_FACE('',(#7161),#3638,.T.);
#7161 = FACE_BOUND('',#7162,.T.);
#7162 = EDGE_LOOP('',(#7163,#7184,#7185,#7186));
#7163 = ORIENTED_EDGE('',*,*,#7164,.T.);
#7164 = EDGE_CURVE('',#3595,#6628,#7165,.T.);
#7165 = SURFACE_CURVE('',#7166,(#7170,#7177),.PCURVE_S1.);
#7166 = LINE('',#7167,#7168);
#7167 = CARTESIAN_POINT('',(11.957609627824,4.278501138081,-1.8E-02));
#7168 = VECTOR('',#7169,1.);
#7169 = DIRECTION('',(0.,0.,1.));
#7170 = PCURVE('',#3638,#7171);
#7171 = DEFINITIONAL_REPRESENTATION('',(#7172),#7176);
#7172 = LINE('',#7173,#7174);
#7173 = CARTESIAN_POINT('',(0.,0.));
#7174 = VECTOR('',#7175,1.);
#7175 = DIRECTION('',(0.,-1.));
#7176 = ( GEOMETRIC_REPRESENTATION_CONTEXT(2) 
PARAMETRIC_REPRESENTATION_CONTEXT() REPRESENTATION_CONTEXT('2D SPACE',''
  ) );
#7177 = PCURVE('',#3610,#7178);
#7178 = DEFINITIONAL_REPRESENTATION('',(#7179),#7183);
#7179 = LINE('',#7180,#7181);
#7180 = CARTESIAN_POINT('',(0.623347204482,0.));
#7181 = VECTOR('',#7182,1.);
#7182 = DIRECTION('',(0.,-1.));
#7183 = ( GEOMETRIC_REPRESENTATION_CONTEXT(2) 
PARAMETRIC_REPRESENTATION_CONTEXT() REPRESENTATION_CONTEXT('2D SPACE',''
  ) );
#7184 = ORIENTED_EDGE('',*,*,#6650,.T.);
#7185 = ORIENTED_EDGE('',*,*,#7110,.F.);
#7186 = ORIENTED_EDGE('',*,*,#3622,.F.);
#7187 = ADVANCED_FACE('',(#7188),#446,.T.);
#7188 = FACE_BOUND('',#7189,.T.);
#7189 = EDGE_LOOP('',(#7190,#7191,#7192,#7213));
#7190 = ORIENTED_EDGE('',*,*,#7139,.T.);
#7191 = ORIENTED_EDGE('',*,*,#4028,.T.);
#7192 = ORIENTED_EDGE('',*,*,#7193,.F.);
#7193 = EDGE_CURVE('',#431,#4029,#7194,.T.);
#7194 = SURFACE_CURVE('',#7195,(#7199,#7206),.PCURVE_S1.);
#7195 = LINE('',#7196,#7197);
#7196 = CARTESIAN_POINT('',(11.733270062893,-4.860079591037,-1.8E-02));
#7197 = VECTOR('',#7198,1.);
#7198 = DIRECTION('',(0.,0.,1.));
#7199 = PCURVE('',#446,#7200);
#7200 = DEFINITIONAL_REPRESENTATION('',(#7201),#7205);
#7201 = LINE('',#7202,#7203);
#7202 = CARTESIAN_POINT('',(0.623347204482,0.));
#7203 = VECTOR('',#7204,1.);
#7204 = DIRECTION('',(0.,-1.));
#7205 = ( GEOMETRIC_REPRESENTATION_CONTEXT(2) 
PARAMETRIC_REPRESENTATION_CONTEXT() REPRESENTATION_CONTEXT('2D SPACE',''
  ) );
#7206 = PCURVE('',#474,#7207);
#7207 = DEFINITIONAL_REPRESENTATION('',(#7208),#7212);
#7208 = LINE('',#7209,#7210);
#7209 = CARTESIAN_POINT('',(0.,0.));
#7210 = VECTOR('',#7211,1.);
#7211 = DIRECTION('',(0.,-1.));
#7212 = ( GEOMETRIC_REPRESENTATION_CONTEXT(2) 
PARAMETRIC_REPRESENTATION_CONTEXT() REPRESENTATION_CONTEXT('2D SPACE',''
  ) );
#7213 = ORIENTED_EDGE('',*,*,#430,.F.);
#7214 = ADVANCED_FACE('',(#7215),#3610,.T.);
#7215 = FACE_BOUND('',#7216,.T.);
#7216 = EDGE_LOOP('',(#7217,#7238,#7239,#7240));
#7217 = ORIENTED_EDGE('',*,*,#7218,.T.);
#7218 = EDGE_CURVE('',#3567,#6605,#7219,.T.);
#7219 = SURFACE_CURVE('',#7220,(#7224,#7231),.PCURVE_S1.);
#7220 = LINE('',#7221,#7222);
#7221 = CARTESIAN_POINT('',(11.733270062893,4.860079591037,-1.8E-02));
#7222 = VECTOR('',#7223,1.);
#7223 = DIRECTION('',(0.,0.,1.));
#7224 = PCURVE('',#3610,#7225);
#7225 = DEFINITIONAL_REPRESENTATION('',(#7226),#7230);
#7226 = LINE('',#7227,#7228);
#7227 = CARTESIAN_POINT('',(0.,0.));
#7228 = VECTOR('',#7229,1.);
#7229 = DIRECTION('',(0.,-1.));
#7230 = ( GEOMETRIC_REPRESENTATION_CONTEXT(2) 
PARAMETRIC_REPRESENTATION_CONTEXT() REPRESENTATION_CONTEXT('2D SPACE',''
  ) );
#7231 = PCURVE('',#3582,#7232);
#7232 = DEFINITIONAL_REPRESENTATION('',(#7233),#7237);
#7233 = LINE('',#7234,#7235);
#7234 = CARTESIAN_POINT('',(0.623347204482,0.));
#7235 = VECTOR('',#7236,1.);
#7236 = DIRECTION('',(0.,-1.));
#7237 = ( GEOMETRIC_REPRESENTATION_CONTEXT(2) 
PARAMETRIC_REPRESENTATION_CONTEXT() REPRESENTATION_CONTEXT('2D SPACE',''
  ) );
#7238 = ORIENTED_EDGE('',*,*,#6627,.T.);
#7239 = ORIENTED_EDGE('',*,*,#7164,.F.);
#7240 = ORIENTED_EDGE('',*,*,#3594,.F.);
#7241 = ADVANCED_FACE('',(#7242),#474,.T.);
#7242 = FACE_BOUND('',#7243,.T.);
#7243 = EDGE_LOOP('',(#7244,#7245,#7246,#7267));
#7244 = ORIENTED_EDGE('',*,*,#7193,.T.);
#7245 = ORIENTED_EDGE('',*,*,#4051,.T.);
#7246 = ORIENTED_EDGE('',*,*,#7247,.F.);
#7247 = EDGE_CURVE('',#459,#4052,#7248,.T.);
#7248 = SURFACE_CURVE('',#7249,(#7253,#7260),.PCURVE_S1.);
#7249 = LINE('',#7250,#7251);
#7250 = CARTESIAN_POINT('',(11.480664022668,-5.429949686565,-1.8E-02));
#7251 = VECTOR('',#7252,1.);
#7252 = DIRECTION('',(0.,0.,1.));
#7253 = PCURVE('',#474,#7254);
#7254 = DEFINITIONAL_REPRESENTATION('',(#7255),#7259);
#7255 = LINE('',#7256,#7257);
#7256 = CARTESIAN_POINT('',(0.623347204482,0.));
#7257 = VECTOR('',#7258,1.);
#7258 = DIRECTION('',(0.,-1.));
#7259 = ( GEOMETRIC_REPRESENTATION_CONTEXT(2) 
PARAMETRIC_REPRESENTATION_CONTEXT() REPRESENTATION_CONTEXT('2D SPACE',''
  ) );
#7260 = PCURVE('',#502,#7261);
#7261 = DEFINITIONAL_REPRESENTATION('',(#7262),#7266);
#7262 = LINE('',#7263,#7264);
#7263 = CARTESIAN_POINT('',(0.,0.));
#7264 = VECTOR('',#7265,1.);
#7265 = DIRECTION('',(0.,-1.));
#7266 = ( GEOMETRIC_REPRESENTATION_CONTEXT(2) 
PARAMETRIC_REPRESENTATION_CONTEXT() REPRESENTATION_CONTEXT('2D SPACE',''
  ) );
#7267 = ORIENTED_EDGE('',*,*,#458,.F.);
#7268 = ADVANCED_FACE('',(#7269),#3582,.T.);
#7269 = FACE_BOUND('',#7270,.T.);
#7270 = EDGE_LOOP('',(#7271,#7292,#7293,#7294));
#7271 = ORIENTED_EDGE('',*,*,#7272,.T.);
#7272 = EDGE_CURVE('',#3539,#6582,#7273,.T.);
#7273 = SURFACE_CURVE('',#7274,(#7278,#7285),.PCURVE_S1.);
#7274 = LINE('',#7275,#7276);
#7275 = CARTESIAN_POINT('',(11.480664022668,5.429949686565,-1.8E-02));
#7276 = VECTOR('',#7277,1.);
#7277 = DIRECTION('',(0.,0.,1.));
#7278 = PCURVE('',#3582,#7279);
#7279 = DEFINITIONAL_REPRESENTATION('',(#7280),#7284);
#7280 = LINE('',#7281,#7282);
#7281 = CARTESIAN_POINT('',(0.,0.));
#7282 = VECTOR('',#7283,1.);
#7283 = DIRECTION('',(0.,-1.));
#7284 = ( GEOMETRIC_REPRESENTATION_CONTEXT(2) 
PARAMETRIC_REPRESENTATION_CONTEXT() REPRESENTATION_CONTEXT('2D SPACE',''
  ) );
#7285 = PCURVE('',#3554,#7286);
#7286 = DEFINITIONAL_REPRESENTATION('',(#7287),#7291);
#7287 = LINE('',#7288,#7289);
#7288 = CARTESIAN_POINT('',(0.623347204482,0.));
#7289 = VECTOR('',#7290,1.);
#7290 = DIRECTION('',(0.,-1.));
#7291 = ( GEOMETRIC_REPRESENTATION_CONTEXT(2) 
PARAMETRIC_REPRESENTATION_CONTEXT() REPRESENTATION_CONTEXT('2D SPACE',''
  ) );
#7292 = ORIENTED_EDGE('',*,*,#6604,.T.);
#7293 = ORIENTED_EDGE('',*,*,#7218,.F.);
#7294 = ORIENTED_EDGE('',*,*,#3566,.F.);
#7295 = ADVANCED_FACE('',(#7296),#502,.T.);
#7296 = FACE_BOUND('',#7297,.T.);
#7297 = EDGE_LOOP('',(#7298,#7299,#7300,#7321));
#7298 = ORIENTED_EDGE('',*,*,#7247,.T.);
#7299 = ORIENTED_EDGE('',*,*,#4074,.T.);
#7300 = ORIENTED_EDGE('',*,*,#7301,.F.);
#7301 = EDGE_CURVE('',#487,#4075,#7302,.T.);
#7302 = SURFACE_CURVE('',#7303,(#7307,#7314),.PCURVE_S1.);
#7303 = LINE('',#7304,#7305);
#7304 = CARTESIAN_POINT('',(11.200400057224,-5.98673855769,-1.8E-02));
#7305 = VECTOR('',#7306,1.);
#7306 = DIRECTION('',(0.,0.,1.));
#7307 = PCURVE('',#502,#7308);
#7308 = DEFINITIONAL_REPRESENTATION('',(#7309),#7313);
#7309 = LINE('',#7310,#7311);
#7310 = CARTESIAN_POINT('',(0.623347204482,0.));
#7311 = VECTOR('',#7312,1.);
#7312 = DIRECTION('',(0.,-1.));
#7313 = ( GEOMETRIC_REPRESENTATION_CONTEXT(2) 
PARAMETRIC_REPRESENTATION_CONTEXT() REPRESENTATION_CONTEXT('2D SPACE',''
  ) );
#7314 = PCURVE('',#530,#7315);
#7315 = DEFINITIONAL_REPRESENTATION('',(#7316),#7320);
#7316 = LINE('',#7317,#7318);
#7317 = CARTESIAN_POINT('',(0.,0.));
#7318 = VECTOR('',#7319,1.);
#7319 = DIRECTION('',(0.,-1.));
#7320 = ( GEOMETRIC_REPRESENTATION_CONTEXT(2) 
PARAMETRIC_REPRESENTATION_CONTEXT() REPRESENTATION_CONTEXT('2D SPACE',''
  ) );
#7321 = ORIENTED_EDGE('',*,*,#486,.F.);
#7322 = ADVANCED_FACE('',(#7323),#3554,.T.);
#7323 = FACE_BOUND('',#7324,.T.);
#7324 = EDGE_LOOP('',(#7325,#7346,#7347,#7348));
#7325 = ORIENTED_EDGE('',*,*,#7326,.T.);
#7326 = EDGE_CURVE('',#3511,#6559,#7327,.T.);
#7327 = SURFACE_CURVE('',#7328,(#7332,#7339),.PCURVE_S1.);
#7328 = LINE('',#7329,#7330);
#7329 = CARTESIAN_POINT('',(11.200400057224,5.98673855769,-1.8E-02));
#7330 = VECTOR('',#7331,1.);
#7331 = DIRECTION('',(0.,0.,1.));
#7332 = PCURVE('',#3554,#7333);
#7333 = DEFINITIONAL_REPRESENTATION('',(#7334),#7338);
#7334 = LINE('',#7335,#7336);
#7335 = CARTESIAN_POINT('',(0.,0.));
#7336 = VECTOR('',#7337,1.);
#7337 = DIRECTION('',(0.,-1.));
#7338 = ( GEOMETRIC_REPRESENTATION_CONTEXT(2) 
PARAMETRIC_REPRESENTATION_CONTEXT() REPRESENTATION_CONTEXT('2D SPACE',''
  ) );
#7339 = PCURVE('',#3526,#7340);
#7340 = DEFINITIONAL_REPRESENTATION('',(#7341),#7345);
#7341 = LINE('',#7342,#7343);
#7342 = CARTESIAN_POINT('',(0.623347204482,0.));
#7343 = VECTOR('',#7344,1.);
#7344 = DIRECTION('',(0.,-1.));
#7345 = ( GEOMETRIC_REPRESENTATION_CONTEXT(2) 
PARAMETRIC_REPRESENTATION_CONTEXT() REPRESENTATION_CONTEXT('2D SPACE',''
  ) );
#7346 = ORIENTED_EDGE('',*,*,#6581,.T.);
#7347 = ORIENTED_EDGE('',*,*,#7272,.F.);
#7348 = ORIENTED_EDGE('',*,*,#3538,.F.);
#7349 = ADVANCED_FACE('',(#7350),#530,.T.);
#7350 = FACE_BOUND('',#7351,.T.);
#7351 = EDGE_LOOP('',(#7352,#7353,#7354,#7375));
#7352 = ORIENTED_EDGE('',*,*,#7301,.T.);
#7353 = ORIENTED_EDGE('',*,*,#4097,.T.);
#7354 = ORIENTED_EDGE('',*,*,#7355,.F.);
#7355 = EDGE_CURVE('',#515,#4098,#7356,.T.);
#7356 = SURFACE_CURVE('',#7357,(#7361,#7368),.PCURVE_S1.);
#7357 = LINE('',#7358,#7359);
#7358 = CARTESIAN_POINT('',(10.893153347003,-6.529104851254,-1.8E-02));
#7359 = VECTOR('',#7360,1.);
#7360 = DIRECTION('',(0.,0.,1.));
#7361 = PCURVE('',#530,#7362);
#7362 = DEFINITIONAL_REPRESENTATION('',(#7363),#7367);
#7363 = LINE('',#7364,#7365);
#7364 = CARTESIAN_POINT('',(0.623347204482,0.));
#7365 = VECTOR('',#7366,1.);
#7366 = DIRECTION('',(0.,-1.));
#7367 = ( GEOMETRIC_REPRESENTATION_CONTEXT(2) 
PARAMETRIC_REPRESENTATION_CONTEXT() REPRESENTATION_CONTEXT('2D SPACE',''
  ) );
#7368 = PCURVE('',#558,#7369);
#7369 = DEFINITIONAL_REPRESENTATION('',(#7370),#7374);
#7370 = LINE('',#7371,#7372);
#7371 = CARTESIAN_POINT('',(0.,0.));
#7372 = VECTOR('',#7373,1.);
#7373 = DIRECTION('',(0.,-1.));
#7374 = ( GEOMETRIC_REPRESENTATION_CONTEXT(2) 
PARAMETRIC_REPRESENTATION_CONTEXT() REPRESENTATION_CONTEXT('2D SPACE',''
  ) );
#7375 = ORIENTED_EDGE('',*,*,#514,.F.);
#7376 = ADVANCED_FACE('',(#7377),#3526,.T.);
#7377 = FACE_BOUND('',#7378,.T.);
#7378 = EDGE_LOOP('',(#7379,#7400,#7401,#7402));
#7379 = ORIENTED_EDGE('',*,*,#7380,.T.);
#7380 = EDGE_CURVE('',#3483,#6536,#7381,.T.);
#7381 = SURFACE_CURVE('',#7382,(#7386,#7393),.PCURVE_S1.);
#7382 = LINE('',#7383,#7384);
#7383 = CARTESIAN_POINT('',(10.893153347003,6.529104851254,-1.8E-02));
#7384 = VECTOR('',#7385,1.);
#7385 = DIRECTION('',(0.,0.,1.));
#7386 = PCURVE('',#3526,#7387);
#7387 = DEFINITIONAL_REPRESENTATION('',(#7388),#7392);
#7388 = LINE('',#7389,#7390);
#7389 = CARTESIAN_POINT('',(0.,0.));
#7390 = VECTOR('',#7391,1.);
#7391 = DIRECTION('',(0.,-1.));
#7392 = ( GEOMETRIC_REPRESENTATION_CONTEXT(2) 
PARAMETRIC_REPRESENTATION_CONTEXT() REPRESENTATION_CONTEXT('2D SPACE',''
  ) );
#7393 = PCURVE('',#3498,#7394);
#7394 = DEFINITIONAL_REPRESENTATION('',(#7395),#7399);
#7395 = LINE('',#7396,#7397);
#7396 = CARTESIAN_POINT('',(0.623347204482,0.));
#7397 = VECTOR('',#7398,1.);
#7398 = DIRECTION('',(0.,-1.));
#7399 = ( GEOMETRIC_REPRESENTATION_CONTEXT(2) 
PARAMETRIC_REPRESENTATION_CONTEXT() REPRESENTATION_CONTEXT('2D SPACE',''
  ) );
#7400 = ORIENTED_EDGE('',*,*,#6558,.T.);
#7401 = ORIENTED_EDGE('',*,*,#7326,.F.);
#7402 = ORIENTED_EDGE('',*,*,#3510,.F.);
#7403 = ADVANCED_FACE('',(#7404),#558,.T.);
#7404 = FACE_BOUND('',#7405,.T.);
#7405 = EDGE_LOOP('',(#7406,#7407,#7408,#7429));
#7406 = ORIENTED_EDGE('',*,*,#7355,.T.);
#7407 = ORIENTED_EDGE('',*,*,#4120,.T.);
#7408 = ORIENTED_EDGE('',*,*,#7409,.F.);
#7409 = EDGE_CURVE('',#543,#4121,#7410,.T.);
#7410 = SURFACE_CURVE('',#7411,(#7415,#7422),.PCURVE_S1.);
#7411 = LINE('',#7412,#7413);
#7412 = CARTESIAN_POINT('',(10.559664076242,-7.055741959349,-1.8E-02));
#7413 = VECTOR('',#7414,1.);
#7414 = DIRECTION('',(0.,0.,1.));
#7415 = PCURVE('',#558,#7416);
#7416 = DEFINITIONAL_REPRESENTATION('',(#7417),#7421);
#7417 = LINE('',#7418,#7419);
#7418 = CARTESIAN_POINT('',(0.623347204482,0.));
#7419 = VECTOR('',#7420,1.);
#7420 = DIRECTION('',(0.,-1.));
#7421 = ( GEOMETRIC_REPRESENTATION_CONTEXT(2) 
PARAMETRIC_REPRESENTATION_CONTEXT() REPRESENTATION_CONTEXT('2D SPACE',''
  ) );
#7422 = PCURVE('',#586,#7423);
#7423 = DEFINITIONAL_REPRESENTATION('',(#7424),#7428);
#7424 = LINE('',#7425,#7426);
#7425 = CARTESIAN_POINT('',(0.,0.));
#7426 = VECTOR('',#7427,1.);
#7427 = DIRECTION('',(0.,-1.));
#7428 = ( GEOMETRIC_REPRESENTATION_CONTEXT(2) 
PARAMETRIC_REPRESENTATION_CONTEXT() REPRESENTATION_CONTEXT('2D SPACE',''
  ) );
#7429 = ORIENTED_EDGE('',*,*,#542,.F.);
#7430 = ADVANCED_FACE('',(#7431),#3498,.T.);
#7431 = FACE_BOUND('',#7432,.T.);
#7432 = EDGE_LOOP('',(#7433,#7454,#7455,#7456));
#7433 = ORIENTED_EDGE('',*,*,#7434,.T.);
#7434 = EDGE_CURVE('',#3455,#6513,#7435,.T.);
#7435 = SURFACE_CURVE('',#7436,(#7440,#7447),.PCURVE_S1.);
#7436 = LINE('',#7437,#7438);
#7437 = CARTESIAN_POINT('',(10.559664076242,7.055741959349,-1.8E-02));
#7438 = VECTOR('',#7439,1.);
#7439 = DIRECTION('',(0.,0.,1.));
#7440 = PCURVE('',#3498,#7441);
#7441 = DEFINITIONAL_REPRESENTATION('',(#7442),#7446);
#7442 = LINE('',#7443,#7444);
#7443 = CARTESIAN_POINT('',(0.,0.));
#7444 = VECTOR('',#7445,1.);
#7445 = DIRECTION('',(0.,-1.));
#7446 = ( GEOMETRIC_REPRESENTATION_CONTEXT(2) 
PARAMETRIC_REPRESENTATION_CONTEXT() REPRESENTATION_CONTEXT('2D SPACE',''
  ) );
#7447 = PCURVE('',#3470,#7448);
#7448 = DEFINITIONAL_REPRESENTATION('',(#7449),#7453);
#7449 = LINE('',#7450,#7451);
#7450 = CARTESIAN_POINT('',(0.623347204482,0.));
#7451 = VECTOR('',#7452,1.);
#7452 = DIRECTION('',(0.,-1.));
#7453 = ( GEOMETRIC_REPRESENTATION_CONTEXT(2) 
PARAMETRIC_REPRESENTATION_CONTEXT() REPRESENTATION_CONTEXT('2D SPACE',''
  ) );
#7454 = ORIENTED_EDGE('',*,*,#6535,.T.);
#7455 = ORIENTED_EDGE('',*,*,#7380,.F.);
#7456 = ORIENTED_EDGE('',*,*,#3482,.F.);
#7457 = ADVANCED_FACE('',(#7458),#586,.T.);
#7458 = FACE_BOUND('',#7459,.T.);
#7459 = EDGE_LOOP('',(#7460,#7461,#7462,#7483));
#7460 = ORIENTED_EDGE('',*,*,#7409,.T.);
#7461 = ORIENTED_EDGE('',*,*,#4143,.T.);
#7462 = ORIENTED_EDGE('',*,*,#7463,.F.);
#7463 = EDGE_CURVE('',#571,#4144,#7464,.T.);
#7464 = SURFACE_CURVE('',#7465,(#7469,#7476),.PCURVE_S1.);
#7465 = LINE('',#7466,#7467);
#7466 = CARTESIAN_POINT('',(10.200735649804,-7.565381167054,-1.8E-02));
#7467 = VECTOR('',#7468,1.);
#7468 = DIRECTION('',(0.,0.,1.));
#7469 = PCURVE('',#586,#7470);
#7470 = DEFINITIONAL_REPRESENTATION('',(#7471),#7475);
#7471 = LINE('',#7472,#7473);
#7472 = CARTESIAN_POINT('',(0.623347204482,0.));
#7473 = VECTOR('',#7474,1.);
#7474 = DIRECTION('',(0.,-1.));
#7475 = ( GEOMETRIC_REPRESENTATION_CONTEXT(2) 
PARAMETRIC_REPRESENTATION_CONTEXT() REPRESENTATION_CONTEXT('2D SPACE',''
  ) );
#7476 = PCURVE('',#614,#7477);
#7477 = DEFINITIONAL_REPRESENTATION('',(#7478),#7482);
#7478 = LINE('',#7479,#7480);
#7479 = CARTESIAN_POINT('',(0.,0.));
#7480 = VECTOR('',#7481,1.);
#7481 = DIRECTION('',(0.,-1.));
#7482 = ( GEOMETRIC_REPRESENTATION_CONTEXT(2) 
PARAMETRIC_REPRESENTATION_CONTEXT() REPRESENTATION_CONTEXT('2D SPACE',''
  ) );
#7483 = ORIENTED_EDGE('',*,*,#570,.F.);
#7484 = ADVANCED_FACE('',(#7485),#3470,.T.);
#7485 = FACE_BOUND('',#7486,.T.);
#7486 = EDGE_LOOP('',(#7487,#7508,#7509,#7510));
#7487 = ORIENTED_EDGE('',*,*,#7488,.T.);
#7488 = EDGE_CURVE('',#3427,#6490,#7489,.T.);
#7489 = SURFACE_CURVE('',#7490,(#7494,#7501),.PCURVE_S1.);
#7490 = LINE('',#7491,#7492);
#7491 = CARTESIAN_POINT('',(10.200735649804,7.565381167054,-1.8E-02));
#7492 = VECTOR('',#7493,1.);
#7493 = DIRECTION('',(0.,0.,1.));
#7494 = PCURVE('',#3470,#7495);
#7495 = DEFINITIONAL_REPRESENTATION('',(#7496),#7500);
#7496 = LINE('',#7497,#7498);
#7497 = CARTESIAN_POINT('',(0.,0.));
#7498 = VECTOR('',#7499,1.);
#7499 = DIRECTION('',(0.,-1.));
#7500 = ( GEOMETRIC_REPRESENTATION_CONTEXT(2) 
PARAMETRIC_REPRESENTATION_CONTEXT() REPRESENTATION_CONTEXT('2D SPACE',''
  ) );
#7501 = PCURVE('',#3442,#7502);
#7502 = DEFINITIONAL_REPRESENTATION('',(#7503),#7507);
#7503 = LINE('',#7504,#7505);
#7504 = CARTESIAN_POINT('',(0.623347204482,0.));
#7505 = VECTOR('',#7506,1.);
#7506 = DIRECTION('',(0.,-1.));
#7507 = ( GEOMETRIC_REPRESENTATION_CONTEXT(2) 
PARAMETRIC_REPRESENTATION_CONTEXT() REPRESENTATION_CONTEXT('2D SPACE',''
  ) );
#7508 = ORIENTED_EDGE('',*,*,#6512,.T.);
#7509 = ORIENTED_EDGE('',*,*,#7434,.F.);
#7510 = ORIENTED_EDGE('',*,*,#3454,.F.);
#7511 = ADVANCED_FACE('',(#7512),#614,.T.);
#7512 = FACE_BOUND('',#7513,.T.);
#7513 = EDGE_LOOP('',(#7514,#7515,#7516,#7537));
#7514 = ORIENTED_EDGE('',*,*,#7463,.T.);
#7515 = ORIENTED_EDGE('',*,*,#4166,.T.);
#7516 = ORIENTED_EDGE('',*,*,#7517,.F.);
#7517 = EDGE_CURVE('',#599,#4167,#7518,.T.);
#7518 = SURFACE_CURVE('',#7519,(#7523,#7530),.PCURVE_S1.);
#7519 = LINE('',#7520,#7521);
#7520 = CARTESIAN_POINT('',(9.817232757707,-8.056794708878,-1.8E-02));
#7521 = VECTOR('',#7522,1.);
#7522 = DIRECTION('',(0.,0.,1.));
#7523 = PCURVE('',#614,#7524);
#7524 = DEFINITIONAL_REPRESENTATION('',(#7525),#7529);
#7525 = LINE('',#7526,#7527);
#7526 = CARTESIAN_POINT('',(0.623347204482,0.));
#7527 = VECTOR('',#7528,1.);
#7528 = DIRECTION('',(0.,-1.));
#7529 = ( GEOMETRIC_REPRESENTATION_CONTEXT(2) 
PARAMETRIC_REPRESENTATION_CONTEXT() REPRESENTATION_CONTEXT('2D SPACE',''
  ) );
#7530 = PCURVE('',#642,#7531);
#7531 = DEFINITIONAL_REPRESENTATION('',(#7532),#7536);
#7532 = LINE('',#7533,#7534);
#7533 = CARTESIAN_POINT('',(0.,0.));
#7534 = VECTOR('',#7535,1.);
#7535 = DIRECTION('',(0.,-1.));
#7536 = ( GEOMETRIC_REPRESENTATION_CONTEXT(2) 
PARAMETRIC_REPRESENTATION_CONTEXT() REPRESENTATION_CONTEXT('2D SPACE',''
  ) );
#7537 = ORIENTED_EDGE('',*,*,#598,.F.);
#7538 = ADVANCED_FACE('',(#7539),#3442,.T.);
#7539 = FACE_BOUND('',#7540,.T.);
#7540 = EDGE_LOOP('',(#7541,#7562,#7563,#7564));
#7541 = ORIENTED_EDGE('',*,*,#7542,.T.);
#7542 = EDGE_CURVE('',#3399,#6467,#7543,.T.);
#7543 = SURFACE_CURVE('',#7544,(#7548,#7555),.PCURVE_S1.);
#7544 = LINE('',#7545,#7546);
#7545 = CARTESIAN_POINT('',(9.817232757707,8.056794708878,-1.8E-02));
#7546 = VECTOR('',#7547,1.);
#7547 = DIRECTION('',(0.,0.,1.));
#7548 = PCURVE('',#3442,#7549);
#7549 = DEFINITIONAL_REPRESENTATION('',(#7550),#7554);
#7550 = LINE('',#7551,#7552);
#7551 = CARTESIAN_POINT('',(0.,0.));
#7552 = VECTOR('',#7553,1.);
#7553 = DIRECTION('',(0.,-1.));
#7554 = ( GEOMETRIC_REPRESENTATION_CONTEXT(2) 
PARAMETRIC_REPRESENTATION_CONTEXT() REPRESENTATION_CONTEXT('2D SPACE',''
  ) );
#7555 = PCURVE('',#3414,#7556);
#7556 = DEFINITIONAL_REPRESENTATION('',(#7557),#7561);
#7557 = LINE('',#7558,#7559);
#7558 = CARTESIAN_POINT('',(0.623347204482,0.));
#7559 = VECTOR('',#7560,1.);
#7560 = DIRECTION('',(0.,-1.));
#7561 = ( GEOMETRIC_REPRESENTATION_CONTEXT(2) 
PARAMETRIC_REPRESENTATION_CONTEXT() REPRESENTATION_CONTEXT('2D SPACE',''
  ) );
#7562 = ORIENTED_EDGE('',*,*,#6489,.T.);
#7563 = ORIENTED_EDGE('',*,*,#7488,.F.);
#7564 = ORIENTED_EDGE('',*,*,#3426,.F.);
#7565 = ADVANCED_FACE('',(#7566),#642,.T.);
#7566 = FACE_BOUND('',#7567,.T.);
#7567 = EDGE_LOOP('',(#7568,#7569,#7570,#7591));
#7568 = ORIENTED_EDGE('',*,*,#7517,.T.);
#7569 = ORIENTED_EDGE('',*,*,#4189,.T.);
#7570 = ORIENTED_EDGE('',*,*,#7571,.F.);
#7571 = EDGE_CURVE('',#627,#4190,#7572,.T.);
#7572 = SURFACE_CURVE('',#7573,(#7577,#7584),.PCURVE_S1.);
#7573 = LINE('',#7574,#7575);
#7574 = CARTESIAN_POINT('',(9.410079292008,-8.528798726557,-1.8E-02));
#7575 = VECTOR('',#7576,1.);
#7576 = DIRECTION('',(0.,0.,1.));
#7577 = PCURVE('',#642,#7578);
#7578 = DEFINITIONAL_REPRESENTATION('',(#7579),#7583);
#7579 = LINE('',#7580,#7581);
#7580 = CARTESIAN_POINT('',(0.623347204482,0.));
#7581 = VECTOR('',#7582,1.);
#7582 = DIRECTION('',(0.,-1.));
#7583 = ( GEOMETRIC_REPRESENTATION_CONTEXT(2) 
PARAMETRIC_REPRESENTATION_CONTEXT() REPRESENTATION_CONTEXT('2D SPACE',''
  ) );
#7584 = PCURVE('',#670,#7585);
#7585 = DEFINITIONAL_REPRESENTATION('',(#7586),#7590);
#7586 = LINE('',#7587,#7588);
#7587 = CARTESIAN_POINT('',(0.,0.));
#7588 = VECTOR('',#7589,1.);
#7589 = DIRECTION('',(0.,-1.));
#7590 = ( GEOMETRIC_REPRESENTATION_CONTEXT(2) 
PARAMETRIC_REPRESENTATION_CONTEXT() REPRESENTATION_CONTEXT('2D SPACE',''
  ) );
#7591 = ORIENTED_EDGE('',*,*,#626,.F.);
#7592 = ADVANCED_FACE('',(#7593),#3414,.T.);
#7593 = FACE_BOUND('',#7594,.T.);
#7594 = EDGE_LOOP('',(#7595,#7616,#7617,#7618));
#7595 = ORIENTED_EDGE('',*,*,#7596,.T.);
#7596 = EDGE_CURVE('',#3371,#6444,#7597,.T.);
#7597 = SURFACE_CURVE('',#7598,(#7602,#7609),.PCURVE_S1.);
#7598 = LINE('',#7599,#7600);
#7599 = CARTESIAN_POINT('',(9.410079292008,8.528798726557,-1.8E-02));
#7600 = VECTOR('',#7601,1.);
#7601 = DIRECTION('',(0.,0.,1.));
#7602 = PCURVE('',#3414,#7603);
#7603 = DEFINITIONAL_REPRESENTATION('',(#7604),#7608);
#7604 = LINE('',#7605,#7606);
#7605 = CARTESIAN_POINT('',(0.,0.));
#7606 = VECTOR('',#7607,1.);
#7607 = DIRECTION('',(0.,-1.));
#7608 = ( GEOMETRIC_REPRESENTATION_CONTEXT(2) 
PARAMETRIC_REPRESENTATION_CONTEXT() REPRESENTATION_CONTEXT('2D SPACE',''
  ) );
#7609 = PCURVE('',#3386,#7610);
#7610 = DEFINITIONAL_REPRESENTATION('',(#7611),#7615);
#7611 = LINE('',#7612,#7613);
#7612 = CARTESIAN_POINT('',(0.623347204482,0.));
#7613 = VECTOR('',#7614,1.);
#7614 = DIRECTION('',(0.,-1.));
#7615 = ( GEOMETRIC_REPRESENTATION_CONTEXT(2) 
PARAMETRIC_REPRESENTATION_CONTEXT() REPRESENTATION_CONTEXT('2D SPACE',''
  ) );
#7616 = ORIENTED_EDGE('',*,*,#6466,.T.);
#7617 = ORIENTED_EDGE('',*,*,#7542,.F.);
#7618 = ORIENTED_EDGE('',*,*,#3398,.F.);
#7619 = ADVANCED_FACE('',(#7620),#670,.T.);
#7620 = FACE_BOUND('',#7621,.T.);
#7621 = EDGE_LOOP('',(#7622,#7623,#7624,#7645));
#7622 = ORIENTED_EDGE('',*,*,#7571,.T.);
#7623 = ORIENTED_EDGE('',*,*,#4212,.T.);
#7624 = ORIENTED_EDGE('',*,*,#7625,.F.);
#7625 = EDGE_CURVE('',#655,#4213,#7626,.T.);
#7626 = SURFACE_CURVE('',#7627,(#7631,#7638),.PCURVE_S1.);
#7627 = LINE('',#7628,#7629);
#7628 = CARTESIAN_POINT('',(8.980256121069,-8.980256121069,-1.8E-02));
#7629 = VECTOR('',#7630,1.);
#7630 = DIRECTION('',(0.,0.,1.));
#7631 = PCURVE('',#670,#7632);
#7632 = DEFINITIONAL_REPRESENTATION('',(#7633),#7637);
#7633 = LINE('',#7634,#7635);
#7634 = CARTESIAN_POINT('',(0.623347204482,0.));
#7635 = VECTOR('',#7636,1.);
#7636 = DIRECTION('',(0.,-1.));
#7637 = ( GEOMETRIC_REPRESENTATION_CONTEXT(2) 
PARAMETRIC_REPRESENTATION_CONTEXT() REPRESENTATION_CONTEXT('2D SPACE',''
  ) );
#7638 = PCURVE('',#698,#7639);
#7639 = DEFINITIONAL_REPRESENTATION('',(#7640),#7644);
#7640 = LINE('',#7641,#7642);
#7641 = CARTESIAN_POINT('',(0.,0.));
#7642 = VECTOR('',#7643,1.);
#7643 = DIRECTION('',(0.,-1.));
#7644 = ( GEOMETRIC_REPRESENTATION_CONTEXT(2) 
PARAMETRIC_REPRESENTATION_CONTEXT() REPRESENTATION_CONTEXT('2D SPACE',''
  ) );
#7645 = ORIENTED_EDGE('',*,*,#654,.F.);
#7646 = ADVANCED_FACE('',(#7647),#3386,.T.);
#7647 = FACE_BOUND('',#7648,.T.);
#7648 = EDGE_LOOP('',(#7649,#7670,#7671,#7672));
#7649 = ORIENTED_EDGE('',*,*,#7650,.T.);
#7650 = EDGE_CURVE('',#3343,#6421,#7651,.T.);
#7651 = SURFACE_CURVE('',#7652,(#7656,#7663),.PCURVE_S1.);
#7652 = LINE('',#7653,#7654);
#7653 = CARTESIAN_POINT('',(8.980256121069,8.980256121069,-1.8E-02));
#7654 = VECTOR('',#7655,1.);
#7655 = DIRECTION('',(0.,0.,1.));
#7656 = PCURVE('',#3386,#7657);
#7657 = DEFINITIONAL_REPRESENTATION('',(#7658),#7662);
#7658 = LINE('',#7659,#7660);
#7659 = CARTESIAN_POINT('',(0.,0.));
#7660 = VECTOR('',#7661,1.);
#7661 = DIRECTION('',(0.,-1.));
#7662 = ( GEOMETRIC_REPRESENTATION_CONTEXT(2) 
PARAMETRIC_REPRESENTATION_CONTEXT() REPRESENTATION_CONTEXT('2D SPACE',''
  ) );
#7663 = PCURVE('',#3358,#7664);
#7664 = DEFINITIONAL_REPRESENTATION('',(#7665),#7669);
#7665 = LINE('',#7666,#7667);
#7666 = CARTESIAN_POINT('',(0.623347204482,0.));
#7667 = VECTOR('',#7668,1.);
#7668 = DIRECTION('',(0.,-1.));
#7669 = ( GEOMETRIC_REPRESENTATION_CONTEXT(2) 
PARAMETRIC_REPRESENTATION_CONTEXT() REPRESENTATION_CONTEXT('2D SPACE',''
  ) );
#7670 = ORIENTED_EDGE('',*,*,#6443,.T.);
#7671 = ORIENTED_EDGE('',*,*,#7596,.F.);
#7672 = ORIENTED_EDGE('',*,*,#3370,.F.);
#7673 = ADVANCED_FACE('',(#7674),#698,.T.);
#7674 = FACE_BOUND('',#7675,.T.);
#7675 = EDGE_LOOP('',(#7676,#7677,#7678,#7699));
#7676 = ORIENTED_EDGE('',*,*,#7625,.T.);
#7677 = ORIENTED_EDGE('',*,*,#4235,.T.);
#7678 = ORIENTED_EDGE('',*,*,#7679,.F.);
#7679 = EDGE_CURVE('',#683,#4236,#7680,.T.);
#7680 = SURFACE_CURVE('',#7681,(#7685,#7692),.PCURVE_S1.);
#7681 = LINE('',#7682,#7683);
#7682 = CARTESIAN_POINT('',(8.528798726557,-9.410079292008,-1.8E-02));
#7683 = VECTOR('',#7684,1.);
#7684 = DIRECTION('',(0.,0.,1.));
#7685 = PCURVE('',#698,#7686);
#7686 = DEFINITIONAL_REPRESENTATION('',(#7687),#7691);
#7687 = LINE('',#7688,#7689);
#7688 = CARTESIAN_POINT('',(0.623347204482,0.));
#7689 = VECTOR('',#7690,1.);
#7690 = DIRECTION('',(0.,-1.));
#7691 = ( GEOMETRIC_REPRESENTATION_CONTEXT(2) 
PARAMETRIC_REPRESENTATION_CONTEXT() REPRESENTATION_CONTEXT('2D SPACE',''
  ) );
#7692 = PCURVE('',#726,#7693);
#7693 = DEFINITIONAL_REPRESENTATION('',(#7694),#7698);
#7694 = LINE('',#7695,#7696);
#7695 = CARTESIAN_POINT('',(0.,0.));
#7696 = VECTOR('',#7697,1.);
#7697 = DIRECTION('',(0.,-1.));
#7698 = ( GEOMETRIC_REPRESENTATION_CONTEXT(2) 
PARAMETRIC_REPRESENTATION_CONTEXT() REPRESENTATION_CONTEXT('2D SPACE',''
  ) );
#7699 = ORIENTED_EDGE('',*,*,#682,.F.);
#7700 = ADVANCED_FACE('',(#7701),#3358,.T.);
#7701 = FACE_BOUND('',#7702,.T.);
#7702 = EDGE_LOOP('',(#7703,#7724,#7725,#7726));
#7703 = ORIENTED_EDGE('',*,*,#7704,.T.);
#7704 = EDGE_CURVE('',#3315,#6398,#7705,.T.);
#7705 = SURFACE_CURVE('',#7706,(#7710,#7717),.PCURVE_S1.);
#7706 = LINE('',#7707,#7708);
#7707 = CARTESIAN_POINT('',(8.528798726557,9.410079292008,-1.8E-02));
#7708 = VECTOR('',#7709,1.);
#7709 = DIRECTION('',(0.,0.,1.));
#7710 = PCURVE('',#3358,#7711);
#7711 = DEFINITIONAL_REPRESENTATION('',(#7712),#7716);
#7712 = LINE('',#7713,#7714);
#7713 = CARTESIAN_POINT('',(0.,0.));
#7714 = VECTOR('',#7715,1.);
#7715 = DIRECTION('',(0.,-1.));
#7716 = ( GEOMETRIC_REPRESENTATION_CONTEXT(2) 
PARAMETRIC_REPRESENTATION_CONTEXT() REPRESENTATION_CONTEXT('2D SPACE',''
  ) );
#7717 = PCURVE('',#3330,#7718);
#7718 = DEFINITIONAL_REPRESENTATION('',(#7719),#7723);
#7719 = LINE('',#7720,#7721);
#7720 = CARTESIAN_POINT('',(0.623347204482,0.));
#7721 = VECTOR('',#7722,1.);
#7722 = DIRECTION('',(0.,-1.));
#7723 = ( GEOMETRIC_REPRESENTATION_CONTEXT(2) 
PARAMETRIC_REPRESENTATION_CONTEXT() REPRESENTATION_CONTEXT('2D SPACE',''
  ) );
#7724 = ORIENTED_EDGE('',*,*,#6420,.T.);
#7725 = ORIENTED_EDGE('',*,*,#7650,.F.);
#7726 = ORIENTED_EDGE('',*,*,#3342,.F.);
#7727 = ADVANCED_FACE('',(#7728),#726,.T.);
#7728 = FACE_BOUND('',#7729,.T.);
#7729 = EDGE_LOOP('',(#7730,#7731,#7732,#7753));
#7730 = ORIENTED_EDGE('',*,*,#7679,.T.);
#7731 = ORIENTED_EDGE('',*,*,#4258,.T.);
#7732 = ORIENTED_EDGE('',*,*,#7733,.F.);
#7733 = EDGE_CURVE('',#711,#4259,#7734,.T.);
#7734 = SURFACE_CURVE('',#7735,(#7739,#7746),.PCURVE_S1.);
#7735 = LINE('',#7736,#7737);
#7736 = CARTESIAN_POINT('',(8.056794708878,-9.817232757707,-1.8E-02));
#7737 = VECTOR('',#7738,1.);
#7738 = DIRECTION('',(0.,0.,1.));
#7739 = PCURVE('',#726,#7740);
#7740 = DEFINITIONAL_REPRESENTATION('',(#7741),#7745);
#7741 = LINE('',#7742,#7743);
#7742 = CARTESIAN_POINT('',(0.623347204482,0.));
#7743 = VECTOR('',#7744,1.);
#7744 = DIRECTION('',(0.,-1.));
#7745 = ( GEOMETRIC_REPRESENTATION_CONTEXT(2) 
PARAMETRIC_REPRESENTATION_CONTEXT() REPRESENTATION_CONTEXT('2D SPACE',''
  ) );
#7746 = PCURVE('',#754,#7747);
#7747 = DEFINITIONAL_REPRESENTATION('',(#7748),#7752);
#7748 = LINE('',#7749,#7750);
#7749 = CARTESIAN_POINT('',(0.,0.));
#7750 = VECTOR('',#7751,1.);
#7751 = DIRECTION('',(0.,-1.));
#7752 = ( GEOMETRIC_REPRESENTATION_CONTEXT(2) 
PARAMETRIC_REPRESENTATION_CONTEXT() REPRESENTATION_CONTEXT('2D SPACE',''
  ) );
#7753 = ORIENTED_EDGE('',*,*,#710,.F.);
#7754 = ADVANCED_FACE('',(#7755),#3330,.T.);
#7755 = FACE_BOUND('',#7756,.T.);
#7756 = EDGE_LOOP('',(#7757,#7778,#7779,#7780));
#7757 = ORIENTED_EDGE('',*,*,#7758,.T.);
#7758 = EDGE_CURVE('',#3287,#6375,#7759,.T.);
#7759 = SURFACE_CURVE('',#7760,(#7764,#7771),.PCURVE_S1.);
#7760 = LINE('',#7761,#7762);
#7761 = CARTESIAN_POINT('',(8.056794708878,9.817232757707,-1.8E-02));
#7762 = VECTOR('',#7763,1.);
#7763 = DIRECTION('',(0.,0.,1.));
#7764 = PCURVE('',#3330,#7765);
#7765 = DEFINITIONAL_REPRESENTATION('',(#7766),#7770);
#7766 = LINE('',#7767,#7768);
#7767 = CARTESIAN_POINT('',(0.,0.));
#7768 = VECTOR('',#7769,1.);
#7769 = DIRECTION('',(0.,-1.));
#7770 = ( GEOMETRIC_REPRESENTATION_CONTEXT(2) 
PARAMETRIC_REPRESENTATION_CONTEXT() REPRESENTATION_CONTEXT('2D SPACE',''
  ) );
#7771 = PCURVE('',#3302,#7772);
#7772 = DEFINITIONAL_REPRESENTATION('',(#7773),#7777);
#7773 = LINE('',#7774,#7775);
#7774 = CARTESIAN_POINT('',(0.623347204482,0.));
#7775 = VECTOR('',#7776,1.);
#7776 = DIRECTION('',(0.,-1.));
#7777 = ( GEOMETRIC_REPRESENTATION_CONTEXT(2) 
PARAMETRIC_REPRESENTATION_CONTEXT() REPRESENTATION_CONTEXT('2D SPACE',''
  ) );
#7778 = ORIENTED_EDGE('',*,*,#6397,.T.);
#7779 = ORIENTED_EDGE('',*,*,#7704,.F.);
#7780 = ORIENTED_EDGE('',*,*,#3314,.F.);
#7781 = ADVANCED_FACE('',(#7782),#754,.T.);
#7782 = FACE_BOUND('',#7783,.T.);
#7783 = EDGE_LOOP('',(#7784,#7785,#7786,#7807));
#7784 = ORIENTED_EDGE('',*,*,#7733,.T.);
#7785 = ORIENTED_EDGE('',*,*,#4281,.T.);
#7786 = ORIENTED_EDGE('',*,*,#7787,.F.);
#7787 = EDGE_CURVE('',#739,#4282,#7788,.T.);
#7788 = SURFACE_CURVE('',#7789,(#7793,#7800),.PCURVE_S1.);
#7789 = LINE('',#7790,#7791);
#7790 = CARTESIAN_POINT('',(7.565381167054,-10.2007356498,-1.8E-02));
#7791 = VECTOR('',#7792,1.);
#7792 = DIRECTION('',(0.,0.,1.));
#7793 = PCURVE('',#754,#7794);
#7794 = DEFINITIONAL_REPRESENTATION('',(#7795),#7799);
#7795 = LINE('',#7796,#7797);
#7796 = CARTESIAN_POINT('',(0.623347204482,0.));
#7797 = VECTOR('',#7798,1.);
#7798 = DIRECTION('',(0.,-1.));
#7799 = ( GEOMETRIC_REPRESENTATION_CONTEXT(2) 
PARAMETRIC_REPRESENTATION_CONTEXT() REPRESENTATION_CONTEXT('2D SPACE',''
  ) );
#7800 = PCURVE('',#782,#7801);
#7801 = DEFINITIONAL_REPRESENTATION('',(#7802),#7806);
#7802 = LINE('',#7803,#7804);
#7803 = CARTESIAN_POINT('',(0.,0.));
#7804 = VECTOR('',#7805,1.);
#7805 = DIRECTION('',(0.,-1.));
#7806 = ( GEOMETRIC_REPRESENTATION_CONTEXT(2) 
PARAMETRIC_REPRESENTATION_CONTEXT() REPRESENTATION_CONTEXT('2D SPACE',''
  ) );
#7807 = ORIENTED_EDGE('',*,*,#738,.F.);
#7808 = ADVANCED_FACE('',(#7809),#3302,.T.);
#7809 = FACE_BOUND('',#7810,.T.);
#7810 = EDGE_LOOP('',(#7811,#7832,#7833,#7834));
#7811 = ORIENTED_EDGE('',*,*,#7812,.T.);
#7812 = EDGE_CURVE('',#3259,#6352,#7813,.T.);
#7813 = SURFACE_CURVE('',#7814,(#7818,#7825),.PCURVE_S1.);
#7814 = LINE('',#7815,#7816);
#7815 = CARTESIAN_POINT('',(7.565381167054,10.200735649804,-1.8E-02));
#7816 = VECTOR('',#7817,1.);
#7817 = DIRECTION('',(0.,0.,1.));
#7818 = PCURVE('',#3302,#7819);
#7819 = DEFINITIONAL_REPRESENTATION('',(#7820),#7824);
#7820 = LINE('',#7821,#7822);
#7821 = CARTESIAN_POINT('',(0.,0.));
#7822 = VECTOR('',#7823,1.);
#7823 = DIRECTION('',(0.,-1.));
#7824 = ( GEOMETRIC_REPRESENTATION_CONTEXT(2) 
PARAMETRIC_REPRESENTATION_CONTEXT() REPRESENTATION_CONTEXT('2D SPACE',''
  ) );
#7825 = PCURVE('',#3274,#7826);
#7826 = DEFINITIONAL_REPRESENTATION('',(#7827),#7831);
#7827 = LINE('',#7828,#7829);
#7828 = CARTESIAN_POINT('',(0.623347204482,0.));
#7829 = VECTOR('',#7830,1.);
#7830 = DIRECTION('',(0.,-1.));
#7831 = ( GEOMETRIC_REPRESENTATION_CONTEXT(2) 
PARAMETRIC_REPRESENTATION_CONTEXT() REPRESENTATION_CONTEXT('2D SPACE',''
  ) );
#7832 = ORIENTED_EDGE('',*,*,#6374,.T.);
#7833 = ORIENTED_EDGE('',*,*,#7758,.F.);
#7834 = ORIENTED_EDGE('',*,*,#3286,.F.);
#7835 = ADVANCED_FACE('',(#7836),#782,.T.);
#7836 = FACE_BOUND('',#7837,.T.);
#7837 = EDGE_LOOP('',(#7838,#7839,#7840,#7861));
#7838 = ORIENTED_EDGE('',*,*,#7787,.T.);
#7839 = ORIENTED_EDGE('',*,*,#4304,.T.);
#7840 = ORIENTED_EDGE('',*,*,#7841,.F.);
#7841 = EDGE_CURVE('',#767,#4305,#7842,.T.);
#7842 = SURFACE_CURVE('',#7843,(#7847,#7854),.PCURVE_S1.);
#7843 = LINE('',#7844,#7845);
#7844 = CARTESIAN_POINT('',(7.055741959349,-10.55966407624,-1.8E-02));
#7845 = VECTOR('',#7846,1.);
#7846 = DIRECTION('',(0.,0.,1.));
#7847 = PCURVE('',#782,#7848);
#7848 = DEFINITIONAL_REPRESENTATION('',(#7849),#7853);
#7849 = LINE('',#7850,#7851);
#7850 = CARTESIAN_POINT('',(0.623347204482,0.));
#7851 = VECTOR('',#7852,1.);
#7852 = DIRECTION('',(0.,-1.));
#7853 = ( GEOMETRIC_REPRESENTATION_CONTEXT(2) 
PARAMETRIC_REPRESENTATION_CONTEXT() REPRESENTATION_CONTEXT('2D SPACE',''
  ) );
#7854 = PCURVE('',#810,#7855);
#7855 = DEFINITIONAL_REPRESENTATION('',(#7856),#7860);
#7856 = LINE('',#7857,#7858);
#7857 = CARTESIAN_POINT('',(0.,0.));
#7858 = VECTOR('',#7859,1.);
#7859 = DIRECTION('',(0.,-1.));
#7860 = ( GEOMETRIC_REPRESENTATION_CONTEXT(2) 
PARAMETRIC_REPRESENTATION_CONTEXT() REPRESENTATION_CONTEXT('2D SPACE',''
  ) );
#7861 = ORIENTED_EDGE('',*,*,#766,.F.);
#7862 = ADVANCED_FACE('',(#7863),#3274,.T.);
#7863 = FACE_BOUND('',#7864,.T.);
#7864 = EDGE_LOOP('',(#7865,#7886,#7887,#7888));
#7865 = ORIENTED_EDGE('',*,*,#7866,.T.);
#7866 = EDGE_CURVE('',#3231,#6329,#7867,.T.);
#7867 = SURFACE_CURVE('',#7868,(#7872,#7879),.PCURVE_S1.);
#7868 = LINE('',#7869,#7870);
#7869 = CARTESIAN_POINT('',(7.055741959349,10.559664076242,-1.8E-02));
#7870 = VECTOR('',#7871,1.);
#7871 = DIRECTION('',(0.,0.,1.));
#7872 = PCURVE('',#3274,#7873);
#7873 = DEFINITIONAL_REPRESENTATION('',(#7874),#7878);
#7874 = LINE('',#7875,#7876);
#7875 = CARTESIAN_POINT('',(0.,0.));
#7876 = VECTOR('',#7877,1.);
#7877 = DIRECTION('',(0.,-1.));
#7878 = ( GEOMETRIC_REPRESENTATION_CONTEXT(2) 
PARAMETRIC_REPRESENTATION_CONTEXT() REPRESENTATION_CONTEXT('2D SPACE',''
  ) );
#7879 = PCURVE('',#3246,#7880);
#7880 = DEFINITIONAL_REPRESENTATION('',(#7881),#7885);
#7881 = LINE('',#7882,#7883);
#7882 = CARTESIAN_POINT('',(0.623347204482,0.));
#7883 = VECTOR('',#7884,1.);
#7884 = DIRECTION('',(0.,-1.));
#7885 = ( GEOMETRIC_REPRESENTATION_CONTEXT(2) 
PARAMETRIC_REPRESENTATION_CONTEXT() REPRESENTATION_CONTEXT('2D SPACE',''
  ) );
#7886 = ORIENTED_EDGE('',*,*,#6351,.T.);
#7887 = ORIENTED_EDGE('',*,*,#7812,.F.);
#7888 = ORIENTED_EDGE('',*,*,#3258,.F.);
#7889 = ADVANCED_FACE('',(#7890),#810,.T.);
#7890 = FACE_BOUND('',#7891,.T.);
#7891 = EDGE_LOOP('',(#7892,#7893,#7894,#7915));
#7892 = ORIENTED_EDGE('',*,*,#7841,.T.);
#7893 = ORIENTED_EDGE('',*,*,#4327,.T.);
#7894 = ORIENTED_EDGE('',*,*,#7895,.F.);
#7895 = EDGE_CURVE('',#795,#4328,#7896,.T.);
#7896 = SURFACE_CURVE('',#7897,(#7901,#7908),.PCURVE_S1.);
#7897 = LINE('',#7898,#7899);
#7898 = CARTESIAN_POINT('',(6.529104851254,-10.893153347,-1.8E-02));
#7899 = VECTOR('',#7900,1.);
#7900 = DIRECTION('',(0.,0.,1.));
#7901 = PCURVE('',#810,#7902);
#7902 = DEFINITIONAL_REPRESENTATION('',(#7903),#7907);
#7903 = LINE('',#7904,#7905);
#7904 = CARTESIAN_POINT('',(0.623347204482,0.));
#7905 = VECTOR('',#7906,1.);
#7906 = DIRECTION('',(0.,-1.));
#7907 = ( GEOMETRIC_REPRESENTATION_CONTEXT(2) 
PARAMETRIC_REPRESENTATION_CONTEXT() REPRESENTATION_CONTEXT('2D SPACE',''
  ) );
#7908 = PCURVE('',#838,#7909);
#7909 = DEFINITIONAL_REPRESENTATION('',(#7910),#7914);
#7910 = LINE('',#7911,#7912);
#7911 = CARTESIAN_POINT('',(0.,0.));
#7912 = VECTOR('',#7913,1.);
#7913 = DIRECTION('',(0.,-1.));
#7914 = ( GEOMETRIC_REPRESENTATION_CONTEXT(2) 
PARAMETRIC_REPRESENTATION_CONTEXT() REPRESENTATION_CONTEXT('2D SPACE',''
  ) );
#7915 = ORIENTED_EDGE('',*,*,#794,.F.);
#7916 = ADVANCED_FACE('',(#7917),#3246,.T.);
#7917 = FACE_BOUND('',#7918,.T.);
#7918 = EDGE_LOOP('',(#7919,#7940,#7941,#7942));
#7919 = ORIENTED_EDGE('',*,*,#7920,.T.);
#7920 = EDGE_CURVE('',#3203,#6306,#7921,.T.);
#7921 = SURFACE_CURVE('',#7922,(#7926,#7933),.PCURVE_S1.);
#7922 = LINE('',#7923,#7924);
#7923 = CARTESIAN_POINT('',(6.529104851254,10.893153347003,-1.8E-02));
#7924 = VECTOR('',#7925,1.);
#7925 = DIRECTION('',(0.,0.,1.));
#7926 = PCURVE('',#3246,#7927);
#7927 = DEFINITIONAL_REPRESENTATION('',(#7928),#7932);
#7928 = LINE('',#7929,#7930);
#7929 = CARTESIAN_POINT('',(0.,0.));
#7930 = VECTOR('',#7931,1.);
#7931 = DIRECTION('',(0.,-1.));
#7932 = ( GEOMETRIC_REPRESENTATION_CONTEXT(2) 
PARAMETRIC_REPRESENTATION_CONTEXT() REPRESENTATION_CONTEXT('2D SPACE',''
  ) );
#7933 = PCURVE('',#3218,#7934);
#7934 = DEFINITIONAL_REPRESENTATION('',(#7935),#7939);
#7935 = LINE('',#7936,#7937);
#7936 = CARTESIAN_POINT('',(0.623347204482,0.));
#7937 = VECTOR('',#7938,1.);
#7938 = DIRECTION('',(0.,-1.));
#7939 = ( GEOMETRIC_REPRESENTATION_CONTEXT(2) 
PARAMETRIC_REPRESENTATION_CONTEXT() REPRESENTATION_CONTEXT('2D SPACE',''
  ) );
#7940 = ORIENTED_EDGE('',*,*,#6328,.T.);
#7941 = ORIENTED_EDGE('',*,*,#7866,.F.);
#7942 = ORIENTED_EDGE('',*,*,#3230,.F.);
#7943 = ADVANCED_FACE('',(#7944),#838,.T.);
#7944 = FACE_BOUND('',#7945,.T.);
#7945 = EDGE_LOOP('',(#7946,#7947,#7948,#7969));
#7946 = ORIENTED_EDGE('',*,*,#7895,.T.);
#7947 = ORIENTED_EDGE('',*,*,#4350,.T.);
#7948 = ORIENTED_EDGE('',*,*,#7949,.F.);
#7949 = EDGE_CURVE('',#823,#4351,#7950,.T.);
#7950 = SURFACE_CURVE('',#7951,(#7955,#7962),.PCURVE_S1.);
#7951 = LINE('',#7952,#7953);
#7952 = CARTESIAN_POINT('',(5.98673855769,-11.20040005722,-1.8E-02));
#7953 = VECTOR('',#7954,1.);
#7954 = DIRECTION('',(0.,0.,1.));
#7955 = PCURVE('',#838,#7956);
#7956 = DEFINITIONAL_REPRESENTATION('',(#7957),#7961);
#7957 = LINE('',#7958,#7959);
#7958 = CARTESIAN_POINT('',(0.623347204482,0.));
#7959 = VECTOR('',#7960,1.);
#7960 = DIRECTION('',(0.,-1.));
#7961 = ( GEOMETRIC_REPRESENTATION_CONTEXT(2) 
PARAMETRIC_REPRESENTATION_CONTEXT() REPRESENTATION_CONTEXT('2D SPACE',''
  ) );
#7962 = PCURVE('',#866,#7963);
#7963 = DEFINITIONAL_REPRESENTATION('',(#7964),#7968);
#7964 = LINE('',#7965,#7966);
#7965 = CARTESIAN_POINT('',(0.,0.));
#7966 = VECTOR('',#7967,1.);
#7967 = DIRECTION('',(0.,-1.));
#7968 = ( GEOMETRIC_REPRESENTATION_CONTEXT(2) 
PARAMETRIC_REPRESENTATION_CONTEXT() REPRESENTATION_CONTEXT('2D SPACE',''
  ) );
#7969 = ORIENTED_EDGE('',*,*,#822,.F.);
#7970 = ADVANCED_FACE('',(#7971),#3218,.T.);
#7971 = FACE_BOUND('',#7972,.T.);
#7972 = EDGE_LOOP('',(#7973,#7994,#7995,#7996));
#7973 = ORIENTED_EDGE('',*,*,#7974,.T.);
#7974 = EDGE_CURVE('',#3175,#6283,#7975,.T.);
#7975 = SURFACE_CURVE('',#7976,(#7980,#7987),.PCURVE_S1.);
#7976 = LINE('',#7977,#7978);
#7977 = CARTESIAN_POINT('',(5.98673855769,11.200400057224,-1.8E-02));
#7978 = VECTOR('',#7979,1.);
#7979 = DIRECTION('',(0.,0.,1.));
#7980 = PCURVE('',#3218,#7981);
#7981 = DEFINITIONAL_REPRESENTATION('',(#7982),#7986);
#7982 = LINE('',#7983,#7984);
#7983 = CARTESIAN_POINT('',(0.,0.));
#7984 = VECTOR('',#7985,1.);
#7985 = DIRECTION('',(0.,-1.));
#7986 = ( GEOMETRIC_REPRESENTATION_CONTEXT(2) 
PARAMETRIC_REPRESENTATION_CONTEXT() REPRESENTATION_CONTEXT('2D SPACE',''
  ) );
#7987 = PCURVE('',#3190,#7988);
#7988 = DEFINITIONAL_REPRESENTATION('',(#7989),#7993);
#7989 = LINE('',#7990,#7991);
#7990 = CARTESIAN_POINT('',(0.623347204482,0.));
#7991 = VECTOR('',#7992,1.);
#7992 = DIRECTION('',(0.,-1.));
#7993 = ( GEOMETRIC_REPRESENTATION_CONTEXT(2) 
PARAMETRIC_REPRESENTATION_CONTEXT() REPRESENTATION_CONTEXT('2D SPACE',''
  ) );
#7994 = ORIENTED_EDGE('',*,*,#6305,.T.);
#7995 = ORIENTED_EDGE('',*,*,#7920,.F.);
#7996 = ORIENTED_EDGE('',*,*,#3202,.F.);
#7997 = ADVANCED_FACE('',(#7998),#866,.T.);
#7998 = FACE_BOUND('',#7999,.T.);
#7999 = EDGE_LOOP('',(#8000,#8001,#8002,#8023));
#8000 = ORIENTED_EDGE('',*,*,#7949,.T.);
#8001 = ORIENTED_EDGE('',*,*,#4373,.T.);
#8002 = ORIENTED_EDGE('',*,*,#8003,.F.);
#8003 = EDGE_CURVE('',#851,#4374,#8004,.T.);
#8004 = SURFACE_CURVE('',#8005,(#8009,#8016),.PCURVE_S1.);
#8005 = LINE('',#8006,#8007);
#8006 = CARTESIAN_POINT('',(5.429949686565,-11.48066402266,-1.8E-02));
#8007 = VECTOR('',#8008,1.);
#8008 = DIRECTION('',(0.,0.,1.));
#8009 = PCURVE('',#866,#8010);
#8010 = DEFINITIONAL_REPRESENTATION('',(#8011),#8015);
#8011 = LINE('',#8012,#8013);
#8012 = CARTESIAN_POINT('',(0.623347204482,0.));
#8013 = VECTOR('',#8014,1.);
#8014 = DIRECTION('',(0.,-1.));
#8015 = ( GEOMETRIC_REPRESENTATION_CONTEXT(2) 
PARAMETRIC_REPRESENTATION_CONTEXT() REPRESENTATION_CONTEXT('2D SPACE',''
  ) );
#8016 = PCURVE('',#894,#8017);
#8017 = DEFINITIONAL_REPRESENTATION('',(#8018),#8022);
#8018 = LINE('',#8019,#8020);
#8019 = CARTESIAN_POINT('',(0.,0.));
#8020 = VECTOR('',#8021,1.);
#8021 = DIRECTION('',(0.,-1.));
#8022 = ( GEOMETRIC_REPRESENTATION_CONTEXT(2) 
PARAMETRIC_REPRESENTATION_CONTEXT() REPRESENTATION_CONTEXT('2D SPACE',''
  ) );
#8023 = ORIENTED_EDGE('',*,*,#850,.F.);
#8024 = ADVANCED_FACE('',(#8025),#3190,.T.);
#8025 = FACE_BOUND('',#8026,.T.);
#8026 = EDGE_LOOP('',(#8027,#8048,#8049,#8050));
#8027 = ORIENTED_EDGE('',*,*,#8028,.T.);
#8028 = EDGE_CURVE('',#3147,#6260,#8029,.T.);
#8029 = SURFACE_CURVE('',#8030,(#8034,#8041),.PCURVE_S1.);
#8030 = LINE('',#8031,#8032);
#8031 = CARTESIAN_POINT('',(5.429949686565,11.480664022668,-1.8E-02));
#8032 = VECTOR('',#8033,1.);
#8033 = DIRECTION('',(0.,0.,1.));
#8034 = PCURVE('',#3190,#8035);
#8035 = DEFINITIONAL_REPRESENTATION('',(#8036),#8040);
#8036 = LINE('',#8037,#8038);
#8037 = CARTESIAN_POINT('',(0.,0.));
#8038 = VECTOR('',#8039,1.);
#8039 = DIRECTION('',(0.,-1.));
#8040 = ( GEOMETRIC_REPRESENTATION_CONTEXT(2) 
PARAMETRIC_REPRESENTATION_CONTEXT() REPRESENTATION_CONTEXT('2D SPACE',''
  ) );
#8041 = PCURVE('',#3162,#8042);
#8042 = DEFINITIONAL_REPRESENTATION('',(#8043),#8047);
#8043 = LINE('',#8044,#8045);
#8044 = CARTESIAN_POINT('',(0.623347204482,0.));
#8045 = VECTOR('',#8046,1.);
#8046 = DIRECTION('',(0.,-1.));
#8047 = ( GEOMETRIC_REPRESENTATION_CONTEXT(2) 
PARAMETRIC_REPRESENTATION_CONTEXT() REPRESENTATION_CONTEXT('2D SPACE',''
  ) );
#8048 = ORIENTED_EDGE('',*,*,#6282,.T.);
#8049 = ORIENTED_EDGE('',*,*,#7974,.F.);
#8050 = ORIENTED_EDGE('',*,*,#3174,.F.);
#8051 = ADVANCED_FACE('',(#8052),#894,.T.);
#8052 = FACE_BOUND('',#8053,.T.);
#8053 = EDGE_LOOP('',(#8054,#8055,#8056,#8077));
#8054 = ORIENTED_EDGE('',*,*,#8003,.T.);
#8055 = ORIENTED_EDGE('',*,*,#4396,.T.);
#8056 = ORIENTED_EDGE('',*,*,#8057,.F.);
#8057 = EDGE_CURVE('',#879,#4397,#8058,.T.);
#8058 = SURFACE_CURVE('',#8059,(#8063,#8070),.PCURVE_S1.);
#8059 = LINE('',#8060,#8061);
#8060 = CARTESIAN_POINT('',(4.860079591037,-11.73327006289,-1.8E-02));
#8061 = VECTOR('',#8062,1.);
#8062 = DIRECTION('',(0.,0.,1.));
#8063 = PCURVE('',#894,#8064);
#8064 = DEFINITIONAL_REPRESENTATION('',(#8065),#8069);
#8065 = LINE('',#8066,#8067);
#8066 = CARTESIAN_POINT('',(0.623347204482,0.));
#8067 = VECTOR('',#8068,1.);
#8068 = DIRECTION('',(0.,-1.));
#8069 = ( GEOMETRIC_REPRESENTATION_CONTEXT(2) 
PARAMETRIC_REPRESENTATION_CONTEXT() REPRESENTATION_CONTEXT('2D SPACE',''
  ) );
#8070 = PCURVE('',#922,#8071);
#8071 = DEFINITIONAL_REPRESENTATION('',(#8072),#8076);
#8072 = LINE('',#8073,#8074);
#8073 = CARTESIAN_POINT('',(0.,0.));
#8074 = VECTOR('',#8075,1.);
#8075 = DIRECTION('',(0.,-1.));
#8076 = ( GEOMETRIC_REPRESENTATION_CONTEXT(2) 
PARAMETRIC_REPRESENTATION_CONTEXT() REPRESENTATION_CONTEXT('2D SPACE',''
  ) );
#8077 = ORIENTED_EDGE('',*,*,#878,.F.);
#8078 = ADVANCED_FACE('',(#8079),#3162,.T.);
#8079 = FACE_BOUND('',#8080,.T.);
#8080 = EDGE_LOOP('',(#8081,#8102,#8103,#8104));
#8081 = ORIENTED_EDGE('',*,*,#8082,.T.);
#8082 = EDGE_CURVE('',#3119,#6237,#8083,.T.);
#8083 = SURFACE_CURVE('',#8084,(#8088,#8095),.PCURVE_S1.);
#8084 = LINE('',#8085,#8086);
#8085 = CARTESIAN_POINT('',(4.860079591037,11.733270062893,-1.8E-02));
#8086 = VECTOR('',#8087,1.);
#8087 = DIRECTION('',(0.,0.,1.));
#8088 = PCURVE('',#3162,#8089);
#8089 = DEFINITIONAL_REPRESENTATION('',(#8090),#8094);
#8090 = LINE('',#8091,#8092);
#8091 = CARTESIAN_POINT('',(0.,0.));
#8092 = VECTOR('',#8093,1.);
#8093 = DIRECTION('',(0.,-1.));
#8094 = ( GEOMETRIC_REPRESENTATION_CONTEXT(2) 
PARAMETRIC_REPRESENTATION_CONTEXT() REPRESENTATION_CONTEXT('2D SPACE',''
  ) );
#8095 = PCURVE('',#3134,#8096);
#8096 = DEFINITIONAL_REPRESENTATION('',(#8097),#8101);
#8097 = LINE('',#8098,#8099);
#8098 = CARTESIAN_POINT('',(0.623347204482,0.));
#8099 = VECTOR('',#8100,1.);
#8100 = DIRECTION('',(0.,-1.));
#8101 = ( GEOMETRIC_REPRESENTATION_CONTEXT(2) 
PARAMETRIC_REPRESENTATION_CONTEXT() REPRESENTATION_CONTEXT('2D SPACE',''
  ) );
#8102 = ORIENTED_EDGE('',*,*,#6259,.T.);
#8103 = ORIENTED_EDGE('',*,*,#8028,.F.);
#8104 = ORIENTED_EDGE('',*,*,#3146,.F.);
#8105 = ADVANCED_FACE('',(#8106),#922,.T.);
#8106 = FACE_BOUND('',#8107,.T.);
#8107 = EDGE_LOOP('',(#8108,#8109,#8110,#8131));
#8108 = ORIENTED_EDGE('',*,*,#8057,.T.);
#8109 = ORIENTED_EDGE('',*,*,#4419,.T.);
#8110 = ORIENTED_EDGE('',*,*,#8111,.F.);
#8111 = EDGE_CURVE('',#907,#4420,#8112,.T.);
#8112 = SURFACE_CURVE('',#8113,(#8117,#8124),.PCURVE_S1.);
#8113 = LINE('',#8114,#8115);
#8114 = CARTESIAN_POINT('',(4.278501138081,-11.95760962782,-1.8E-02));
#8115 = VECTOR('',#8116,1.);
#8116 = DIRECTION('',(0.,0.,1.));
#8117 = PCURVE('',#922,#8118);
#8118 = DEFINITIONAL_REPRESENTATION('',(#8119),#8123);
#8119 = LINE('',#8120,#8121);
#8120 = CARTESIAN_POINT('',(0.623347204482,0.));
#8121 = VECTOR('',#8122,1.);
#8122 = DIRECTION('',(0.,-1.));
#8123 = ( GEOMETRIC_REPRESENTATION_CONTEXT(2) 
PARAMETRIC_REPRESENTATION_CONTEXT() REPRESENTATION_CONTEXT('2D SPACE',''
  ) );
#8124 = PCURVE('',#950,#8125);
#8125 = DEFINITIONAL_REPRESENTATION('',(#8126),#8130);
#8126 = LINE('',#8127,#8128);
#8127 = CARTESIAN_POINT('',(0.,0.));
#8128 = VECTOR('',#8129,1.);
#8129 = DIRECTION('',(0.,-1.));
#8130 = ( GEOMETRIC_REPRESENTATION_CONTEXT(2) 
PARAMETRIC_REPRESENTATION_CONTEXT() REPRESENTATION_CONTEXT('2D SPACE',''
  ) );
#8131 = ORIENTED_EDGE('',*,*,#906,.F.);
#8132 = ADVANCED_FACE('',(#8133),#3134,.T.);
#8133 = FACE_BOUND('',#8134,.T.);
#8134 = EDGE_LOOP('',(#8135,#8156,#8157,#8158));
#8135 = ORIENTED_EDGE('',*,*,#8136,.T.);
#8136 = EDGE_CURVE('',#3091,#6214,#8137,.T.);
#8137 = SURFACE_CURVE('',#8138,(#8142,#8149),.PCURVE_S1.);
#8138 = LINE('',#8139,#8140);
#8139 = CARTESIAN_POINT('',(4.278501138081,11.957609627824,-1.8E-02));
#8140 = VECTOR('',#8141,1.);
#8141 = DIRECTION('',(0.,0.,1.));
#8142 = PCURVE('',#3134,#8143);
#8143 = DEFINITIONAL_REPRESENTATION('',(#8144),#8148);
#8144 = LINE('',#8145,#8146);
#8145 = CARTESIAN_POINT('',(0.,0.));
#8146 = VECTOR('',#8147,1.);
#8147 = DIRECTION('',(0.,-1.));
#8148 = ( GEOMETRIC_REPRESENTATION_CONTEXT(2) 
PARAMETRIC_REPRESENTATION_CONTEXT() REPRESENTATION_CONTEXT('2D SPACE',''
  ) );
#8149 = PCURVE('',#3106,#8150);
#8150 = DEFINITIONAL_REPRESENTATION('',(#8151),#8155);
#8151 = LINE('',#8152,#8153);
#8152 = CARTESIAN_POINT('',(0.623347204482,0.));
#8153 = VECTOR('',#8154,1.);
#8154 = DIRECTION('',(0.,-1.));
#8155 = ( GEOMETRIC_REPRESENTATION_CONTEXT(2) 
PARAMETRIC_REPRESENTATION_CONTEXT() REPRESENTATION_CONTEXT('2D SPACE',''
  ) );
#8156 = ORIENTED_EDGE('',*,*,#6236,.T.);
#8157 = ORIENTED_EDGE('',*,*,#8082,.F.);
#8158 = ORIENTED_EDGE('',*,*,#3118,.F.);
#8159 = ADVANCED_FACE('',(#8160),#950,.T.);
#8160 = FACE_BOUND('',#8161,.T.);
#8161 = EDGE_LOOP('',(#8162,#8163,#8164,#8185));
#8162 = ORIENTED_EDGE('',*,*,#8111,.T.);
#8163 = ORIENTED_EDGE('',*,*,#4442,.T.);
#8164 = ORIENTED_EDGE('',*,*,#8165,.F.);
#8165 = EDGE_CURVE('',#935,#4443,#8166,.T.);
#8166 = SURFACE_CURVE('',#8167,(#8171,#8178),.PCURVE_S1.);
#8167 = LINE('',#8168,#8169);
#8168 = CARTESIAN_POINT('',(3.686615401132,-12.15314226379,-1.8E-02));
#8169 = VECTOR('',#8170,1.);
#8170 = DIRECTION('',(0.,0.,1.));
#8171 = PCURVE('',#950,#8172);
#8172 = DEFINITIONAL_REPRESENTATION('',(#8173),#8177);
#8173 = LINE('',#8174,#8175);
#8174 = CARTESIAN_POINT('',(0.623347204482,0.));
#8175 = VECTOR('',#8176,1.);
#8176 = DIRECTION('',(0.,-1.));
#8177 = ( GEOMETRIC_REPRESENTATION_CONTEXT(2) 
PARAMETRIC_REPRESENTATION_CONTEXT() REPRESENTATION_CONTEXT('2D SPACE',''
  ) );
#8178 = PCURVE('',#978,#8179);
#8179 = DEFINITIONAL_REPRESENTATION('',(#8180),#8184);
#8180 = LINE('',#8181,#8182);
#8181 = CARTESIAN_POINT('',(0.,0.));
#8182 = VECTOR('',#8183,1.);
#8183 = DIRECTION('',(0.,-1.));
#8184 = ( GEOMETRIC_REPRESENTATION_CONTEXT(2) 
PARAMETRIC_REPRESENTATION_CONTEXT() REPRESENTATION_CONTEXT('2D SPACE',''
  ) );
#8185 = ORIENTED_EDGE('',*,*,#934,.F.);
#8186 = ADVANCED_FACE('',(#8187),#3106,.T.);
#8187 = FACE_BOUND('',#8188,.T.);
#8188 = EDGE_LOOP('',(#8189,#8210,#8211,#8212));
#8189 = ORIENTED_EDGE('',*,*,#8190,.T.);
#8190 = EDGE_CURVE('',#3063,#6191,#8191,.T.);
#8191 = SURFACE_CURVE('',#8192,(#8196,#8203),.PCURVE_S1.);
#8192 = LINE('',#8193,#8194);
#8193 = CARTESIAN_POINT('',(3.686615401132,12.153142263799,-1.8E-02));
#8194 = VECTOR('',#8195,1.);
#8195 = DIRECTION('',(0.,0.,1.));
#8196 = PCURVE('',#3106,#8197);
#8197 = DEFINITIONAL_REPRESENTATION('',(#8198),#8202);
#8198 = LINE('',#8199,#8200);
#8199 = CARTESIAN_POINT('',(0.,0.));
#8200 = VECTOR('',#8201,1.);
#8201 = DIRECTION('',(0.,-1.));
#8202 = ( GEOMETRIC_REPRESENTATION_CONTEXT(2) 
PARAMETRIC_REPRESENTATION_CONTEXT() REPRESENTATION_CONTEXT('2D SPACE',''
  ) );
#8203 = PCURVE('',#3078,#8204);
#8204 = DEFINITIONAL_REPRESENTATION('',(#8205),#8209);
#8205 = LINE('',#8206,#8207);
#8206 = CARTESIAN_POINT('',(0.623347204482,0.));
#8207 = VECTOR('',#8208,1.);
#8208 = DIRECTION('',(0.,-1.));
#8209 = ( GEOMETRIC_REPRESENTATION_CONTEXT(2) 
PARAMETRIC_REPRESENTATION_CONTEXT() REPRESENTATION_CONTEXT('2D SPACE',''
  ) );
#8210 = ORIENTED_EDGE('',*,*,#6213,.T.);
#8211 = ORIENTED_EDGE('',*,*,#8136,.F.);
#8212 = ORIENTED_EDGE('',*,*,#3090,.F.);
#8213 = ADVANCED_FACE('',(#8214),#978,.T.);
#8214 = FACE_BOUND('',#8215,.T.);
#8215 = EDGE_LOOP('',(#8216,#8217,#8218,#8239));
#8216 = ORIENTED_EDGE('',*,*,#8165,.T.);
#8217 = ORIENTED_EDGE('',*,*,#4465,.T.);
#8218 = ORIENTED_EDGE('',*,*,#8219,.F.);
#8219 = EDGE_CURVE('',#963,#4466,#8220,.T.);
#8220 = SURFACE_CURVE('',#8221,(#8225,#8232),.PCURVE_S1.);
#8221 = LINE('',#8222,#8223);
#8222 = CARTESIAN_POINT('',(3.085848284771,-12.31939691557,-1.8E-02));
#8223 = VECTOR('',#8224,1.);
#8224 = DIRECTION('',(0.,0.,1.));
#8225 = PCURVE('',#978,#8226);
#8226 = DEFINITIONAL_REPRESENTATION('',(#8227),#8231);
#8227 = LINE('',#8228,#8229);
#8228 = CARTESIAN_POINT('',(0.623347204482,0.));
#8229 = VECTOR('',#8230,1.);
#8230 = DIRECTION('',(0.,-1.));
#8231 = ( GEOMETRIC_REPRESENTATION_CONTEXT(2) 
PARAMETRIC_REPRESENTATION_CONTEXT() REPRESENTATION_CONTEXT('2D SPACE',''
  ) );
#8232 = PCURVE('',#1006,#8233);
#8233 = DEFINITIONAL_REPRESENTATION('',(#8234),#8238);
#8234 = LINE('',#8235,#8236);
#8235 = CARTESIAN_POINT('',(0.,0.));
#8236 = VECTOR('',#8237,1.);
#8237 = DIRECTION('',(0.,-1.));
#8238 = ( GEOMETRIC_REPRESENTATION_CONTEXT(2) 
PARAMETRIC_REPRESENTATION_CONTEXT() REPRESENTATION_CONTEXT('2D SPACE',''
  ) );
#8239 = ORIENTED_EDGE('',*,*,#962,.F.);
#8240 = ADVANCED_FACE('',(#8241),#3078,.T.);
#8241 = FACE_BOUND('',#8242,.T.);
#8242 = EDGE_LOOP('',(#8243,#8264,#8265,#8266));
#8243 = ORIENTED_EDGE('',*,*,#8244,.T.);
#8244 = EDGE_CURVE('',#3035,#6168,#8245,.T.);
#8245 = SURFACE_CURVE('',#8246,(#8250,#8257),.PCURVE_S1.);
#8246 = LINE('',#8247,#8248);
#8247 = CARTESIAN_POINT('',(3.085848284771,12.319396915571,-1.8E-02));
#8248 = VECTOR('',#8249,1.);
#8249 = DIRECTION('',(0.,0.,1.));
#8250 = PCURVE('',#3078,#8251);
#8251 = DEFINITIONAL_REPRESENTATION('',(#8252),#8256);
#8252 = LINE('',#8253,#8254);
#8253 = CARTESIAN_POINT('',(0.,0.));
#8254 = VECTOR('',#8255,1.);
#8255 = DIRECTION('',(0.,-1.));
#8256 = ( GEOMETRIC_REPRESENTATION_CONTEXT(2) 
PARAMETRIC_REPRESENTATION_CONTEXT() REPRESENTATION_CONTEXT('2D SPACE',''
  ) );
#8257 = PCURVE('',#3050,#8258);
#8258 = DEFINITIONAL_REPRESENTATION('',(#8259),#8263);
#8259 = LINE('',#8260,#8261);
#8260 = CARTESIAN_POINT('',(0.623347204482,0.));
#8261 = VECTOR('',#8262,1.);
#8262 = DIRECTION('',(0.,-1.));
#8263 = ( GEOMETRIC_REPRESENTATION_CONTEXT(2) 
PARAMETRIC_REPRESENTATION_CONTEXT() REPRESENTATION_CONTEXT('2D SPACE',''
  ) );
#8264 = ORIENTED_EDGE('',*,*,#6190,.T.);
#8265 = ORIENTED_EDGE('',*,*,#8190,.F.);
#8266 = ORIENTED_EDGE('',*,*,#3062,.F.);
#8267 = ADVANCED_FACE('',(#8268),#1006,.T.);
#8268 = FACE_BOUND('',#8269,.T.);
#8269 = EDGE_LOOP('',(#8270,#8271,#8272,#8293));
#8270 = ORIENTED_EDGE('',*,*,#8219,.T.);
#8271 = ORIENTED_EDGE('',*,*,#4488,.T.);
#8272 = ORIENTED_EDGE('',*,*,#8273,.F.);
#8273 = EDGE_CURVE('',#991,#4489,#8274,.T.);
#8274 = SURFACE_CURVE('',#8275,(#8279,#8286),.PCURVE_S1.);
#8275 = LINE('',#8276,#8277);
#8276 = CARTESIAN_POINT('',(2.477647089605,-12.45597306112,-1.8E-02));
#8277 = VECTOR('',#8278,1.);
#8278 = DIRECTION('',(0.,0.,1.));
#8279 = PCURVE('',#1006,#8280);
#8280 = DEFINITIONAL_REPRESENTATION('',(#8281),#8285);
#8281 = LINE('',#8282,#8283);
#8282 = CARTESIAN_POINT('',(0.623347204482,0.));
#8283 = VECTOR('',#8284,1.);
#8284 = DIRECTION('',(0.,-1.));
#8285 = ( GEOMETRIC_REPRESENTATION_CONTEXT(2) 
PARAMETRIC_REPRESENTATION_CONTEXT() REPRESENTATION_CONTEXT('2D SPACE',''
  ) );
#8286 = PCURVE('',#1034,#8287);
#8287 = DEFINITIONAL_REPRESENTATION('',(#8288),#8292);
#8288 = LINE('',#8289,#8290);
#8289 = CARTESIAN_POINT('',(0.,0.));
#8290 = VECTOR('',#8291,1.);
#8291 = DIRECTION('',(0.,-1.));
#8292 = ( GEOMETRIC_REPRESENTATION_CONTEXT(2) 
PARAMETRIC_REPRESENTATION_CONTEXT() REPRESENTATION_CONTEXT('2D SPACE',''
  ) );
#8293 = ORIENTED_EDGE('',*,*,#990,.F.);
#8294 = ADVANCED_FACE('',(#8295),#3050,.T.);
#8295 = FACE_BOUND('',#8296,.T.);
#8296 = EDGE_LOOP('',(#8297,#8318,#8319,#8320));
#8297 = ORIENTED_EDGE('',*,*,#8298,.T.);
#8298 = EDGE_CURVE('',#3007,#6145,#8299,.T.);
#8299 = SURFACE_CURVE('',#8300,(#8304,#8311),.PCURVE_S1.);
#8300 = LINE('',#8301,#8302);
#8301 = CARTESIAN_POINT('',(2.477647089605,12.455973061121,-1.8E-02));
#8302 = VECTOR('',#8303,1.);
#8303 = DIRECTION('',(0.,0.,1.));
#8304 = PCURVE('',#3050,#8305);
#8305 = DEFINITIONAL_REPRESENTATION('',(#8306),#8310);
#8306 = LINE('',#8307,#8308);
#8307 = CARTESIAN_POINT('',(0.,0.));
#8308 = VECTOR('',#8309,1.);
#8309 = DIRECTION('',(0.,-1.));
#8310 = ( GEOMETRIC_REPRESENTATION_CONTEXT(2) 
PARAMETRIC_REPRESENTATION_CONTEXT() REPRESENTATION_CONTEXT('2D SPACE',''
  ) );
#8311 = PCURVE('',#3022,#8312);
#8312 = DEFINITIONAL_REPRESENTATION('',(#8313),#8317);
#8313 = LINE('',#8314,#8315);
#8314 = CARTESIAN_POINT('',(0.623347204482,0.));
#8315 = VECTOR('',#8316,1.);
#8316 = DIRECTION('',(0.,-1.));
#8317 = ( GEOMETRIC_REPRESENTATION_CONTEXT(2) 
PARAMETRIC_REPRESENTATION_CONTEXT() REPRESENTATION_CONTEXT('2D SPACE',''
  ) );
#8318 = ORIENTED_EDGE('',*,*,#6167,.T.);
#8319 = ORIENTED_EDGE('',*,*,#8244,.F.);
#8320 = ORIENTED_EDGE('',*,*,#3034,.F.);
#8321 = ADVANCED_FACE('',(#8322),#1034,.T.);
#8322 = FACE_BOUND('',#8323,.T.);
#8323 = EDGE_LOOP('',(#8324,#8325,#8326,#8347));
#8324 = ORIENTED_EDGE('',*,*,#8273,.T.);
#8325 = ORIENTED_EDGE('',*,*,#4511,.T.);
#8326 = ORIENTED_EDGE('',*,*,#8327,.F.);
#8327 = EDGE_CURVE('',#1019,#4512,#8328,.T.);
#8328 = SURFACE_CURVE('',#8329,(#8333,#8340),.PCURVE_S1.);
#8329 = LINE('',#8330,#8331);
#8330 = CARTESIAN_POINT('',(1.863477025583,-12.56254167655,-1.8E-02));
#8331 = VECTOR('',#8332,1.);
#8332 = DIRECTION('',(0.,0.,1.));
#8333 = PCURVE('',#1034,#8334);
#8334 = DEFINITIONAL_REPRESENTATION('',(#8335),#8339);
#8335 = LINE('',#8336,#8337);
#8336 = CARTESIAN_POINT('',(0.623347204482,0.));
#8337 = VECTOR('',#8338,1.);
#8338 = DIRECTION('',(0.,-1.));
#8339 = ( GEOMETRIC_REPRESENTATION_CONTEXT(2) 
PARAMETRIC_REPRESENTATION_CONTEXT() REPRESENTATION_CONTEXT('2D SPACE',''
  ) );
#8340 = PCURVE('',#1062,#8341);
#8341 = DEFINITIONAL_REPRESENTATION('',(#8342),#8346);
#8342 = LINE('',#8343,#8344);
#8343 = CARTESIAN_POINT('',(0.,0.));
#8344 = VECTOR('',#8345,1.);
#8345 = DIRECTION('',(0.,-1.));
#8346 = ( GEOMETRIC_REPRESENTATION_CONTEXT(2) 
PARAMETRIC_REPRESENTATION_CONTEXT() REPRESENTATION_CONTEXT('2D SPACE',''
  ) );
#8347 = ORIENTED_EDGE('',*,*,#1018,.F.);
#8348 = ADVANCED_FACE('',(#8349),#3022,.T.);
#8349 = FACE_BOUND('',#8350,.T.);
#8350 = EDGE_LOOP('',(#8351,#8372,#8373,#8374));
#8351 = ORIENTED_EDGE('',*,*,#8352,.T.);
#8352 = EDGE_CURVE('',#2979,#6122,#8353,.T.);
#8353 = SURFACE_CURVE('',#8354,(#8358,#8365),.PCURVE_S1.);
#8354 = LINE('',#8355,#8356);
#8355 = CARTESIAN_POINT('',(1.863477025583,12.562541676553,-1.8E-02));
#8356 = VECTOR('',#8357,1.);
#8357 = DIRECTION('',(0.,0.,1.));
#8358 = PCURVE('',#3022,#8359);
#8359 = DEFINITIONAL_REPRESENTATION('',(#8360),#8364);
#8360 = LINE('',#8361,#8362);
#8361 = CARTESIAN_POINT('',(0.,0.));
#8362 = VECTOR('',#8363,1.);
#8363 = DIRECTION('',(0.,-1.));
#8364 = ( GEOMETRIC_REPRESENTATION_CONTEXT(2) 
PARAMETRIC_REPRESENTATION_CONTEXT() REPRESENTATION_CONTEXT('2D SPACE',''
  ) );
#8365 = PCURVE('',#2994,#8366);
#8366 = DEFINITIONAL_REPRESENTATION('',(#8367),#8371);
#8367 = LINE('',#8368,#8369);
#8368 = CARTESIAN_POINT('',(0.623347204482,0.));
#8369 = VECTOR('',#8370,1.);
#8370 = DIRECTION('',(0.,-1.));
#8371 = ( GEOMETRIC_REPRESENTATION_CONTEXT(2) 
PARAMETRIC_REPRESENTATION_CONTEXT() REPRESENTATION_CONTEXT('2D SPACE',''
  ) );
#8372 = ORIENTED_EDGE('',*,*,#6144,.T.);
#8373 = ORIENTED_EDGE('',*,*,#8298,.F.);
#8374 = ORIENTED_EDGE('',*,*,#3006,.F.);
#8375 = ADVANCED_FACE('',(#8376),#1062,.T.);
#8376 = FACE_BOUND('',#8377,.T.);
#8377 = EDGE_LOOP('',(#8378,#8379,#8380,#8401));
#8378 = ORIENTED_EDGE('',*,*,#8327,.T.);
#8379 = ORIENTED_EDGE('',*,*,#4534,.T.);
#8380 = ORIENTED_EDGE('',*,*,#8381,.F.);
#8381 = EDGE_CURVE('',#1047,#4535,#8382,.T.);
#8382 = SURFACE_CURVE('',#8383,(#8387,#8394),.PCURVE_S1.);
#8383 = LINE('',#8384,#8385);
#8384 = CARTESIAN_POINT('',(1.244817682185,-12.63884602873,-1.8E-02));
#8385 = VECTOR('',#8386,1.);
#8386 = DIRECTION('',(0.,0.,1.));
#8387 = PCURVE('',#1062,#8388);
#8388 = DEFINITIONAL_REPRESENTATION('',(#8389),#8393);
#8389 = LINE('',#8390,#8391);
#8390 = CARTESIAN_POINT('',(0.623347204482,0.));
#8391 = VECTOR('',#8392,1.);
#8392 = DIRECTION('',(0.,-1.));
#8393 = ( GEOMETRIC_REPRESENTATION_CONTEXT(2) 
PARAMETRIC_REPRESENTATION_CONTEXT() REPRESENTATION_CONTEXT('2D SPACE',''
  ) );
#8394 = PCURVE('',#1090,#8395);
#8395 = DEFINITIONAL_REPRESENTATION('',(#8396),#8400);
#8396 = LINE('',#8397,#8398);
#8397 = CARTESIAN_POINT('',(0.,0.));
#8398 = VECTOR('',#8399,1.);
#8399 = DIRECTION('',(0.,-1.));
#8400 = ( GEOMETRIC_REPRESENTATION_CONTEXT(2) 
PARAMETRIC_REPRESENTATION_CONTEXT() REPRESENTATION_CONTEXT('2D SPACE',''
  ) );
#8401 = ORIENTED_EDGE('',*,*,#1046,.F.);
#8402 = ADVANCED_FACE('',(#8403),#2994,.T.);
#8403 = FACE_BOUND('',#8404,.T.);
#8404 = EDGE_LOOP('',(#8405,#8426,#8427,#8428));
#8405 = ORIENTED_EDGE('',*,*,#8406,.T.);
#8406 = EDGE_CURVE('',#2951,#6099,#8407,.T.);
#8407 = SURFACE_CURVE('',#8408,(#8412,#8419),.PCURVE_S1.);
#8408 = LINE('',#8409,#8410);
#8409 = CARTESIAN_POINT('',(1.244817682185,12.638846028737,-1.8E-02));
#8410 = VECTOR('',#8411,1.);
#8411 = DIRECTION('',(0.,0.,1.));
#8412 = PCURVE('',#2994,#8413);
#8413 = DEFINITIONAL_REPRESENTATION('',(#8414),#8418);
#8414 = LINE('',#8415,#8416);
#8415 = CARTESIAN_POINT('',(0.,0.));
#8416 = VECTOR('',#8417,1.);
#8417 = DIRECTION('',(0.,-1.));
#8418 = ( GEOMETRIC_REPRESENTATION_CONTEXT(2) 
PARAMETRIC_REPRESENTATION_CONTEXT() REPRESENTATION_CONTEXT('2D SPACE',''
  ) );
#8419 = PCURVE('',#2966,#8420);
#8420 = DEFINITIONAL_REPRESENTATION('',(#8421),#8425);
#8421 = LINE('',#8422,#8423);
#8422 = CARTESIAN_POINT('',(0.623347204482,0.));
#8423 = VECTOR('',#8424,1.);
#8424 = DIRECTION('',(0.,-1.));
#8425 = ( GEOMETRIC_REPRESENTATION_CONTEXT(2) 
PARAMETRIC_REPRESENTATION_CONTEXT() REPRESENTATION_CONTEXT('2D SPACE',''
  ) );
#8426 = ORIENTED_EDGE('',*,*,#6121,.T.);
#8427 = ORIENTED_EDGE('',*,*,#8352,.F.);
#8428 = ORIENTED_EDGE('',*,*,#2978,.F.);
#8429 = ADVANCED_FACE('',(#8430),#1090,.T.);
#8430 = FACE_BOUND('',#8431,.T.);
#8431 = EDGE_LOOP('',(#8432,#8433,#8434,#8455));
#8432 = ORIENTED_EDGE('',*,*,#8381,.T.);
#8433 = ORIENTED_EDGE('',*,*,#4557,.T.);
#8434 = ORIENTED_EDGE('',*,*,#8435,.F.);
#8435 = EDGE_CURVE('',#1075,#4558,#8436,.T.);
#8436 = SURFACE_CURVE('',#8437,(#8441,#8448),.PCURVE_S1.);
#8437 = LINE('',#8438,#8439);
#8438 = CARTESIAN_POINT('',(0.623159463958,-12.6847022938,-1.8E-02));
#8439 = VECTOR('',#8440,1.);
#8440 = DIRECTION('',(0.,0.,1.));
#8441 = PCURVE('',#1090,#8442);
#8442 = DEFINITIONAL_REPRESENTATION('',(#8443),#8447);
#8443 = LINE('',#8444,#8445);
#8444 = CARTESIAN_POINT('',(0.623347204482,0.));
#8445 = VECTOR('',#8446,1.);
#8446 = DIRECTION('',(0.,-1.));
#8447 = ( GEOMETRIC_REPRESENTATION_CONTEXT(2) 
PARAMETRIC_REPRESENTATION_CONTEXT() REPRESENTATION_CONTEXT('2D SPACE',''
  ) );
#8448 = PCURVE('',#1118,#8449);
#8449 = DEFINITIONAL_REPRESENTATION('',(#8450),#8454);
#8450 = LINE('',#8451,#8452);
#8451 = CARTESIAN_POINT('',(0.,0.));
#8452 = VECTOR('',#8453,1.);
#8453 = DIRECTION('',(0.,-1.));
#8454 = ( GEOMETRIC_REPRESENTATION_CONTEXT(2) 
PARAMETRIC_REPRESENTATION_CONTEXT() REPRESENTATION_CONTEXT('2D SPACE',''
  ) );
#8455 = ORIENTED_EDGE('',*,*,#1074,.F.);
#8456 = ADVANCED_FACE('',(#8457),#2966,.T.);
#8457 = FACE_BOUND('',#8458,.T.);
#8458 = EDGE_LOOP('',(#8459,#8480,#8481,#8482));
#8459 = ORIENTED_EDGE('',*,*,#8460,.T.);
#8460 = EDGE_CURVE('',#2923,#6076,#8461,.T.);
#8461 = SURFACE_CURVE('',#8462,(#8466,#8473),.PCURVE_S1.);
#8462 = LINE('',#8463,#8464);
#8463 = CARTESIAN_POINT('',(0.623159463958,12.684702293806,-1.8E-02));
#8464 = VECTOR('',#8465,1.);
#8465 = DIRECTION('',(0.,0.,1.));
#8466 = PCURVE('',#2966,#8467);
#8467 = DEFINITIONAL_REPRESENTATION('',(#8468),#8472);
#8468 = LINE('',#8469,#8470);
#8469 = CARTESIAN_POINT('',(0.,0.));
#8470 = VECTOR('',#8471,1.);
#8471 = DIRECTION('',(0.,-1.));
#8472 = ( GEOMETRIC_REPRESENTATION_CONTEXT(2) 
PARAMETRIC_REPRESENTATION_CONTEXT() REPRESENTATION_CONTEXT('2D SPACE',''
  ) );
#8473 = PCURVE('',#2938,#8474);
#8474 = DEFINITIONAL_REPRESENTATION('',(#8475),#8479);
#8475 = LINE('',#8476,#8477);
#8476 = CARTESIAN_POINT('',(0.623347204482,0.));
#8477 = VECTOR('',#8478,1.);
#8478 = DIRECTION('',(0.,-1.));
#8479 = ( GEOMETRIC_REPRESENTATION_CONTEXT(2) 
PARAMETRIC_REPRESENTATION_CONTEXT() REPRESENTATION_CONTEXT('2D SPACE',''
  ) );
#8480 = ORIENTED_EDGE('',*,*,#6098,.T.);
#8481 = ORIENTED_EDGE('',*,*,#8406,.F.);
#8482 = ORIENTED_EDGE('',*,*,#2950,.F.);
#8483 = ADVANCED_FACE('',(#8484),#1118,.T.);
#8484 = FACE_BOUND('',#8485,.T.);
#8485 = EDGE_LOOP('',(#8486,#8487,#8488,#8509));
#8486 = ORIENTED_EDGE('',*,*,#8435,.T.);
#8487 = ORIENTED_EDGE('',*,*,#4580,.T.);
#8488 = ORIENTED_EDGE('',*,*,#8489,.F.);
#8489 = EDGE_CURVE('',#1103,#4581,#8490,.T.);
#8490 = SURFACE_CURVE('',#8491,(#8495,#8502),.PCURVE_S1.);
#8491 = LINE('',#8492,#8493);
#8492 = CARTESIAN_POINT('',(0.,-12.7,-1.8E-02));
#8493 = VECTOR('',#8494,1.);
#8494 = DIRECTION('',(0.,0.,1.));
#8495 = PCURVE('',#1118,#8496);
#8496 = DEFINITIONAL_REPRESENTATION('',(#8497),#8501);
#8497 = LINE('',#8498,#8499);
#8498 = CARTESIAN_POINT('',(0.623347204482,0.));
#8499 = VECTOR('',#8500,1.);
#8500 = DIRECTION('',(0.,-1.));
#8501 = ( GEOMETRIC_REPRESENTATION_CONTEXT(2) 
PARAMETRIC_REPRESENTATION_CONTEXT() REPRESENTATION_CONTEXT('2D SPACE',''
  ) );
#8502 = PCURVE('',#1146,#8503);
#8503 = DEFINITIONAL_REPRESENTATION('',(#8504),#8508);
#8504 = LINE('',#8505,#8506);
#8505 = CARTESIAN_POINT('',(0.,0.));
#8506 = VECTOR('',#8507,1.);
#8507 = DIRECTION('',(0.,-1.));
#8508 = ( GEOMETRIC_REPRESENTATION_CONTEXT(2) 
PARAMETRIC_REPRESENTATION_CONTEXT() REPRESENTATION_CONTEXT('2D SPACE',''
  ) );
#8509 = ORIENTED_EDGE('',*,*,#1102,.F.);
#8510 = ADVANCED_FACE('',(#8511),#2938,.T.);
#8511 = FACE_BOUND('',#8512,.T.);
#8512 = EDGE_LOOP('',(#8513,#8534,#8535,#8536));
#8513 = ORIENTED_EDGE('',*,*,#8514,.T.);
#8514 = EDGE_CURVE('',#2895,#6053,#8515,.T.);
#8515 = SURFACE_CURVE('',#8516,(#8520,#8527),.PCURVE_S1.);
#8516 = LINE('',#8517,#8518);
#8517 = CARTESIAN_POINT('',(0.,12.7,-1.8E-02));
#8518 = VECTOR('',#8519,1.);
#8519 = DIRECTION('',(0.,0.,1.));
#8520 = PCURVE('',#2938,#8521);
#8521 = DEFINITIONAL_REPRESENTATION('',(#8522),#8526);
#8522 = LINE('',#8523,#8524);
#8523 = CARTESIAN_POINT('',(0.,0.));
#8524 = VECTOR('',#8525,1.);
#8525 = DIRECTION('',(0.,-1.));
#8526 = ( GEOMETRIC_REPRESENTATION_CONTEXT(2) 
PARAMETRIC_REPRESENTATION_CONTEXT() REPRESENTATION_CONTEXT('2D SPACE',''
  ) );
#8527 = PCURVE('',#2910,#8528);
#8528 = DEFINITIONAL_REPRESENTATION('',(#8529),#8533);
#8529 = LINE('',#8530,#8531);
#8530 = CARTESIAN_POINT('',(0.623347204482,0.));
#8531 = VECTOR('',#8532,1.);
#8532 = DIRECTION('',(0.,-1.));
#8533 = ( GEOMETRIC_REPRESENTATION_CONTEXT(2) 
PARAMETRIC_REPRESENTATION_CONTEXT() REPRESENTATION_CONTEXT('2D SPACE',''
  ) );
#8534 = ORIENTED_EDGE('',*,*,#6075,.T.);
#8535 = ORIENTED_EDGE('',*,*,#8460,.F.);
#8536 = ORIENTED_EDGE('',*,*,#2922,.F.);
#8537 = ADVANCED_FACE('',(#8538),#1146,.T.);
#8538 = FACE_BOUND('',#8539,.T.);
#8539 = EDGE_LOOP('',(#8540,#8541,#8542,#8563));
#8540 = ORIENTED_EDGE('',*,*,#8489,.T.);
#8541 = ORIENTED_EDGE('',*,*,#4603,.T.);
#8542 = ORIENTED_EDGE('',*,*,#8543,.F.);
#8543 = EDGE_CURVE('',#1131,#4604,#8544,.T.);
#8544 = SURFACE_CURVE('',#8545,(#8549,#8556),.PCURVE_S1.);
#8545 = LINE('',#8546,#8547);
#8546 = CARTESIAN_POINT('',(-0.623159463958,-12.6847022938,-1.8E-02));
#8547 = VECTOR('',#8548,1.);
#8548 = DIRECTION('',(0.,0.,1.));
#8549 = PCURVE('',#1146,#8550);
#8550 = DEFINITIONAL_REPRESENTATION('',(#8551),#8555);
#8551 = LINE('',#8552,#8553);
#8552 = CARTESIAN_POINT('',(0.623347204482,0.));
#8553 = VECTOR('',#8554,1.);
#8554 = DIRECTION('',(0.,-1.));
#8555 = ( GEOMETRIC_REPRESENTATION_CONTEXT(2) 
PARAMETRIC_REPRESENTATION_CONTEXT() REPRESENTATION_CONTEXT('2D SPACE',''
  ) );
#8556 = PCURVE('',#1174,#8557);
#8557 = DEFINITIONAL_REPRESENTATION('',(#8558),#8562);
#8558 = LINE('',#8559,#8560);
#8559 = CARTESIAN_POINT('',(0.,0.));
#8560 = VECTOR('',#8561,1.);
#8561 = DIRECTION('',(0.,-1.));
#8562 = ( GEOMETRIC_REPRESENTATION_CONTEXT(2) 
PARAMETRIC_REPRESENTATION_CONTEXT() REPRESENTATION_CONTEXT('2D SPACE',''
  ) );
#8563 = ORIENTED_EDGE('',*,*,#1130,.F.);
#8564 = ADVANCED_FACE('',(#8565),#2910,.T.);
#8565 = FACE_BOUND('',#8566,.T.);
#8566 = EDGE_LOOP('',(#8567,#8588,#8589,#8590));
#8567 = ORIENTED_EDGE('',*,*,#8568,.T.);
#8568 = EDGE_CURVE('',#2867,#6030,#8569,.T.);
#8569 = SURFACE_CURVE('',#8570,(#8574,#8581),.PCURVE_S1.);
#8570 = LINE('',#8571,#8572);
#8571 = CARTESIAN_POINT('',(-0.623159463958,12.684702293806,-1.8E-02));
#8572 = VECTOR('',#8573,1.);
#8573 = DIRECTION('',(0.,0.,1.));
#8574 = PCURVE('',#2910,#8575);
#8575 = DEFINITIONAL_REPRESENTATION('',(#8576),#8580);
#8576 = LINE('',#8577,#8578);
#8577 = CARTESIAN_POINT('',(0.,0.));
#8578 = VECTOR('',#8579,1.);
#8579 = DIRECTION('',(0.,-1.));
#8580 = ( GEOMETRIC_REPRESENTATION_CONTEXT(2) 
PARAMETRIC_REPRESENTATION_CONTEXT() REPRESENTATION_CONTEXT('2D SPACE',''
  ) );
#8581 = PCURVE('',#2882,#8582);
#8582 = DEFINITIONAL_REPRESENTATION('',(#8583),#8587);
#8583 = LINE('',#8584,#8585);
#8584 = CARTESIAN_POINT('',(0.623347204482,0.));
#8585 = VECTOR('',#8586,1.);
#8586 = DIRECTION('',(0.,-1.));
#8587 = ( GEOMETRIC_REPRESENTATION_CONTEXT(2) 
PARAMETRIC_REPRESENTATION_CONTEXT() REPRESENTATION_CONTEXT('2D SPACE',''
  ) );
#8588 = ORIENTED_EDGE('',*,*,#6052,.T.);
#8589 = ORIENTED_EDGE('',*,*,#8514,.F.);
#8590 = ORIENTED_EDGE('',*,*,#2894,.F.);
#8591 = ADVANCED_FACE('',(#8592),#1174,.T.);
#8592 = FACE_BOUND('',#8593,.T.);
#8593 = EDGE_LOOP('',(#8594,#8595,#8596,#8617));
#8594 = ORIENTED_EDGE('',*,*,#8543,.T.);
#8595 = ORIENTED_EDGE('',*,*,#4626,.T.);
#8596 = ORIENTED_EDGE('',*,*,#8597,.F.);
#8597 = EDGE_CURVE('',#1159,#4627,#8598,.T.);
#8598 = SURFACE_CURVE('',#8599,(#8603,#8610),.PCURVE_S1.);
#8599 = LINE('',#8600,#8601);
#8600 = CARTESIAN_POINT('',(-1.244817682185,-12.63884602873,-1.8E-02));
#8601 = VECTOR('',#8602,1.);
#8602 = DIRECTION('',(0.,0.,1.));
#8603 = PCURVE('',#1174,#8604);
#8604 = DEFINITIONAL_REPRESENTATION('',(#8605),#8609);
#8605 = LINE('',#8606,#8607);
#8606 = CARTESIAN_POINT('',(0.623347204482,0.));
#8607 = VECTOR('',#8608,1.);
#8608 = DIRECTION('',(0.,-1.));
#8609 = ( GEOMETRIC_REPRESENTATION_CONTEXT(2) 
PARAMETRIC_REPRESENTATION_CONTEXT() REPRESENTATION_CONTEXT('2D SPACE',''
  ) );
#8610 = PCURVE('',#1202,#8611);
#8611 = DEFINITIONAL_REPRESENTATION('',(#8612),#8616);
#8612 = LINE('',#8613,#8614);
#8613 = CARTESIAN_POINT('',(0.,0.));
#8614 = VECTOR('',#8615,1.);
#8615 = DIRECTION('',(0.,-1.));
#8616 = ( GEOMETRIC_REPRESENTATION_CONTEXT(2) 
PARAMETRIC_REPRESENTATION_CONTEXT() REPRESENTATION_CONTEXT('2D SPACE',''
  ) );
#8617 = ORIENTED_EDGE('',*,*,#1158,.F.);
#8618 = ADVANCED_FACE('',(#8619),#2882,.T.);
#8619 = FACE_BOUND('',#8620,.T.);
#8620 = EDGE_LOOP('',(#8621,#8642,#8643,#8644));
#8621 = ORIENTED_EDGE('',*,*,#8622,.T.);
#8622 = EDGE_CURVE('',#2839,#6007,#8623,.T.);
#8623 = SURFACE_CURVE('',#8624,(#8628,#8635),.PCURVE_S1.);
#8624 = LINE('',#8625,#8626);
#8625 = CARTESIAN_POINT('',(-1.244817682185,12.638846028737,-1.8E-02));
#8626 = VECTOR('',#8627,1.);
#8627 = DIRECTION('',(0.,0.,1.));
#8628 = PCURVE('',#2882,#8629);
#8629 = DEFINITIONAL_REPRESENTATION('',(#8630),#8634);
#8630 = LINE('',#8631,#8632);
#8631 = CARTESIAN_POINT('',(0.,0.));
#8632 = VECTOR('',#8633,1.);
#8633 = DIRECTION('',(0.,-1.));
#8634 = ( GEOMETRIC_REPRESENTATION_CONTEXT(2) 
PARAMETRIC_REPRESENTATION_CONTEXT() REPRESENTATION_CONTEXT('2D SPACE',''
  ) );
#8635 = PCURVE('',#2854,#8636);
#8636 = DEFINITIONAL_REPRESENTATION('',(#8637),#8641);
#8637 = LINE('',#8638,#8639);
#8638 = CARTESIAN_POINT('',(0.623347204482,0.));
#8639 = VECTOR('',#8640,1.);
#8640 = DIRECTION('',(0.,-1.));
#8641 = ( GEOMETRIC_REPRESENTATION_CONTEXT(2) 
PARAMETRIC_REPRESENTATION_CONTEXT() REPRESENTATION_CONTEXT('2D SPACE',''
  ) );
#8642 = ORIENTED_EDGE('',*,*,#6029,.T.);
#8643 = ORIENTED_EDGE('',*,*,#8568,.F.);
#8644 = ORIENTED_EDGE('',*,*,#2866,.F.);
#8645 = ADVANCED_FACE('',(#8646),#1202,.T.);
#8646 = FACE_BOUND('',#8647,.T.);
#8647 = EDGE_LOOP('',(#8648,#8649,#8650,#8671));
#8648 = ORIENTED_EDGE('',*,*,#8597,.T.);
#8649 = ORIENTED_EDGE('',*,*,#4649,.T.);
#8650 = ORIENTED_EDGE('',*,*,#8651,.F.);
#8651 = EDGE_CURVE('',#1187,#4650,#8652,.T.);
#8652 = SURFACE_CURVE('',#8653,(#8657,#8664),.PCURVE_S1.);
#8653 = LINE('',#8654,#8655);
#8654 = CARTESIAN_POINT('',(-1.863477025583,-12.56254167655,-1.8E-02));
#8655 = VECTOR('',#8656,1.);
#8656 = DIRECTION('',(0.,0.,1.));
#8657 = PCURVE('',#1202,#8658);
#8658 = DEFINITIONAL_REPRESENTATION('',(#8659),#8663);
#8659 = LINE('',#8660,#8661);
#8660 = CARTESIAN_POINT('',(0.623347204482,0.));
#8661 = VECTOR('',#8662,1.);
#8662 = DIRECTION('',(0.,-1.));
#8663 = ( GEOMETRIC_REPRESENTATION_CONTEXT(2) 
PARAMETRIC_REPRESENTATION_CONTEXT() REPRESENTATION_CONTEXT('2D SPACE',''
  ) );
#8664 = PCURVE('',#1230,#8665);
#8665 = DEFINITIONAL_REPRESENTATION('',(#8666),#8670);
#8666 = LINE('',#8667,#8668);
#8667 = CARTESIAN_POINT('',(0.,0.));
#8668 = VECTOR('',#8669,1.);
#8669 = DIRECTION('',(0.,-1.));
#8670 = ( GEOMETRIC_REPRESENTATION_CONTEXT(2) 
PARAMETRIC_REPRESENTATION_CONTEXT() REPRESENTATION_CONTEXT('2D SPACE',''
  ) );
#8671 = ORIENTED_EDGE('',*,*,#1186,.F.);
#8672 = ADVANCED_FACE('',(#8673),#2854,.T.);
#8673 = FACE_BOUND('',#8674,.T.);
#8674 = EDGE_LOOP('',(#8675,#8696,#8697,#8698));
#8675 = ORIENTED_EDGE('',*,*,#8676,.T.);
#8676 = EDGE_CURVE('',#2811,#5984,#8677,.T.);
#8677 = SURFACE_CURVE('',#8678,(#8682,#8689),.PCURVE_S1.);
#8678 = LINE('',#8679,#8680);
#8679 = CARTESIAN_POINT('',(-1.863477025583,12.562541676553,-1.8E-02));
#8680 = VECTOR('',#8681,1.);
#8681 = DIRECTION('',(0.,0.,1.));
#8682 = PCURVE('',#2854,#8683);
#8683 = DEFINITIONAL_REPRESENTATION('',(#8684),#8688);
#8684 = LINE('',#8685,#8686);
#8685 = CARTESIAN_POINT('',(0.,0.));
#8686 = VECTOR('',#8687,1.);
#8687 = DIRECTION('',(0.,-1.));
#8688 = ( GEOMETRIC_REPRESENTATION_CONTEXT(2) 
PARAMETRIC_REPRESENTATION_CONTEXT() REPRESENTATION_CONTEXT('2D SPACE',''
  ) );
#8689 = PCURVE('',#2826,#8690);
#8690 = DEFINITIONAL_REPRESENTATION('',(#8691),#8695);
#8691 = LINE('',#8692,#8693);
#8692 = CARTESIAN_POINT('',(0.623347204482,0.));
#8693 = VECTOR('',#8694,1.);
#8694 = DIRECTION('',(0.,-1.));
#8695 = ( GEOMETRIC_REPRESENTATION_CONTEXT(2) 
PARAMETRIC_REPRESENTATION_CONTEXT() REPRESENTATION_CONTEXT('2D SPACE',''
  ) );
#8696 = ORIENTED_EDGE('',*,*,#6006,.T.);
#8697 = ORIENTED_EDGE('',*,*,#8622,.F.);
#8698 = ORIENTED_EDGE('',*,*,#2838,.F.);
#8699 = ADVANCED_FACE('',(#8700),#1230,.T.);
#8700 = FACE_BOUND('',#8701,.T.);
#8701 = EDGE_LOOP('',(#8702,#8703,#8704,#8725));
#8702 = ORIENTED_EDGE('',*,*,#8651,.T.);
#8703 = ORIENTED_EDGE('',*,*,#4672,.T.);
#8704 = ORIENTED_EDGE('',*,*,#8705,.F.);
#8705 = EDGE_CURVE('',#1215,#4673,#8706,.T.);
#8706 = SURFACE_CURVE('',#8707,(#8711,#8718),.PCURVE_S1.);
#8707 = LINE('',#8708,#8709);
#8708 = CARTESIAN_POINT('',(-2.477647089605,-12.45597306112,-1.8E-02));
#8709 = VECTOR('',#8710,1.);
#8710 = DIRECTION('',(0.,0.,1.));
#8711 = PCURVE('',#1230,#8712);
#8712 = DEFINITIONAL_REPRESENTATION('',(#8713),#8717);
#8713 = LINE('',#8714,#8715);
#8714 = CARTESIAN_POINT('',(0.623347204482,0.));
#8715 = VECTOR('',#8716,1.);
#8716 = DIRECTION('',(0.,-1.));
#8717 = ( GEOMETRIC_REPRESENTATION_CONTEXT(2) 
PARAMETRIC_REPRESENTATION_CONTEXT() REPRESENTATION_CONTEXT('2D SPACE',''
  ) );
#8718 = PCURVE('',#1258,#8719);
#8719 = DEFINITIONAL_REPRESENTATION('',(#8720),#8724);
#8720 = LINE('',#8721,#8722);
#8721 = CARTESIAN_POINT('',(0.,0.));
#8722 = VECTOR('',#8723,1.);
#8723 = DIRECTION('',(0.,-1.));
#8724 = ( GEOMETRIC_REPRESENTATION_CONTEXT(2) 
PARAMETRIC_REPRESENTATION_CONTEXT() REPRESENTATION_CONTEXT('2D SPACE',''
  ) );
#8725 = ORIENTED_EDGE('',*,*,#1214,.F.);
#8726 = ADVANCED_FACE('',(#8727),#2826,.T.);
#8727 = FACE_BOUND('',#8728,.T.);
#8728 = EDGE_LOOP('',(#8729,#8750,#8751,#8752));
#8729 = ORIENTED_EDGE('',*,*,#8730,.T.);
#8730 = EDGE_CURVE('',#2783,#5961,#8731,.T.);
#8731 = SURFACE_CURVE('',#8732,(#8736,#8743),.PCURVE_S1.);
#8732 = LINE('',#8733,#8734);
#8733 = CARTESIAN_POINT('',(-2.477647089605,12.455973061121,-1.8E-02));
#8734 = VECTOR('',#8735,1.);
#8735 = DIRECTION('',(0.,0.,1.));
#8736 = PCURVE('',#2826,#8737);
#8737 = DEFINITIONAL_REPRESENTATION('',(#8738),#8742);
#8738 = LINE('',#8739,#8740);
#8739 = CARTESIAN_POINT('',(0.,0.));
#8740 = VECTOR('',#8741,1.);
#8741 = DIRECTION('',(0.,-1.));
#8742 = ( GEOMETRIC_REPRESENTATION_CONTEXT(2) 
PARAMETRIC_REPRESENTATION_CONTEXT() REPRESENTATION_CONTEXT('2D SPACE',''
  ) );
#8743 = PCURVE('',#2798,#8744);
#8744 = DEFINITIONAL_REPRESENTATION('',(#8745),#8749);
#8745 = LINE('',#8746,#8747);
#8746 = CARTESIAN_POINT('',(0.623347204482,0.));
#8747 = VECTOR('',#8748,1.);
#8748 = DIRECTION('',(0.,-1.));
#8749 = ( GEOMETRIC_REPRESENTATION_CONTEXT(2) 
PARAMETRIC_REPRESENTATION_CONTEXT() REPRESENTATION_CONTEXT('2D SPACE',''
  ) );
#8750 = ORIENTED_EDGE('',*,*,#5983,.T.);
#8751 = ORIENTED_EDGE('',*,*,#8676,.F.);
#8752 = ORIENTED_EDGE('',*,*,#2810,.F.);
#8753 = ADVANCED_FACE('',(#8754),#1258,.T.);
#8754 = FACE_BOUND('',#8755,.T.);
#8755 = EDGE_LOOP('',(#8756,#8757,#8758,#8779));
#8756 = ORIENTED_EDGE('',*,*,#8705,.T.);
#8757 = ORIENTED_EDGE('',*,*,#4695,.T.);
#8758 = ORIENTED_EDGE('',*,*,#8759,.F.);
#8759 = EDGE_CURVE('',#1243,#4696,#8760,.T.);
#8760 = SURFACE_CURVE('',#8761,(#8765,#8772),.PCURVE_S1.);
#8761 = LINE('',#8762,#8763);
#8762 = CARTESIAN_POINT('',(-3.085848284771,-12.31939691557,-1.8E-02));
#8763 = VECTOR('',#8764,1.);
#8764 = DIRECTION('',(0.,0.,1.));
#8765 = PCURVE('',#1258,#8766);
#8766 = DEFINITIONAL_REPRESENTATION('',(#8767),#8771);
#8767 = LINE('',#8768,#8769);
#8768 = CARTESIAN_POINT('',(0.623347204482,0.));
#8769 = VECTOR('',#8770,1.);
#8770 = DIRECTION('',(0.,-1.));
#8771 = ( GEOMETRIC_REPRESENTATION_CONTEXT(2) 
PARAMETRIC_REPRESENTATION_CONTEXT() REPRESENTATION_CONTEXT('2D SPACE',''
  ) );
#8772 = PCURVE('',#1286,#8773);
#8773 = DEFINITIONAL_REPRESENTATION('',(#8774),#8778);
#8774 = LINE('',#8775,#8776);
#8775 = CARTESIAN_POINT('',(0.,0.));
#8776 = VECTOR('',#8777,1.);
#8777 = DIRECTION('',(0.,-1.));
#8778 = ( GEOMETRIC_REPRESENTATION_CONTEXT(2) 
PARAMETRIC_REPRESENTATION_CONTEXT() REPRESENTATION_CONTEXT('2D SPACE',''
  ) );
#8779 = ORIENTED_EDGE('',*,*,#1242,.F.);
#8780 = ADVANCED_FACE('',(#8781),#2798,.T.);
#8781 = FACE_BOUND('',#8782,.T.);
#8782 = EDGE_LOOP('',(#8783,#8804,#8805,#8806));
#8783 = ORIENTED_EDGE('',*,*,#8784,.T.);
#8784 = EDGE_CURVE('',#2755,#5938,#8785,.T.);
#8785 = SURFACE_CURVE('',#8786,(#8790,#8797),.PCURVE_S1.);
#8786 = LINE('',#8787,#8788);
#8787 = CARTESIAN_POINT('',(-3.085848284771,12.319396915571,-1.8E-02));
#8788 = VECTOR('',#8789,1.);
#8789 = DIRECTION('',(0.,0.,1.));
#8790 = PCURVE('',#2798,#8791);
#8791 = DEFINITIONAL_REPRESENTATION('',(#8792),#8796);
#8792 = LINE('',#8793,#8794);
#8793 = CARTESIAN_POINT('',(0.,0.));
#8794 = VECTOR('',#8795,1.);
#8795 = DIRECTION('',(0.,-1.));
#8796 = ( GEOMETRIC_REPRESENTATION_CONTEXT(2) 
PARAMETRIC_REPRESENTATION_CONTEXT() REPRESENTATION_CONTEXT('2D SPACE',''
  ) );
#8797 = PCURVE('',#2770,#8798);
#8798 = DEFINITIONAL_REPRESENTATION('',(#8799),#8803);
#8799 = LINE('',#8800,#8801);
#8800 = CARTESIAN_POINT('',(0.623347204482,0.));
#8801 = VECTOR('',#8802,1.);
#8802 = DIRECTION('',(0.,-1.));
#8803 = ( GEOMETRIC_REPRESENTATION_CONTEXT(2) 
PARAMETRIC_REPRESENTATION_CONTEXT() REPRESENTATION_CONTEXT('2D SPACE',''
  ) );
#8804 = ORIENTED_EDGE('',*,*,#5960,.T.);
#8805 = ORIENTED_EDGE('',*,*,#8730,.F.);
#8806 = ORIENTED_EDGE('',*,*,#2782,.F.);
#8807 = ADVANCED_FACE('',(#8808),#1286,.T.);
#8808 = FACE_BOUND('',#8809,.T.);
#8809 = EDGE_LOOP('',(#8810,#8811,#8812,#8833));
#8810 = ORIENTED_EDGE('',*,*,#8759,.T.);
#8811 = ORIENTED_EDGE('',*,*,#4718,.T.);
#8812 = ORIENTED_EDGE('',*,*,#8813,.F.);
#8813 = EDGE_CURVE('',#1271,#4719,#8814,.T.);
#8814 = SURFACE_CURVE('',#8815,(#8819,#8826),.PCURVE_S1.);
#8815 = LINE('',#8816,#8817);
#8816 = CARTESIAN_POINT('',(-3.686615401132,-12.15314226379,-1.8E-02));
#8817 = VECTOR('',#8818,1.);
#8818 = DIRECTION('',(0.,0.,1.));
#8819 = PCURVE('',#1286,#8820);
#8820 = DEFINITIONAL_REPRESENTATION('',(#8821),#8825);
#8821 = LINE('',#8822,#8823);
#8822 = CARTESIAN_POINT('',(0.623347204482,0.));
#8823 = VECTOR('',#8824,1.);
#8824 = DIRECTION('',(0.,-1.));
#8825 = ( GEOMETRIC_REPRESENTATION_CONTEXT(2) 
PARAMETRIC_REPRESENTATION_CONTEXT() REPRESENTATION_CONTEXT('2D SPACE',''
  ) );
#8826 = PCURVE('',#1314,#8827);
#8827 = DEFINITIONAL_REPRESENTATION('',(#8828),#8832);
#8828 = LINE('',#8829,#8830);
#8829 = CARTESIAN_POINT('',(0.,0.));
#8830 = VECTOR('',#8831,1.);
#8831 = DIRECTION('',(0.,-1.));
#8832 = ( GEOMETRIC_REPRESENTATION_CONTEXT(2) 
PARAMETRIC_REPRESENTATION_CONTEXT() REPRESENTATION_CONTEXT('2D SPACE',''
  ) );
#8833 = ORIENTED_EDGE('',*,*,#1270,.F.);
#8834 = ADVANCED_FACE('',(#8835),#2770,.T.);
#8835 = FACE_BOUND('',#8836,.T.);
#8836 = EDGE_LOOP('',(#8837,#8858,#8859,#8860));
#8837 = ORIENTED_EDGE('',*,*,#8838,.T.);
#8838 = EDGE_CURVE('',#2727,#5915,#8839,.T.);
#8839 = SURFACE_CURVE('',#8840,(#8844,#8851),.PCURVE_S1.);
#8840 = LINE('',#8841,#8842);
#8841 = CARTESIAN_POINT('',(-3.686615401132,12.153142263799,-1.8E-02));
#8842 = VECTOR('',#8843,1.);
#8843 = DIRECTION('',(0.,0.,1.));
#8844 = PCURVE('',#2770,#8845);
#8845 = DEFINITIONAL_REPRESENTATION('',(#8846),#8850);
#8846 = LINE('',#8847,#8848);
#8847 = CARTESIAN_POINT('',(0.,0.));
#8848 = VECTOR('',#8849,1.);
#8849 = DIRECTION('',(0.,-1.));
#8850 = ( GEOMETRIC_REPRESENTATION_CONTEXT(2) 
PARAMETRIC_REPRESENTATION_CONTEXT() REPRESENTATION_CONTEXT('2D SPACE',''
  ) );
#8851 = PCURVE('',#2742,#8852);
#8852 = DEFINITIONAL_REPRESENTATION('',(#8853),#8857);
#8853 = LINE('',#8854,#8855);
#8854 = CARTESIAN_POINT('',(0.623347204482,0.));
#8855 = VECTOR('',#8856,1.);
#8856 = DIRECTION('',(0.,-1.));
#8857 = ( GEOMETRIC_REPRESENTATION_CONTEXT(2) 
PARAMETRIC_REPRESENTATION_CONTEXT() REPRESENTATION_CONTEXT('2D SPACE',''
  ) );
#8858 = ORIENTED_EDGE('',*,*,#5937,.T.);
#8859 = ORIENTED_EDGE('',*,*,#8784,.F.);
#8860 = ORIENTED_EDGE('',*,*,#2754,.F.);
#8861 = ADVANCED_FACE('',(#8862),#1314,.T.);
#8862 = FACE_BOUND('',#8863,.T.);
#8863 = EDGE_LOOP('',(#8864,#8865,#8866,#8887));
#8864 = ORIENTED_EDGE('',*,*,#8813,.T.);
#8865 = ORIENTED_EDGE('',*,*,#4741,.T.);
#8866 = ORIENTED_EDGE('',*,*,#8867,.F.);
#8867 = EDGE_CURVE('',#1299,#4742,#8868,.T.);
#8868 = SURFACE_CURVE('',#8869,(#8873,#8880),.PCURVE_S1.);
#8869 = LINE('',#8870,#8871);
#8870 = CARTESIAN_POINT('',(-4.278501138081,-11.95760962782,-1.8E-02));
#8871 = VECTOR('',#8872,1.);
#8872 = DIRECTION('',(0.,0.,1.));
#8873 = PCURVE('',#1314,#8874);
#8874 = DEFINITIONAL_REPRESENTATION('',(#8875),#8879);
#8875 = LINE('',#8876,#8877);
#8876 = CARTESIAN_POINT('',(0.623347204482,0.));
#8877 = VECTOR('',#8878,1.);
#8878 = DIRECTION('',(0.,-1.));
#8879 = ( GEOMETRIC_REPRESENTATION_CONTEXT(2) 
PARAMETRIC_REPRESENTATION_CONTEXT() REPRESENTATION_CONTEXT('2D SPACE',''
  ) );
#8880 = PCURVE('',#1342,#8881);
#8881 = DEFINITIONAL_REPRESENTATION('',(#8882),#8886);
#8882 = LINE('',#8883,#8884);
#8883 = CARTESIAN_POINT('',(0.,0.));
#8884 = VECTOR('',#8885,1.);
#8885 = DIRECTION('',(0.,-1.));
#8886 = ( GEOMETRIC_REPRESENTATION_CONTEXT(2) 
PARAMETRIC_REPRESENTATION_CONTEXT() REPRESENTATION_CONTEXT('2D SPACE',''
  ) );
#8887 = ORIENTED_EDGE('',*,*,#1298,.F.);
#8888 = ADVANCED_FACE('',(#8889),#2742,.T.);
#8889 = FACE_BOUND('',#8890,.T.);
#8890 = EDGE_LOOP('',(#8891,#8912,#8913,#8914));
#8891 = ORIENTED_EDGE('',*,*,#8892,.T.);
#8892 = EDGE_CURVE('',#2699,#5892,#8893,.T.);
#8893 = SURFACE_CURVE('',#8894,(#8898,#8905),.PCURVE_S1.);
#8894 = LINE('',#8895,#8896);
#8895 = CARTESIAN_POINT('',(-4.278501138081,11.957609627824,-1.8E-02));
#8896 = VECTOR('',#8897,1.);
#8897 = DIRECTION('',(0.,0.,1.));
#8898 = PCURVE('',#2742,#8899);
#8899 = DEFINITIONAL_REPRESENTATION('',(#8900),#8904);
#8900 = LINE('',#8901,#8902);
#8901 = CARTESIAN_POINT('',(0.,0.));
#8902 = VECTOR('',#8903,1.);
#8903 = DIRECTION('',(0.,-1.));
#8904 = ( GEOMETRIC_REPRESENTATION_CONTEXT(2) 
PARAMETRIC_REPRESENTATION_CONTEXT() REPRESENTATION_CONTEXT('2D SPACE',''
  ) );
#8905 = PCURVE('',#2714,#8906);
#8906 = DEFINITIONAL_REPRESENTATION('',(#8907),#8911);
#8907 = LINE('',#8908,#8909);
#8908 = CARTESIAN_POINT('',(0.623347204482,0.));
#8909 = VECTOR('',#8910,1.);
#8910 = DIRECTION('',(0.,-1.));
#8911 = ( GEOMETRIC_REPRESENTATION_CONTEXT(2) 
PARAMETRIC_REPRESENTATION_CONTEXT() REPRESENTATION_CONTEXT('2D SPACE',''
  ) );
#8912 = ORIENTED_EDGE('',*,*,#5914,.T.);
#8913 = ORIENTED_EDGE('',*,*,#8838,.F.);
#8914 = ORIENTED_EDGE('',*,*,#2726,.F.);
#8915 = ADVANCED_FACE('',(#8916),#1342,.T.);
#8916 = FACE_BOUND('',#8917,.T.);
#8917 = EDGE_LOOP('',(#8918,#8919,#8920,#8941));
#8918 = ORIENTED_EDGE('',*,*,#8867,.T.);
#8919 = ORIENTED_EDGE('',*,*,#4764,.T.);
#8920 = ORIENTED_EDGE('',*,*,#8921,.F.);
#8921 = EDGE_CURVE('',#1327,#4765,#8922,.T.);
#8922 = SURFACE_CURVE('',#8923,(#8927,#8934),.PCURVE_S1.);
#8923 = LINE('',#8924,#8925);
#8924 = CARTESIAN_POINT('',(-4.860079591037,-11.73327006289,-1.8E-02));
#8925 = VECTOR('',#8926,1.);
#8926 = DIRECTION('',(0.,0.,1.));
#8927 = PCURVE('',#1342,#8928);
#8928 = DEFINITIONAL_REPRESENTATION('',(#8929),#8933);
#8929 = LINE('',#8930,#8931);
#8930 = CARTESIAN_POINT('',(0.623347204482,0.));
#8931 = VECTOR('',#8932,1.);
#8932 = DIRECTION('',(0.,-1.));
#8933 = ( GEOMETRIC_REPRESENTATION_CONTEXT(2) 
PARAMETRIC_REPRESENTATION_CONTEXT() REPRESENTATION_CONTEXT('2D SPACE',''
  ) );
#8934 = PCURVE('',#1370,#8935);
#8935 = DEFINITIONAL_REPRESENTATION('',(#8936),#8940);
#8936 = LINE('',#8937,#8938);
#8937 = CARTESIAN_POINT('',(0.,0.));
#8938 = VECTOR('',#8939,1.);
#8939 = DIRECTION('',(0.,-1.));
#8940 = ( GEOMETRIC_REPRESENTATION_CONTEXT(2) 
PARAMETRIC_REPRESENTATION_CONTEXT() REPRESENTATION_CONTEXT('2D SPACE',''
  ) );
#8941 = ORIENTED_EDGE('',*,*,#1326,.F.);
#8942 = ADVANCED_FACE('',(#8943),#2714,.T.);
#8943 = FACE_BOUND('',#8944,.T.);
#8944 = EDGE_LOOP('',(#8945,#8966,#8967,#8968));
#8945 = ORIENTED_EDGE('',*,*,#8946,.T.);
#8946 = EDGE_CURVE('',#2671,#5869,#8947,.T.);
#8947 = SURFACE_CURVE('',#8948,(#8952,#8959),.PCURVE_S1.);
#8948 = LINE('',#8949,#8950);
#8949 = CARTESIAN_POINT('',(-4.860079591037,11.733270062893,-1.8E-02));
#8950 = VECTOR('',#8951,1.);
#8951 = DIRECTION('',(0.,0.,1.));
#8952 = PCURVE('',#2714,#8953);
#8953 = DEFINITIONAL_REPRESENTATION('',(#8954),#8958);
#8954 = LINE('',#8955,#8956);
#8955 = CARTESIAN_POINT('',(0.,0.));
#8956 = VECTOR('',#8957,1.);
#8957 = DIRECTION('',(0.,-1.));
#8958 = ( GEOMETRIC_REPRESENTATION_CONTEXT(2) 
PARAMETRIC_REPRESENTATION_CONTEXT() REPRESENTATION_CONTEXT('2D SPACE',''
  ) );
#8959 = PCURVE('',#2686,#8960);
#8960 = DEFINITIONAL_REPRESENTATION('',(#8961),#8965);
#8961 = LINE('',#8962,#8963);
#8962 = CARTESIAN_POINT('',(0.623347204482,0.));
#8963 = VECTOR('',#8964,1.);
#8964 = DIRECTION('',(0.,-1.));
#8965 = ( GEOMETRIC_REPRESENTATION_CONTEXT(2) 
PARAMETRIC_REPRESENTATION_CONTEXT() REPRESENTATION_CONTEXT('2D SPACE',''
  ) );
#8966 = ORIENTED_EDGE('',*,*,#5891,.T.);
#8967 = ORIENTED_EDGE('',*,*,#8892,.F.);
#8968 = ORIENTED_EDGE('',*,*,#2698,.F.);
#8969 = ADVANCED_FACE('',(#8970),#1370,.T.);
#8970 = FACE_BOUND('',#8971,.T.);
#8971 = EDGE_LOOP('',(#8972,#8973,#8974,#8995));
#8972 = ORIENTED_EDGE('',*,*,#8921,.T.);
#8973 = ORIENTED_EDGE('',*,*,#4787,.T.);
#8974 = ORIENTED_EDGE('',*,*,#8975,.F.);
#8975 = EDGE_CURVE('',#1355,#4788,#8976,.T.);
#8976 = SURFACE_CURVE('',#8977,(#8981,#8988),.PCURVE_S1.);
#8977 = LINE('',#8978,#8979);
#8978 = CARTESIAN_POINT('',(-5.429949686565,-11.48066402266,-1.8E-02));
#8979 = VECTOR('',#8980,1.);
#8980 = DIRECTION('',(0.,0.,1.));
#8981 = PCURVE('',#1370,#8982);
#8982 = DEFINITIONAL_REPRESENTATION('',(#8983),#8987);
#8983 = LINE('',#8984,#8985);
#8984 = CARTESIAN_POINT('',(0.623347204482,0.));
#8985 = VECTOR('',#8986,1.);
#8986 = DIRECTION('',(0.,-1.));
#8987 = ( GEOMETRIC_REPRESENTATION_CONTEXT(2) 
PARAMETRIC_REPRESENTATION_CONTEXT() REPRESENTATION_CONTEXT('2D SPACE',''
  ) );
#8988 = PCURVE('',#1398,#8989);
#8989 = DEFINITIONAL_REPRESENTATION('',(#8990),#8994);
#8990 = LINE('',#8991,#8992);
#8991 = CARTESIAN_POINT('',(0.,0.));
#8992 = VECTOR('',#8993,1.);
#8993 = DIRECTION('',(0.,-1.));
#8994 = ( GEOMETRIC_REPRESENTATION_CONTEXT(2) 
PARAMETRIC_REPRESENTATION_CONTEXT() REPRESENTATION_CONTEXT('2D SPACE',''
  ) );
#8995 = ORIENTED_EDGE('',*,*,#1354,.F.);
#8996 = ADVANCED_FACE('',(#8997),#2686,.T.);
#8997 = FACE_BOUND('',#8998,.T.);
#8998 = EDGE_LOOP('',(#8999,#9020,#9021,#9022));
#8999 = ORIENTED_EDGE('',*,*,#9000,.T.);
#9000 = EDGE_CURVE('',#2643,#5846,#9001,.T.);
#9001 = SURFACE_CURVE('',#9002,(#9006,#9013),.PCURVE_S1.);
#9002 = LINE('',#9003,#9004);
#9003 = CARTESIAN_POINT('',(-5.429949686565,11.480664022668,-1.8E-02));
#9004 = VECTOR('',#9005,1.);
#9005 = DIRECTION('',(0.,0.,1.));
#9006 = PCURVE('',#2686,#9007);
#9007 = DEFINITIONAL_REPRESENTATION('',(#9008),#9012);
#9008 = LINE('',#9009,#9010);
#9009 = CARTESIAN_POINT('',(0.,0.));
#9010 = VECTOR('',#9011,1.);
#9011 = DIRECTION('',(0.,-1.));
#9012 = ( GEOMETRIC_REPRESENTATION_CONTEXT(2) 
PARAMETRIC_REPRESENTATION_CONTEXT() REPRESENTATION_CONTEXT('2D SPACE',''
  ) );
#9013 = PCURVE('',#2658,#9014);
#9014 = DEFINITIONAL_REPRESENTATION('',(#9015),#9019);
#9015 = LINE('',#9016,#9017);
#9016 = CARTESIAN_POINT('',(0.623347204482,0.));
#9017 = VECTOR('',#9018,1.);
#9018 = DIRECTION('',(0.,-1.));
#9019 = ( GEOMETRIC_REPRESENTATION_CONTEXT(2) 
PARAMETRIC_REPRESENTATION_CONTEXT() REPRESENTATION_CONTEXT('2D SPACE',''
  ) );
#9020 = ORIENTED_EDGE('',*,*,#5868,.T.);
#9021 = ORIENTED_EDGE('',*,*,#8946,.F.);
#9022 = ORIENTED_EDGE('',*,*,#2670,.F.);
#9023 = ADVANCED_FACE('',(#9024),#1398,.T.);
#9024 = FACE_BOUND('',#9025,.T.);
#9025 = EDGE_LOOP('',(#9026,#9027,#9028,#9049));
#9026 = ORIENTED_EDGE('',*,*,#8975,.T.);
#9027 = ORIENTED_EDGE('',*,*,#4810,.T.);
#9028 = ORIENTED_EDGE('',*,*,#9029,.F.);
#9029 = EDGE_CURVE('',#1383,#4811,#9030,.T.);
#9030 = SURFACE_CURVE('',#9031,(#9035,#9042),.PCURVE_S1.);
#9031 = LINE('',#9032,#9033);
#9032 = CARTESIAN_POINT('',(-5.98673855769,-11.20040005722,-1.8E-02));
#9033 = VECTOR('',#9034,1.);
#9034 = DIRECTION('',(0.,0.,1.));
#9035 = PCURVE('',#1398,#9036);
#9036 = DEFINITIONAL_REPRESENTATION('',(#9037),#9041);
#9037 = LINE('',#9038,#9039);
#9038 = CARTESIAN_POINT('',(0.623347204482,0.));
#9039 = VECTOR('',#9040,1.);
#9040 = DIRECTION('',(0.,-1.));
#9041 = ( GEOMETRIC_REPRESENTATION_CONTEXT(2) 
PARAMETRIC_REPRESENTATION_CONTEXT() REPRESENTATION_CONTEXT('2D SPACE',''
  ) );
#9042 = PCURVE('',#1426,#9043);
#9043 = DEFINITIONAL_REPRESENTATION('',(#9044),#9048);
#9044 = LINE('',#9045,#9046);
#9045 = CARTESIAN_POINT('',(0.,0.));
#9046 = VECTOR('',#9047,1.);
#9047 = DIRECTION('',(0.,-1.));
#9048 = ( GEOMETRIC_REPRESENTATION_CONTEXT(2) 
PARAMETRIC_REPRESENTATION_CONTEXT() REPRESENTATION_CONTEXT('2D SPACE',''
  ) );
#9049 = ORIENTED_EDGE('',*,*,#1382,.F.);
#9050 = ADVANCED_FACE('',(#9051),#2658,.T.);
#9051 = FACE_BOUND('',#9052,.T.);
#9052 = EDGE_LOOP('',(#9053,#9074,#9075,#9076));
#9053 = ORIENTED_EDGE('',*,*,#9054,.T.);
#9054 = EDGE_CURVE('',#2615,#5823,#9055,.T.);
#9055 = SURFACE_CURVE('',#9056,(#9060,#9067),.PCURVE_S1.);
#9056 = LINE('',#9057,#9058);
#9057 = CARTESIAN_POINT('',(-5.98673855769,11.200400057224,-1.8E-02));
#9058 = VECTOR('',#9059,1.);
#9059 = DIRECTION('',(0.,0.,1.));
#9060 = PCURVE('',#2658,#9061);
#9061 = DEFINITIONAL_REPRESENTATION('',(#9062),#9066);
#9062 = LINE('',#9063,#9064);
#9063 = CARTESIAN_POINT('',(0.,0.));
#9064 = VECTOR('',#9065,1.);
#9065 = DIRECTION('',(0.,-1.));
#9066 = ( GEOMETRIC_REPRESENTATION_CONTEXT(2) 
PARAMETRIC_REPRESENTATION_CONTEXT() REPRESENTATION_CONTEXT('2D SPACE',''
  ) );
#9067 = PCURVE('',#2630,#9068);
#9068 = DEFINITIONAL_REPRESENTATION('',(#9069),#9073);
#9069 = LINE('',#9070,#9071);
#9070 = CARTESIAN_POINT('',(0.623347204482,0.));
#9071 = VECTOR('',#9072,1.);
#9072 = DIRECTION('',(0.,-1.));
#9073 = ( GEOMETRIC_REPRESENTATION_CONTEXT(2) 
PARAMETRIC_REPRESENTATION_CONTEXT() REPRESENTATION_CONTEXT('2D SPACE',''
  ) );
#9074 = ORIENTED_EDGE('',*,*,#5845,.T.);
#9075 = ORIENTED_EDGE('',*,*,#9000,.F.);
#9076 = ORIENTED_EDGE('',*,*,#2642,.F.);
#9077 = ADVANCED_FACE('',(#9078),#1426,.T.);
#9078 = FACE_BOUND('',#9079,.T.);
#9079 = EDGE_LOOP('',(#9080,#9081,#9082,#9103));
#9080 = ORIENTED_EDGE('',*,*,#9029,.T.);
#9081 = ORIENTED_EDGE('',*,*,#4833,.T.);
#9082 = ORIENTED_EDGE('',*,*,#9083,.F.);
#9083 = EDGE_CURVE('',#1411,#4834,#9084,.T.);
#9084 = SURFACE_CURVE('',#9085,(#9089,#9096),.PCURVE_S1.);
#9085 = LINE('',#9086,#9087);
#9086 = CARTESIAN_POINT('',(-6.529104851254,-10.893153347,-1.8E-02));
#9087 = VECTOR('',#9088,1.);
#9088 = DIRECTION('',(0.,0.,1.));
#9089 = PCURVE('',#1426,#9090);
#9090 = DEFINITIONAL_REPRESENTATION('',(#9091),#9095);
#9091 = LINE('',#9092,#9093);
#9092 = CARTESIAN_POINT('',(0.623347204482,0.));
#9093 = VECTOR('',#9094,1.);
#9094 = DIRECTION('',(0.,-1.));
#9095 = ( GEOMETRIC_REPRESENTATION_CONTEXT(2) 
PARAMETRIC_REPRESENTATION_CONTEXT() REPRESENTATION_CONTEXT('2D SPACE',''
  ) );
#9096 = PCURVE('',#1454,#9097);
#9097 = DEFINITIONAL_REPRESENTATION('',(#9098),#9102);
#9098 = LINE('',#9099,#9100);
#9099 = CARTESIAN_POINT('',(0.,0.));
#9100 = VECTOR('',#9101,1.);
#9101 = DIRECTION('',(0.,-1.));
#9102 = ( GEOMETRIC_REPRESENTATION_CONTEXT(2) 
PARAMETRIC_REPRESENTATION_CONTEXT() REPRESENTATION_CONTEXT('2D SPACE',''
  ) );
#9103 = ORIENTED_EDGE('',*,*,#1410,.F.);
#9104 = ADVANCED_FACE('',(#9105),#2630,.T.);
#9105 = FACE_BOUND('',#9106,.T.);
#9106 = EDGE_LOOP('',(#9107,#9128,#9129,#9130));
#9107 = ORIENTED_EDGE('',*,*,#9108,.T.);
#9108 = EDGE_CURVE('',#2587,#5800,#9109,.T.);
#9109 = SURFACE_CURVE('',#9110,(#9114,#9121),.PCURVE_S1.);
#9110 = LINE('',#9111,#9112);
#9111 = CARTESIAN_POINT('',(-6.529104851254,10.893153347003,-1.8E-02));
#9112 = VECTOR('',#9113,1.);
#9113 = DIRECTION('',(0.,0.,1.));
#9114 = PCURVE('',#2630,#9115);
#9115 = DEFINITIONAL_REPRESENTATION('',(#9116),#9120);
#9116 = LINE('',#9117,#9118);
#9117 = CARTESIAN_POINT('',(0.,0.));
#9118 = VECTOR('',#9119,1.);
#9119 = DIRECTION('',(0.,-1.));
#9120 = ( GEOMETRIC_REPRESENTATION_CONTEXT(2) 
PARAMETRIC_REPRESENTATION_CONTEXT() REPRESENTATION_CONTEXT('2D SPACE',''
  ) );
#9121 = PCURVE('',#2602,#9122);
#9122 = DEFINITIONAL_REPRESENTATION('',(#9123),#9127);
#9123 = LINE('',#9124,#9125);
#9124 = CARTESIAN_POINT('',(0.623347204482,0.));
#9125 = VECTOR('',#9126,1.);
#9126 = DIRECTION('',(0.,-1.));
#9127 = ( GEOMETRIC_REPRESENTATION_CONTEXT(2) 
PARAMETRIC_REPRESENTATION_CONTEXT() REPRESENTATION_CONTEXT('2D SPACE',''
  ) );
#9128 = ORIENTED_EDGE('',*,*,#5822,.T.);
#9129 = ORIENTED_EDGE('',*,*,#9054,.F.);
#9130 = ORIENTED_EDGE('',*,*,#2614,.F.);
#9131 = ADVANCED_FACE('',(#9132),#1454,.T.);
#9132 = FACE_BOUND('',#9133,.T.);
#9133 = EDGE_LOOP('',(#9134,#9135,#9136,#9157));
#9134 = ORIENTED_EDGE('',*,*,#9083,.T.);
#9135 = ORIENTED_EDGE('',*,*,#4856,.T.);
#9136 = ORIENTED_EDGE('',*,*,#9137,.F.);
#9137 = EDGE_CURVE('',#1439,#4857,#9138,.T.);
#9138 = SURFACE_CURVE('',#9139,(#9143,#9150),.PCURVE_S1.);
#9139 = LINE('',#9140,#9141);
#9140 = CARTESIAN_POINT('',(-7.055741959349,-10.55966407624,-1.8E-02));
#9141 = VECTOR('',#9142,1.);
#9142 = DIRECTION('',(0.,0.,1.));
#9143 = PCURVE('',#1454,#9144);
#9144 = DEFINITIONAL_REPRESENTATION('',(#9145),#9149);
#9145 = LINE('',#9146,#9147);
#9146 = CARTESIAN_POINT('',(0.623347204482,0.));
#9147 = VECTOR('',#9148,1.);
#9148 = DIRECTION('',(0.,-1.));
#9149 = ( GEOMETRIC_REPRESENTATION_CONTEXT(2) 
PARAMETRIC_REPRESENTATION_CONTEXT() REPRESENTATION_CONTEXT('2D SPACE',''
  ) );
#9150 = PCURVE('',#1482,#9151);
#9151 = DEFINITIONAL_REPRESENTATION('',(#9152),#9156);
#9152 = LINE('',#9153,#9154);
#9153 = CARTESIAN_POINT('',(0.,0.));
#9154 = VECTOR('',#9155,1.);
#9155 = DIRECTION('',(0.,-1.));
#9156 = ( GEOMETRIC_REPRESENTATION_CONTEXT(2) 
PARAMETRIC_REPRESENTATION_CONTEXT() REPRESENTATION_CONTEXT('2D SPACE',''
  ) );
#9157 = ORIENTED_EDGE('',*,*,#1438,.F.);
#9158 = ADVANCED_FACE('',(#9159),#2602,.T.);
#9159 = FACE_BOUND('',#9160,.T.);
#9160 = EDGE_LOOP('',(#9161,#9182,#9183,#9184));
#9161 = ORIENTED_EDGE('',*,*,#9162,.T.);
#9162 = EDGE_CURVE('',#2559,#5777,#9163,.T.);
#9163 = SURFACE_CURVE('',#9164,(#9168,#9175),.PCURVE_S1.);
#9164 = LINE('',#9165,#9166);
#9165 = CARTESIAN_POINT('',(-7.055741959349,10.559664076242,-1.8E-02));
#9166 = VECTOR('',#9167,1.);
#9167 = DIRECTION('',(0.,0.,1.));
#9168 = PCURVE('',#2602,#9169);
#9169 = DEFINITIONAL_REPRESENTATION('',(#9170),#9174);
#9170 = LINE('',#9171,#9172);
#9171 = CARTESIAN_POINT('',(0.,0.));
#9172 = VECTOR('',#9173,1.);
#9173 = DIRECTION('',(0.,-1.));
#9174 = ( GEOMETRIC_REPRESENTATION_CONTEXT(2) 
PARAMETRIC_REPRESENTATION_CONTEXT() REPRESENTATION_CONTEXT('2D SPACE',''
  ) );
#9175 = PCURVE('',#2574,#9176);
#9176 = DEFINITIONAL_REPRESENTATION('',(#9177),#9181);
#9177 = LINE('',#9178,#9179);
#9178 = CARTESIAN_POINT('',(0.623347204482,0.));
#9179 = VECTOR('',#9180,1.);
#9180 = DIRECTION('',(0.,-1.));
#9181 = ( GEOMETRIC_REPRESENTATION_CONTEXT(2) 
PARAMETRIC_REPRESENTATION_CONTEXT() REPRESENTATION_CONTEXT('2D SPACE',''
  ) );
#9182 = ORIENTED_EDGE('',*,*,#5799,.T.);
#9183 = ORIENTED_EDGE('',*,*,#9108,.F.);
#9184 = ORIENTED_EDGE('',*,*,#2586,.F.);
#9185 = ADVANCED_FACE('',(#9186),#1482,.T.);
#9186 = FACE_BOUND('',#9187,.T.);
#9187 = EDGE_LOOP('',(#9188,#9189,#9190,#9211));
#9188 = ORIENTED_EDGE('',*,*,#9137,.T.);
#9189 = ORIENTED_EDGE('',*,*,#4879,.T.);
#9190 = ORIENTED_EDGE('',*,*,#9191,.F.);
#9191 = EDGE_CURVE('',#1467,#4880,#9192,.T.);
#9192 = SURFACE_CURVE('',#9193,(#9197,#9204),.PCURVE_S1.);
#9193 = LINE('',#9194,#9195);
#9194 = CARTESIAN_POINT('',(-7.565381167054,-10.2007356498,-1.8E-02));
#9195 = VECTOR('',#9196,1.);
#9196 = DIRECTION('',(0.,0.,1.));
#9197 = PCURVE('',#1482,#9198);
#9198 = DEFINITIONAL_REPRESENTATION('',(#9199),#9203);
#9199 = LINE('',#9200,#9201);
#9200 = CARTESIAN_POINT('',(0.623347204482,0.));
#9201 = VECTOR('',#9202,1.);
#9202 = DIRECTION('',(0.,-1.));
#9203 = ( GEOMETRIC_REPRESENTATION_CONTEXT(2) 
PARAMETRIC_REPRESENTATION_CONTEXT() REPRESENTATION_CONTEXT('2D SPACE',''
  ) );
#9204 = PCURVE('',#1510,#9205);
#9205 = DEFINITIONAL_REPRESENTATION('',(#9206),#9210);
#9206 = LINE('',#9207,#9208);
#9207 = CARTESIAN_POINT('',(0.,0.));
#9208 = VECTOR('',#9209,1.);
#9209 = DIRECTION('',(0.,-1.));
#9210 = ( GEOMETRIC_REPRESENTATION_CONTEXT(2) 
PARAMETRIC_REPRESENTATION_CONTEXT() REPRESENTATION_CONTEXT('2D SPACE',''
  ) );
#9211 = ORIENTED_EDGE('',*,*,#1466,.F.);
#9212 = ADVANCED_FACE('',(#9213),#2574,.T.);
#9213 = FACE_BOUND('',#9214,.T.);
#9214 = EDGE_LOOP('',(#9215,#9236,#9237,#9238));
#9215 = ORIENTED_EDGE('',*,*,#9216,.T.);
#9216 = EDGE_CURVE('',#2531,#5754,#9217,.T.);
#9217 = SURFACE_CURVE('',#9218,(#9222,#9229),.PCURVE_S1.);
#9218 = LINE('',#9219,#9220);
#9219 = CARTESIAN_POINT('',(-7.565381167054,10.200735649804,-1.8E-02));
#9220 = VECTOR('',#9221,1.);
#9221 = DIRECTION('',(0.,0.,1.));
#9222 = PCURVE('',#2574,#9223);
#9223 = DEFINITIONAL_REPRESENTATION('',(#9224),#9228);
#9224 = LINE('',#9225,#9226);
#9225 = CARTESIAN_POINT('',(0.,0.));
#9226 = VECTOR('',#9227,1.);
#9227 = DIRECTION('',(0.,-1.));
#9228 = ( GEOMETRIC_REPRESENTATION_CONTEXT(2) 
PARAMETRIC_REPRESENTATION_CONTEXT() REPRESENTATION_CONTEXT('2D SPACE',''
  ) );
#9229 = PCURVE('',#2546,#9230);
#9230 = DEFINITIONAL_REPRESENTATION('',(#9231),#9235);
#9231 = LINE('',#9232,#9233);
#9232 = CARTESIAN_POINT('',(0.623347204482,0.));
#9233 = VECTOR('',#9234,1.);
#9234 = DIRECTION('',(0.,-1.));
#9235 = ( GEOMETRIC_REPRESENTATION_CONTEXT(2) 
PARAMETRIC_REPRESENTATION_CONTEXT() REPRESENTATION_CONTEXT('2D SPACE',''
  ) );
#9236 = ORIENTED_EDGE('',*,*,#5776,.T.);
#9237 = ORIENTED_EDGE('',*,*,#9162,.F.);
#9238 = ORIENTED_EDGE('',*,*,#2558,.F.);
#9239 = ADVANCED_FACE('',(#9240),#1510,.T.);
#9240 = FACE_BOUND('',#9241,.T.);
#9241 = EDGE_LOOP('',(#9242,#9243,#9244,#9265));
#9242 = ORIENTED_EDGE('',*,*,#9191,.T.);
#9243 = ORIENTED_EDGE('',*,*,#4902,.T.);
#9244 = ORIENTED_EDGE('',*,*,#9245,.F.);
#9245 = EDGE_CURVE('',#1495,#4903,#9246,.T.);
#9246 = SURFACE_CURVE('',#9247,(#9251,#9258),.PCURVE_S1.);
#9247 = LINE('',#9248,#9249);
#9248 = CARTESIAN_POINT('',(-8.056794708878,-9.817232757707,-1.8E-02));
#9249 = VECTOR('',#9250,1.);
#9250 = DIRECTION('',(0.,0.,1.));
#9251 = PCURVE('',#1510,#9252);
#9252 = DEFINITIONAL_REPRESENTATION('',(#9253),#9257);
#9253 = LINE('',#9254,#9255);
#9254 = CARTESIAN_POINT('',(0.623347204482,0.));
#9255 = VECTOR('',#9256,1.);
#9256 = DIRECTION('',(0.,-1.));
#9257 = ( GEOMETRIC_REPRESENTATION_CONTEXT(2) 
PARAMETRIC_REPRESENTATION_CONTEXT() REPRESENTATION_CONTEXT('2D SPACE',''
  ) );
#9258 = PCURVE('',#1538,#9259);
#9259 = DEFINITIONAL_REPRESENTATION('',(#9260),#9264);
#9260 = LINE('',#9261,#9262);
#9261 = CARTESIAN_POINT('',(0.,0.));
#9262 = VECTOR('',#9263,1.);
#9263 = DIRECTION('',(0.,-1.));
#9264 = ( GEOMETRIC_REPRESENTATION_CONTEXT(2) 
PARAMETRIC_REPRESENTATION_CONTEXT() REPRESENTATION_CONTEXT('2D SPACE',''
  ) );
#9265 = ORIENTED_EDGE('',*,*,#1494,.F.);
#9266 = ADVANCED_FACE('',(#9267),#2546,.T.);
#9267 = FACE_BOUND('',#9268,.T.);
#9268 = EDGE_LOOP('',(#9269,#9290,#9291,#9292));
#9269 = ORIENTED_EDGE('',*,*,#9270,.T.);
#9270 = EDGE_CURVE('',#2503,#5731,#9271,.T.);
#9271 = SURFACE_CURVE('',#9272,(#9276,#9283),.PCURVE_S1.);
#9272 = LINE('',#9273,#9274);
#9273 = CARTESIAN_POINT('',(-8.056794708878,9.817232757707,-1.8E-02));
#9274 = VECTOR('',#9275,1.);
#9275 = DIRECTION('',(0.,0.,1.));
#9276 = PCURVE('',#2546,#9277);
#9277 = DEFINITIONAL_REPRESENTATION('',(#9278),#9282);
#9278 = LINE('',#9279,#9280);
#9279 = CARTESIAN_POINT('',(0.,0.));
#9280 = VECTOR('',#9281,1.);
#9281 = DIRECTION('',(0.,-1.));
#9282 = ( GEOMETRIC_REPRESENTATION_CONTEXT(2) 
PARAMETRIC_REPRESENTATION_CONTEXT() REPRESENTATION_CONTEXT('2D SPACE',''
  ) );
#9283 = PCURVE('',#2518,#9284);
#9284 = DEFINITIONAL_REPRESENTATION('',(#9285),#9289);
#9285 = LINE('',#9286,#9287);
#9286 = CARTESIAN_POINT('',(0.623347204482,0.));
#9287 = VECTOR('',#9288,1.);
#9288 = DIRECTION('',(0.,-1.));
#9289 = ( GEOMETRIC_REPRESENTATION_CONTEXT(2) 
PARAMETRIC_REPRESENTATION_CONTEXT() REPRESENTATION_CONTEXT('2D SPACE',''
  ) );
#9290 = ORIENTED_EDGE('',*,*,#5753,.T.);
#9291 = ORIENTED_EDGE('',*,*,#9216,.F.);
#9292 = ORIENTED_EDGE('',*,*,#2530,.F.);
#9293 = ADVANCED_FACE('',(#9294),#1538,.T.);
#9294 = FACE_BOUND('',#9295,.T.);
#9295 = EDGE_LOOP('',(#9296,#9297,#9298,#9319));
#9296 = ORIENTED_EDGE('',*,*,#9245,.T.);
#9297 = ORIENTED_EDGE('',*,*,#4925,.T.);
#9298 = ORIENTED_EDGE('',*,*,#9299,.F.);
#9299 = EDGE_CURVE('',#1523,#4926,#9300,.T.);
#9300 = SURFACE_CURVE('',#9301,(#9305,#9312),.PCURVE_S1.);
#9301 = LINE('',#9302,#9303);
#9302 = CARTESIAN_POINT('',(-8.528798726557,-9.410079292008,-1.8E-02));
#9303 = VECTOR('',#9304,1.);
#9304 = DIRECTION('',(0.,0.,1.));
#9305 = PCURVE('',#1538,#9306);
#9306 = DEFINITIONAL_REPRESENTATION('',(#9307),#9311);
#9307 = LINE('',#9308,#9309);
#9308 = CARTESIAN_POINT('',(0.623347204482,0.));
#9309 = VECTOR('',#9310,1.);
#9310 = DIRECTION('',(0.,-1.));
#9311 = ( GEOMETRIC_REPRESENTATION_CONTEXT(2) 
PARAMETRIC_REPRESENTATION_CONTEXT() REPRESENTATION_CONTEXT('2D SPACE',''
  ) );
#9312 = PCURVE('',#1566,#9313);
#9313 = DEFINITIONAL_REPRESENTATION('',(#9314),#9318);
#9314 = LINE('',#9315,#9316);
#9315 = CARTESIAN_POINT('',(0.,0.));
#9316 = VECTOR('',#9317,1.);
#9317 = DIRECTION('',(0.,-1.));
#9318 = ( GEOMETRIC_REPRESENTATION_CONTEXT(2) 
PARAMETRIC_REPRESENTATION_CONTEXT() REPRESENTATION_CONTEXT('2D SPACE',''
  ) );
#9319 = ORIENTED_EDGE('',*,*,#1522,.F.);
#9320 = ADVANCED_FACE('',(#9321),#2518,.T.);
#9321 = FACE_BOUND('',#9322,.T.);
#9322 = EDGE_LOOP('',(#9323,#9344,#9345,#9346));
#9323 = ORIENTED_EDGE('',*,*,#9324,.T.);
#9324 = EDGE_CURVE('',#2475,#5708,#9325,.T.);
#9325 = SURFACE_CURVE('',#9326,(#9330,#9337),.PCURVE_S1.);
#9326 = LINE('',#9327,#9328);
#9327 = CARTESIAN_POINT('',(-8.528798726557,9.410079292008,-1.8E-02));
#9328 = VECTOR('',#9329,1.);
#9329 = DIRECTION('',(0.,0.,1.));
#9330 = PCURVE('',#2518,#9331);
#9331 = DEFINITIONAL_REPRESENTATION('',(#9332),#9336);
#9332 = LINE('',#9333,#9334);
#9333 = CARTESIAN_POINT('',(0.,0.));
#9334 = VECTOR('',#9335,1.);
#9335 = DIRECTION('',(0.,-1.));
#9336 = ( GEOMETRIC_REPRESENTATION_CONTEXT(2) 
PARAMETRIC_REPRESENTATION_CONTEXT() REPRESENTATION_CONTEXT('2D SPACE',''
  ) );
#9337 = PCURVE('',#2490,#9338);
#9338 = DEFINITIONAL_REPRESENTATION('',(#9339),#9343);
#9339 = LINE('',#9340,#9341);
#9340 = CARTESIAN_POINT('',(0.623347204482,0.));
#9341 = VECTOR('',#9342,1.);
#9342 = DIRECTION('',(0.,-1.));
#9343 = ( GEOMETRIC_REPRESENTATION_CONTEXT(2) 
PARAMETRIC_REPRESENTATION_CONTEXT() REPRESENTATION_CONTEXT('2D SPACE',''
  ) );
#9344 = ORIENTED_EDGE('',*,*,#5730,.T.);
#9345 = ORIENTED_EDGE('',*,*,#9270,.F.);
#9346 = ORIENTED_EDGE('',*,*,#2502,.F.);
#9347 = ADVANCED_FACE('',(#9348),#1566,.T.);
#9348 = FACE_BOUND('',#9349,.T.);
#9349 = EDGE_LOOP('',(#9350,#9351,#9352,#9373));
#9350 = ORIENTED_EDGE('',*,*,#9299,.T.);
#9351 = ORIENTED_EDGE('',*,*,#4948,.T.);
#9352 = ORIENTED_EDGE('',*,*,#9353,.F.);
#9353 = EDGE_CURVE('',#1551,#4949,#9354,.T.);
#9354 = SURFACE_CURVE('',#9355,(#9359,#9366),.PCURVE_S1.);
#9355 = LINE('',#9356,#9357);
#9356 = CARTESIAN_POINT('',(-8.980256121069,-8.980256121069,-1.8E-02));
#9357 = VECTOR('',#9358,1.);
#9358 = DIRECTION('',(0.,0.,1.));
#9359 = PCURVE('',#1566,#9360);
#9360 = DEFINITIONAL_REPRESENTATION('',(#9361),#9365);
#9361 = LINE('',#9362,#9363);
#9362 = CARTESIAN_POINT('',(0.623347204482,0.));
#9363 = VECTOR('',#9364,1.);
#9364 = DIRECTION('',(0.,-1.));
#9365 = ( GEOMETRIC_REPRESENTATION_CONTEXT(2) 
PARAMETRIC_REPRESENTATION_CONTEXT() REPRESENTATION_CONTEXT('2D SPACE',''
  ) );
#9366 = PCURVE('',#1594,#9367);
#9367 = DEFINITIONAL_REPRESENTATION('',(#9368),#9372);
#9368 = LINE('',#9369,#9370);
#9369 = CARTESIAN_POINT('',(0.,0.));
#9370 = VECTOR('',#9371,1.);
#9371 = DIRECTION('',(0.,-1.));
#9372 = ( GEOMETRIC_REPRESENTATION_CONTEXT(2) 
PARAMETRIC_REPRESENTATION_CONTEXT() REPRESENTATION_CONTEXT('2D SPACE',''
  ) );
#9373 = ORIENTED_EDGE('',*,*,#1550,.F.);
#9374 = ADVANCED_FACE('',(#9375),#2490,.T.);
#9375 = FACE_BOUND('',#9376,.T.);
#9376 = EDGE_LOOP('',(#9377,#9398,#9399,#9400));
#9377 = ORIENTED_EDGE('',*,*,#9378,.T.);
#9378 = EDGE_CURVE('',#2447,#5685,#9379,.T.);
#9379 = SURFACE_CURVE('',#9380,(#9384,#9391),.PCURVE_S1.);
#9380 = LINE('',#9381,#9382);
#9381 = CARTESIAN_POINT('',(-8.980256121069,8.980256121069,-1.8E-02));
#9382 = VECTOR('',#9383,1.);
#9383 = DIRECTION('',(0.,0.,1.));
#9384 = PCURVE('',#2490,#9385);
#9385 = DEFINITIONAL_REPRESENTATION('',(#9386),#9390);
#9386 = LINE('',#9387,#9388);
#9387 = CARTESIAN_POINT('',(0.,0.));
#9388 = VECTOR('',#9389,1.);
#9389 = DIRECTION('',(0.,-1.));
#9390 = ( GEOMETRIC_REPRESENTATION_CONTEXT(2) 
PARAMETRIC_REPRESENTATION_CONTEXT() REPRESENTATION_CONTEXT('2D SPACE',''
  ) );
#9391 = PCURVE('',#2462,#9392);
#9392 = DEFINITIONAL_REPRESENTATION('',(#9393),#9397);
#9393 = LINE('',#9394,#9395);
#9394 = CARTESIAN_POINT('',(0.623347204482,0.));
#9395 = VECTOR('',#9396,1.);
#9396 = DIRECTION('',(0.,-1.));
#9397 = ( GEOMETRIC_REPRESENTATION_CONTEXT(2) 
PARAMETRIC_REPRESENTATION_CONTEXT() REPRESENTATION_CONTEXT('2D SPACE',''
  ) );
#9398 = ORIENTED_EDGE('',*,*,#5707,.T.);
#9399 = ORIENTED_EDGE('',*,*,#9324,.F.);
#9400 = ORIENTED_EDGE('',*,*,#2474,.F.);
#9401 = ADVANCED_FACE('',(#9402),#1594,.T.);
#9402 = FACE_BOUND('',#9403,.T.);
#9403 = EDGE_LOOP('',(#9404,#9405,#9406,#9427));
#9404 = ORIENTED_EDGE('',*,*,#9353,.T.);
#9405 = ORIENTED_EDGE('',*,*,#4971,.T.);
#9406 = ORIENTED_EDGE('',*,*,#9407,.F.);
#9407 = EDGE_CURVE('',#1579,#4972,#9408,.T.);
#9408 = SURFACE_CURVE('',#9409,(#9413,#9420),.PCURVE_S1.);
#9409 = LINE('',#9410,#9411);
#9410 = CARTESIAN_POINT('',(-9.410079292008,-8.528798726557,-1.8E-02));
#9411 = VECTOR('',#9412,1.);
#9412 = DIRECTION('',(0.,0.,1.));
#9413 = PCURVE('',#1594,#9414);
#9414 = DEFINITIONAL_REPRESENTATION('',(#9415),#9419);
#9415 = LINE('',#9416,#9417);
#9416 = CARTESIAN_POINT('',(0.623347204482,0.));
#9417 = VECTOR('',#9418,1.);
#9418 = DIRECTION('',(0.,-1.));
#9419 = ( GEOMETRIC_REPRESENTATION_CONTEXT(2) 
PARAMETRIC_REPRESENTATION_CONTEXT() REPRESENTATION_CONTEXT('2D SPACE',''
  ) );
#9420 = PCURVE('',#1622,#9421);
#9421 = DEFINITIONAL_REPRESENTATION('',(#9422),#9426);
#9422 = LINE('',#9423,#9424);
#9423 = CARTESIAN_POINT('',(0.,0.));
#9424 = VECTOR('',#9425,1.);
#9425 = DIRECTION('',(0.,-1.));
#9426 = ( GEOMETRIC_REPRESENTATION_CONTEXT(2) 
PARAMETRIC_REPRESENTATION_CONTEXT() REPRESENTATION_CONTEXT('2D SPACE',''
  ) );
#9427 = ORIENTED_EDGE('',*,*,#1578,.F.);
#9428 = ADVANCED_FACE('',(#9429),#2462,.T.);
#9429 = FACE_BOUND('',#9430,.T.);
#9430 = EDGE_LOOP('',(#9431,#9452,#9453,#9454));
#9431 = ORIENTED_EDGE('',*,*,#9432,.T.);
#9432 = EDGE_CURVE('',#2419,#5662,#9433,.T.);
#9433 = SURFACE_CURVE('',#9434,(#9438,#9445),.PCURVE_S1.);
#9434 = LINE('',#9435,#9436);
#9435 = CARTESIAN_POINT('',(-9.410079292008,8.528798726557,-1.8E-02));
#9436 = VECTOR('',#9437,1.);
#9437 = DIRECTION('',(0.,0.,1.));
#9438 = PCURVE('',#2462,#9439);
#9439 = DEFINITIONAL_REPRESENTATION('',(#9440),#9444);
#9440 = LINE('',#9441,#9442);
#9441 = CARTESIAN_POINT('',(0.,0.));
#9442 = VECTOR('',#9443,1.);
#9443 = DIRECTION('',(0.,-1.));
#9444 = ( GEOMETRIC_REPRESENTATION_CONTEXT(2) 
PARAMETRIC_REPRESENTATION_CONTEXT() REPRESENTATION_CONTEXT('2D SPACE',''
  ) );
#9445 = PCURVE('',#2434,#9446);
#9446 = DEFINITIONAL_REPRESENTATION('',(#9447),#9451);
#9447 = LINE('',#9448,#9449);
#9448 = CARTESIAN_POINT('',(0.623347204482,0.));
#9449 = VECTOR('',#9450,1.);
#9450 = DIRECTION('',(0.,-1.));
#9451 = ( GEOMETRIC_REPRESENTATION_CONTEXT(2) 
PARAMETRIC_REPRESENTATION_CONTEXT() REPRESENTATION_CONTEXT('2D SPACE',''
  ) );
#9452 = ORIENTED_EDGE('',*,*,#5684,.T.);
#9453 = ORIENTED_EDGE('',*,*,#9378,.F.);
#9454 = ORIENTED_EDGE('',*,*,#2446,.F.);
#9455 = ADVANCED_FACE('',(#9456),#1622,.T.);
#9456 = FACE_BOUND('',#9457,.T.);
#9457 = EDGE_LOOP('',(#9458,#9459,#9460,#9481));
#9458 = ORIENTED_EDGE('',*,*,#9407,.T.);
#9459 = ORIENTED_EDGE('',*,*,#4994,.T.);
#9460 = ORIENTED_EDGE('',*,*,#9461,.F.);
#9461 = EDGE_CURVE('',#1607,#4995,#9462,.T.);
#9462 = SURFACE_CURVE('',#9463,(#9467,#9474),.PCURVE_S1.);
#9463 = LINE('',#9464,#9465);
#9464 = CARTESIAN_POINT('',(-9.817232757707,-8.056794708878,-1.8E-02));
#9465 = VECTOR('',#9466,1.);
#9466 = DIRECTION('',(0.,0.,1.));
#9467 = PCURVE('',#1622,#9468);
#9468 = DEFINITIONAL_REPRESENTATION('',(#9469),#9473);
#9469 = LINE('',#9470,#9471);
#9470 = CARTESIAN_POINT('',(0.623347204482,0.));
#9471 = VECTOR('',#9472,1.);
#9472 = DIRECTION('',(0.,-1.));
#9473 = ( GEOMETRIC_REPRESENTATION_CONTEXT(2) 
PARAMETRIC_REPRESENTATION_CONTEXT() REPRESENTATION_CONTEXT('2D SPACE',''
  ) );
#9474 = PCURVE('',#1650,#9475);
#9475 = DEFINITIONAL_REPRESENTATION('',(#9476),#9480);
#9476 = LINE('',#9477,#9478);
#9477 = CARTESIAN_POINT('',(0.,0.));
#9478 = VECTOR('',#9479,1.);
#9479 = DIRECTION('',(0.,-1.));
#9480 = ( GEOMETRIC_REPRESENTATION_CONTEXT(2) 
PARAMETRIC_REPRESENTATION_CONTEXT() REPRESENTATION_CONTEXT('2D SPACE',''
  ) );
#9481 = ORIENTED_EDGE('',*,*,#1606,.F.);
#9482 = ADVANCED_FACE('',(#9483),#2434,.T.);
#9483 = FACE_BOUND('',#9484,.T.);
#9484 = EDGE_LOOP('',(#9485,#9506,#9507,#9508));
#9485 = ORIENTED_EDGE('',*,*,#9486,.T.);
#9486 = EDGE_CURVE('',#2391,#5639,#9487,.T.);
#9487 = SURFACE_CURVE('',#9488,(#9492,#9499),.PCURVE_S1.);
#9488 = LINE('',#9489,#9490);
#9489 = CARTESIAN_POINT('',(-9.817232757707,8.056794708878,-1.8E-02));
#9490 = VECTOR('',#9491,1.);
#9491 = DIRECTION('',(0.,0.,1.));
#9492 = PCURVE('',#2434,#9493);
#9493 = DEFINITIONAL_REPRESENTATION('',(#9494),#9498);
#9494 = LINE('',#9495,#9496);
#9495 = CARTESIAN_POINT('',(0.,0.));
#9496 = VECTOR('',#9497,1.);
#9497 = DIRECTION('',(0.,-1.));
#9498 = ( GEOMETRIC_REPRESENTATION_CONTEXT(2) 
PARAMETRIC_REPRESENTATION_CONTEXT() REPRESENTATION_CONTEXT('2D SPACE',''
  ) );
#9499 = PCURVE('',#2406,#9500);
#9500 = DEFINITIONAL_REPRESENTATION('',(#9501),#9505);
#9501 = LINE('',#9502,#9503);
#9502 = CARTESIAN_POINT('',(0.623347204482,0.));
#9503 = VECTOR('',#9504,1.);
#9504 = DIRECTION('',(0.,-1.));
#9505 = ( GEOMETRIC_REPRESENTATION_CONTEXT(2) 
PARAMETRIC_REPRESENTATION_CONTEXT() REPRESENTATION_CONTEXT('2D SPACE',''
  ) );
#9506 = ORIENTED_EDGE('',*,*,#5661,.T.);
#9507 = ORIENTED_EDGE('',*,*,#9432,.F.);
#9508 = ORIENTED_EDGE('',*,*,#2418,.F.);
#9509 = ADVANCED_FACE('',(#9510),#1650,.T.);
#9510 = FACE_BOUND('',#9511,.T.);
#9511 = EDGE_LOOP('',(#9512,#9513,#9514,#9535));
#9512 = ORIENTED_EDGE('',*,*,#9461,.T.);
#9513 = ORIENTED_EDGE('',*,*,#5017,.T.);
#9514 = ORIENTED_EDGE('',*,*,#9515,.F.);
#9515 = EDGE_CURVE('',#1635,#5018,#9516,.T.);
#9516 = SURFACE_CURVE('',#9517,(#9521,#9528),.PCURVE_S1.);
#9517 = LINE('',#9518,#9519);
#9518 = CARTESIAN_POINT('',(-10.2007356498,-7.565381167054,-1.8E-02));
#9519 = VECTOR('',#9520,1.);
#9520 = DIRECTION('',(0.,0.,1.));
#9521 = PCURVE('',#1650,#9522);
#9522 = DEFINITIONAL_REPRESENTATION('',(#9523),#9527);
#9523 = LINE('',#9524,#9525);
#9524 = CARTESIAN_POINT('',(0.623347204482,0.));
#9525 = VECTOR('',#9526,1.);
#9526 = DIRECTION('',(0.,-1.));
#9527 = ( GEOMETRIC_REPRESENTATION_CONTEXT(2) 
PARAMETRIC_REPRESENTATION_CONTEXT() REPRESENTATION_CONTEXT('2D SPACE',''
  ) );
#9528 = PCURVE('',#1678,#9529);
#9529 = DEFINITIONAL_REPRESENTATION('',(#9530),#9534);
#9530 = LINE('',#9531,#9532);
#9531 = CARTESIAN_POINT('',(0.,0.));
#9532 = VECTOR('',#9533,1.);
#9533 = DIRECTION('',(0.,-1.));
#9534 = ( GEOMETRIC_REPRESENTATION_CONTEXT(2) 
PARAMETRIC_REPRESENTATION_CONTEXT() REPRESENTATION_CONTEXT('2D SPACE',''
  ) );
#9535 = ORIENTED_EDGE('',*,*,#1634,.F.);
#9536 = ADVANCED_FACE('',(#9537),#2406,.T.);
#9537 = FACE_BOUND('',#9538,.T.);
#9538 = EDGE_LOOP('',(#9539,#9560,#9561,#9562));
#9539 = ORIENTED_EDGE('',*,*,#9540,.T.);
#9540 = EDGE_CURVE('',#2363,#5616,#9541,.T.);
#9541 = SURFACE_CURVE('',#9542,(#9546,#9553),.PCURVE_S1.);
#9542 = LINE('',#9543,#9544);
#9543 = CARTESIAN_POINT('',(-10.2007356498,7.565381167054,-1.8E-02));
#9544 = VECTOR('',#9545,1.);
#9545 = DIRECTION('',(0.,0.,1.));
#9546 = PCURVE('',#2406,#9547);
#9547 = DEFINITIONAL_REPRESENTATION('',(#9548),#9552);
#9548 = LINE('',#9549,#9550);
#9549 = CARTESIAN_POINT('',(0.,0.));
#9550 = VECTOR('',#9551,1.);
#9551 = DIRECTION('',(0.,-1.));
#9552 = ( GEOMETRIC_REPRESENTATION_CONTEXT(2) 
PARAMETRIC_REPRESENTATION_CONTEXT() REPRESENTATION_CONTEXT('2D SPACE',''
  ) );
#9553 = PCURVE('',#2378,#9554);
#9554 = DEFINITIONAL_REPRESENTATION('',(#9555),#9559);
#9555 = LINE('',#9556,#9557);
#9556 = CARTESIAN_POINT('',(0.623347204482,0.));
#9557 = VECTOR('',#9558,1.);
#9558 = DIRECTION('',(0.,-1.));
#9559 = ( GEOMETRIC_REPRESENTATION_CONTEXT(2) 
PARAMETRIC_REPRESENTATION_CONTEXT() REPRESENTATION_CONTEXT('2D SPACE',''
  ) );
#9560 = ORIENTED_EDGE('',*,*,#5638,.T.);
#9561 = ORIENTED_EDGE('',*,*,#9486,.F.);
#9562 = ORIENTED_EDGE('',*,*,#2390,.F.);
#9563 = ADVANCED_FACE('',(#9564),#1678,.T.);
#9564 = FACE_BOUND('',#9565,.T.);
#9565 = EDGE_LOOP('',(#9566,#9567,#9568,#9589));
#9566 = ORIENTED_EDGE('',*,*,#9515,.T.);
#9567 = ORIENTED_EDGE('',*,*,#5040,.T.);
#9568 = ORIENTED_EDGE('',*,*,#9569,.F.);
#9569 = EDGE_CURVE('',#1663,#5041,#9570,.T.);
#9570 = SURFACE_CURVE('',#9571,(#9575,#9582),.PCURVE_S1.);
#9571 = LINE('',#9572,#9573);
#9572 = CARTESIAN_POINT('',(-10.55966407624,-7.055741959349,-1.8E-02));
#9573 = VECTOR('',#9574,1.);
#9574 = DIRECTION('',(0.,0.,1.));
#9575 = PCURVE('',#1678,#9576);
#9576 = DEFINITIONAL_REPRESENTATION('',(#9577),#9581);
#9577 = LINE('',#9578,#9579);
#9578 = CARTESIAN_POINT('',(0.623347204482,0.));
#9579 = VECTOR('',#9580,1.);
#9580 = DIRECTION('',(0.,-1.));
#9581 = ( GEOMETRIC_REPRESENTATION_CONTEXT(2) 
PARAMETRIC_REPRESENTATION_CONTEXT() REPRESENTATION_CONTEXT('2D SPACE',''
  ) );
#9582 = PCURVE('',#1706,#9583);
#9583 = DEFINITIONAL_REPRESENTATION('',(#9584),#9588);
#9584 = LINE('',#9585,#9586);
#9585 = CARTESIAN_POINT('',(0.,0.));
#9586 = VECTOR('',#9587,1.);
#9587 = DIRECTION('',(0.,-1.));
#9588 = ( GEOMETRIC_REPRESENTATION_CONTEXT(2) 
PARAMETRIC_REPRESENTATION_CONTEXT() REPRESENTATION_CONTEXT('2D SPACE',''
  ) );
#9589 = ORIENTED_EDGE('',*,*,#1662,.F.);
#9590 = ADVANCED_FACE('',(#9591),#2378,.T.);
#9591 = FACE_BOUND('',#9592,.T.);
#9592 = EDGE_LOOP('',(#9593,#9614,#9615,#9616));
#9593 = ORIENTED_EDGE('',*,*,#9594,.T.);
#9594 = EDGE_CURVE('',#2335,#5593,#9595,.T.);
#9595 = SURFACE_CURVE('',#9596,(#9600,#9607),.PCURVE_S1.);
#9596 = LINE('',#9597,#9598);
#9597 = CARTESIAN_POINT('',(-10.55966407624,7.055741959349,-1.8E-02));
#9598 = VECTOR('',#9599,1.);
#9599 = DIRECTION('',(0.,0.,1.));
#9600 = PCURVE('',#2378,#9601);
#9601 = DEFINITIONAL_REPRESENTATION('',(#9602),#9606);
#9602 = LINE('',#9603,#9604);
#9603 = CARTESIAN_POINT('',(0.,0.));
#9604 = VECTOR('',#9605,1.);
#9605 = DIRECTION('',(0.,-1.));
#9606 = ( GEOMETRIC_REPRESENTATION_CONTEXT(2) 
PARAMETRIC_REPRESENTATION_CONTEXT() REPRESENTATION_CONTEXT('2D SPACE',''
  ) );
#9607 = PCURVE('',#2350,#9608);
#9608 = DEFINITIONAL_REPRESENTATION('',(#9609),#9613);
#9609 = LINE('',#9610,#9611);
#9610 = CARTESIAN_POINT('',(0.623347204482,0.));
#9611 = VECTOR('',#9612,1.);
#9612 = DIRECTION('',(0.,-1.));
#9613 = ( GEOMETRIC_REPRESENTATION_CONTEXT(2) 
PARAMETRIC_REPRESENTATION_CONTEXT() REPRESENTATION_CONTEXT('2D SPACE',''
  ) );
#9614 = ORIENTED_EDGE('',*,*,#5615,.T.);
#9615 = ORIENTED_EDGE('',*,*,#9540,.F.);
#9616 = ORIENTED_EDGE('',*,*,#2362,.F.);
#9617 = ADVANCED_FACE('',(#9618),#1706,.T.);
#9618 = FACE_BOUND('',#9619,.T.);
#9619 = EDGE_LOOP('',(#9620,#9621,#9622,#9643));
#9620 = ORIENTED_EDGE('',*,*,#9569,.T.);
#9621 = ORIENTED_EDGE('',*,*,#5063,.T.);
#9622 = ORIENTED_EDGE('',*,*,#9623,.F.);
#9623 = EDGE_CURVE('',#1691,#5064,#9624,.T.);
#9624 = SURFACE_CURVE('',#9625,(#9629,#9636),.PCURVE_S1.);
#9625 = LINE('',#9626,#9627);
#9626 = CARTESIAN_POINT('',(-10.893153347,-6.529104851254,-1.8E-02));
#9627 = VECTOR('',#9628,1.);
#9628 = DIRECTION('',(0.,0.,1.));
#9629 = PCURVE('',#1706,#9630);
#9630 = DEFINITIONAL_REPRESENTATION('',(#9631),#9635);
#9631 = LINE('',#9632,#9633);
#9632 = CARTESIAN_POINT('',(0.623347204482,0.));
#9633 = VECTOR('',#9634,1.);
#9634 = DIRECTION('',(0.,-1.));
#9635 = ( GEOMETRIC_REPRESENTATION_CONTEXT(2) 
PARAMETRIC_REPRESENTATION_CONTEXT() REPRESENTATION_CONTEXT('2D SPACE',''
  ) );
#9636 = PCURVE('',#1734,#9637);
#9637 = DEFINITIONAL_REPRESENTATION('',(#9638),#9642);
#9638 = LINE('',#9639,#9640);
#9639 = CARTESIAN_POINT('',(0.,0.));
#9640 = VECTOR('',#9641,1.);
#9641 = DIRECTION('',(0.,-1.));
#9642 = ( GEOMETRIC_REPRESENTATION_CONTEXT(2) 
PARAMETRIC_REPRESENTATION_CONTEXT() REPRESENTATION_CONTEXT('2D SPACE',''
  ) );
#9643 = ORIENTED_EDGE('',*,*,#1690,.F.);
#9644 = ADVANCED_FACE('',(#9645),#2350,.T.);
#9645 = FACE_BOUND('',#9646,.T.);
#9646 = EDGE_LOOP('',(#9647,#9668,#9669,#9670));
#9647 = ORIENTED_EDGE('',*,*,#9648,.T.);
#9648 = EDGE_CURVE('',#2307,#5570,#9649,.T.);
#9649 = SURFACE_CURVE('',#9650,(#9654,#9661),.PCURVE_S1.);
#9650 = LINE('',#9651,#9652);
#9651 = CARTESIAN_POINT('',(-10.893153347,6.529104851254,-1.8E-02));
#9652 = VECTOR('',#9653,1.);
#9653 = DIRECTION('',(0.,0.,1.));
#9654 = PCURVE('',#2350,#9655);
#9655 = DEFINITIONAL_REPRESENTATION('',(#9656),#9660);
#9656 = LINE('',#9657,#9658);
#9657 = CARTESIAN_POINT('',(0.,0.));
#9658 = VECTOR('',#9659,1.);
#9659 = DIRECTION('',(0.,-1.));
#9660 = ( GEOMETRIC_REPRESENTATION_CONTEXT(2) 
PARAMETRIC_REPRESENTATION_CONTEXT() REPRESENTATION_CONTEXT('2D SPACE',''
  ) );
#9661 = PCURVE('',#2322,#9662);
#9662 = DEFINITIONAL_REPRESENTATION('',(#9663),#9667);
#9663 = LINE('',#9664,#9665);
#9664 = CARTESIAN_POINT('',(0.623347204482,0.));
#9665 = VECTOR('',#9666,1.);
#9666 = DIRECTION('',(0.,-1.));
#9667 = ( GEOMETRIC_REPRESENTATION_CONTEXT(2) 
PARAMETRIC_REPRESENTATION_CONTEXT() REPRESENTATION_CONTEXT('2D SPACE',''
  ) );
#9668 = ORIENTED_EDGE('',*,*,#5592,.T.);
#9669 = ORIENTED_EDGE('',*,*,#9594,.F.);
#9670 = ORIENTED_EDGE('',*,*,#2334,.F.);
#9671 = ADVANCED_FACE('',(#9672),#1734,.T.);
#9672 = FACE_BOUND('',#9673,.T.);
#9673 = EDGE_LOOP('',(#9674,#9675,#9676,#9697));
#9674 = ORIENTED_EDGE('',*,*,#9623,.T.);
#9675 = ORIENTED_EDGE('',*,*,#5086,.T.);
#9676 = ORIENTED_EDGE('',*,*,#9677,.F.);
#9677 = EDGE_CURVE('',#1719,#5087,#9678,.T.);
#9678 = SURFACE_CURVE('',#9679,(#9683,#9690),.PCURVE_S1.);
#9679 = LINE('',#9680,#9681);
#9680 = CARTESIAN_POINT('',(-11.20040005722,-5.98673855769,-1.8E-02));
#9681 = VECTOR('',#9682,1.);
#9682 = DIRECTION('',(0.,0.,1.));
#9683 = PCURVE('',#1734,#9684);
#9684 = DEFINITIONAL_REPRESENTATION('',(#9685),#9689);
#9685 = LINE('',#9686,#9687);
#9686 = CARTESIAN_POINT('',(0.623347204482,0.));
#9687 = VECTOR('',#9688,1.);
#9688 = DIRECTION('',(0.,-1.));
#9689 = ( GEOMETRIC_REPRESENTATION_CONTEXT(2) 
PARAMETRIC_REPRESENTATION_CONTEXT() REPRESENTATION_CONTEXT('2D SPACE',''
  ) );
#9690 = PCURVE('',#1762,#9691);
#9691 = DEFINITIONAL_REPRESENTATION('',(#9692),#9696);
#9692 = LINE('',#9693,#9694);
#9693 = CARTESIAN_POINT('',(0.,0.));
#9694 = VECTOR('',#9695,1.);
#9695 = DIRECTION('',(0.,-1.));
#9696 = ( GEOMETRIC_REPRESENTATION_CONTEXT(2) 
PARAMETRIC_REPRESENTATION_CONTEXT() REPRESENTATION_CONTEXT('2D SPACE',''
  ) );
#9697 = ORIENTED_EDGE('',*,*,#1718,.F.);
#9698 = ADVANCED_FACE('',(#9699),#2322,.T.);
#9699 = FACE_BOUND('',#9700,.T.);
#9700 = EDGE_LOOP('',(#9701,#9722,#9723,#9724));
#9701 = ORIENTED_EDGE('',*,*,#9702,.T.);
#9702 = EDGE_CURVE('',#2279,#5547,#9703,.T.);
#9703 = SURFACE_CURVE('',#9704,(#9708,#9715),.PCURVE_S1.);
#9704 = LINE('',#9705,#9706);
#9705 = CARTESIAN_POINT('',(-11.20040005722,5.98673855769,-1.8E-02));
#9706 = VECTOR('',#9707,1.);
#9707 = DIRECTION('',(0.,0.,1.));
#9708 = PCURVE('',#2322,#9709);
#9709 = DEFINITIONAL_REPRESENTATION('',(#9710),#9714);
#9710 = LINE('',#9711,#9712);
#9711 = CARTESIAN_POINT('',(0.,0.));
#9712 = VECTOR('',#9713,1.);
#9713 = DIRECTION('',(0.,-1.));
#9714 = ( GEOMETRIC_REPRESENTATION_CONTEXT(2) 
PARAMETRIC_REPRESENTATION_CONTEXT() REPRESENTATION_CONTEXT('2D SPACE',''
  ) );
#9715 = PCURVE('',#2294,#9716);
#9716 = DEFINITIONAL_REPRESENTATION('',(#9717),#9721);
#9717 = LINE('',#9718,#9719);
#9718 = CARTESIAN_POINT('',(0.623347204482,0.));
#9719 = VECTOR('',#9720,1.);
#9720 = DIRECTION('',(0.,-1.));
#9721 = ( GEOMETRIC_REPRESENTATION_CONTEXT(2) 
PARAMETRIC_REPRESENTATION_CONTEXT() REPRESENTATION_CONTEXT('2D SPACE',''
  ) );
#9722 = ORIENTED_EDGE('',*,*,#5569,.T.);
#9723 = ORIENTED_EDGE('',*,*,#9648,.F.);
#9724 = ORIENTED_EDGE('',*,*,#2306,.F.);
#9725 = ADVANCED_FACE('',(#9726),#1762,.T.);
#9726 = FACE_BOUND('',#9727,.T.);
#9727 = EDGE_LOOP('',(#9728,#9729,#9730,#9751));
#9728 = ORIENTED_EDGE('',*,*,#9677,.T.);
#9729 = ORIENTED_EDGE('',*,*,#5109,.T.);
#9730 = ORIENTED_EDGE('',*,*,#9731,.F.);
#9731 = EDGE_CURVE('',#1747,#5110,#9732,.T.);
#9732 = SURFACE_CURVE('',#9733,(#9737,#9744),.PCURVE_S1.);
#9733 = LINE('',#9734,#9735);
#9734 = CARTESIAN_POINT('',(-11.48066402266,-5.429949686565,-1.8E-02));
#9735 = VECTOR('',#9736,1.);
#9736 = DIRECTION('',(0.,0.,1.));
#9737 = PCURVE('',#1762,#9738);
#9738 = DEFINITIONAL_REPRESENTATION('',(#9739),#9743);
#9739 = LINE('',#9740,#9741);
#9740 = CARTESIAN_POINT('',(0.623347204482,0.));
#9741 = VECTOR('',#9742,1.);
#9742 = DIRECTION('',(0.,-1.));
#9743 = ( GEOMETRIC_REPRESENTATION_CONTEXT(2) 
PARAMETRIC_REPRESENTATION_CONTEXT() REPRESENTATION_CONTEXT('2D SPACE',''
  ) );
#9744 = PCURVE('',#1790,#9745);
#9745 = DEFINITIONAL_REPRESENTATION('',(#9746),#9750);
#9746 = LINE('',#9747,#9748);
#9747 = CARTESIAN_POINT('',(0.,0.));
#9748 = VECTOR('',#9749,1.);
#9749 = DIRECTION('',(0.,-1.));
#9750 = ( GEOMETRIC_REPRESENTATION_CONTEXT(2) 
PARAMETRIC_REPRESENTATION_CONTEXT() REPRESENTATION_CONTEXT('2D SPACE',''
  ) );
#9751 = ORIENTED_EDGE('',*,*,#1746,.F.);
#9752 = ADVANCED_FACE('',(#9753),#2294,.T.);
#9753 = FACE_BOUND('',#9754,.T.);
#9754 = EDGE_LOOP('',(#9755,#9776,#9777,#9778));
#9755 = ORIENTED_EDGE('',*,*,#9756,.T.);
#9756 = EDGE_CURVE('',#2251,#5524,#9757,.T.);
#9757 = SURFACE_CURVE('',#9758,(#9762,#9769),.PCURVE_S1.);
#9758 = LINE('',#9759,#9760);
#9759 = CARTESIAN_POINT('',(-11.48066402266,5.429949686565,-1.8E-02));
#9760 = VECTOR('',#9761,1.);
#9761 = DIRECTION('',(0.,0.,1.));
#9762 = PCURVE('',#2294,#9763);
#9763 = DEFINITIONAL_REPRESENTATION('',(#9764),#9768);
#9764 = LINE('',#9765,#9766);
#9765 = CARTESIAN_POINT('',(0.,0.));
#9766 = VECTOR('',#9767,1.);
#9767 = DIRECTION('',(0.,-1.));
#9768 = ( GEOMETRIC_REPRESENTATION_CONTEXT(2) 
PARAMETRIC_REPRESENTATION_CONTEXT() REPRESENTATION_CONTEXT('2D SPACE',''
  ) );
#9769 = PCURVE('',#2266,#9770);
#9770 = DEFINITIONAL_REPRESENTATION('',(#9771),#9775);
#9771 = LINE('',#9772,#9773);
#9772 = CARTESIAN_POINT('',(0.623347204482,0.));
#9773 = VECTOR('',#9774,1.);
#9774 = DIRECTION('',(0.,-1.));
#9775 = ( GEOMETRIC_REPRESENTATION_CONTEXT(2) 
PARAMETRIC_REPRESENTATION_CONTEXT() REPRESENTATION_CONTEXT('2D SPACE',''
  ) );
#9776 = ORIENTED_EDGE('',*,*,#5546,.T.);
#9777 = ORIENTED_EDGE('',*,*,#9702,.F.);
#9778 = ORIENTED_EDGE('',*,*,#2278,.F.);
#9779 = ADVANCED_FACE('',(#9780),#1790,.T.);
#9780 = FACE_BOUND('',#9781,.T.);
#9781 = EDGE_LOOP('',(#9782,#9783,#9784,#9805));
#9782 = ORIENTED_EDGE('',*,*,#9731,.T.);
#9783 = ORIENTED_EDGE('',*,*,#5132,.T.);
#9784 = ORIENTED_EDGE('',*,*,#9785,.F.);
#9785 = EDGE_CURVE('',#1775,#5133,#9786,.T.);
#9786 = SURFACE_CURVE('',#9787,(#9791,#9798),.PCURVE_S1.);
#9787 = LINE('',#9788,#9789);
#9788 = CARTESIAN_POINT('',(-11.73327006289,-4.860079591037,-1.8E-02));
#9789 = VECTOR('',#9790,1.);
#9790 = DIRECTION('',(0.,0.,1.));
#9791 = PCURVE('',#1790,#9792);
#9792 = DEFINITIONAL_REPRESENTATION('',(#9793),#9797);
#9793 = LINE('',#9794,#9795);
#9794 = CARTESIAN_POINT('',(0.623347204482,0.));
#9795 = VECTOR('',#9796,1.);
#9796 = DIRECTION('',(0.,-1.));
#9797 = ( GEOMETRIC_REPRESENTATION_CONTEXT(2) 
PARAMETRIC_REPRESENTATION_CONTEXT() REPRESENTATION_CONTEXT('2D SPACE',''
  ) );
#9798 = PCURVE('',#1818,#9799);
#9799 = DEFINITIONAL_REPRESENTATION('',(#9800),#9804);
#9800 = LINE('',#9801,#9802);
#9801 = CARTESIAN_POINT('',(0.,0.));
#9802 = VECTOR('',#9803,1.);
#9803 = DIRECTION('',(0.,-1.));
#9804 = ( GEOMETRIC_REPRESENTATION_CONTEXT(2) 
PARAMETRIC_REPRESENTATION_CONTEXT() REPRESENTATION_CONTEXT('2D SPACE',''
  ) );
#9805 = ORIENTED_EDGE('',*,*,#1774,.F.);
#9806 = ADVANCED_FACE('',(#9807),#2266,.T.);
#9807 = FACE_BOUND('',#9808,.T.);
#9808 = EDGE_LOOP('',(#9809,#9830,#9831,#9832));
#9809 = ORIENTED_EDGE('',*,*,#9810,.T.);
#9810 = EDGE_CURVE('',#2223,#5501,#9811,.T.);
#9811 = SURFACE_CURVE('',#9812,(#9816,#9823),.PCURVE_S1.);
#9812 = LINE('',#9813,#9814);
#9813 = CARTESIAN_POINT('',(-11.73327006289,4.860079591037,-1.8E-02));
#9814 = VECTOR('',#9815,1.);
#9815 = DIRECTION('',(0.,0.,1.));
#9816 = PCURVE('',#2266,#9817);
#9817 = DEFINITIONAL_REPRESENTATION('',(#9818),#9822);
#9818 = LINE('',#9819,#9820);
#9819 = CARTESIAN_POINT('',(0.,0.));
#9820 = VECTOR('',#9821,1.);
#9821 = DIRECTION('',(0.,-1.));
#9822 = ( GEOMETRIC_REPRESENTATION_CONTEXT(2) 
PARAMETRIC_REPRESENTATION_CONTEXT() REPRESENTATION_CONTEXT('2D SPACE',''
  ) );
#9823 = PCURVE('',#2238,#9824);
#9824 = DEFINITIONAL_REPRESENTATION('',(#9825),#9829);
#9825 = LINE('',#9826,#9827);
#9826 = CARTESIAN_POINT('',(0.623347204482,0.));
#9827 = VECTOR('',#9828,1.);
#9828 = DIRECTION('',(0.,-1.));
#9829 = ( GEOMETRIC_REPRESENTATION_CONTEXT(2) 
PARAMETRIC_REPRESENTATION_CONTEXT() REPRESENTATION_CONTEXT('2D SPACE',''
  ) );
#9830 = ORIENTED_EDGE('',*,*,#5523,.T.);
#9831 = ORIENTED_EDGE('',*,*,#9756,.F.);
#9832 = ORIENTED_EDGE('',*,*,#2250,.F.);
#9833 = ADVANCED_FACE('',(#9834),#1818,.T.);
#9834 = FACE_BOUND('',#9835,.T.);
#9835 = EDGE_LOOP('',(#9836,#9837,#9838,#9859));
#9836 = ORIENTED_EDGE('',*,*,#9785,.T.);
#9837 = ORIENTED_EDGE('',*,*,#5155,.T.);
#9838 = ORIENTED_EDGE('',*,*,#9839,.F.);
#9839 = EDGE_CURVE('',#1803,#5156,#9840,.T.);
#9840 = SURFACE_CURVE('',#9841,(#9845,#9852),.PCURVE_S1.);
#9841 = LINE('',#9842,#9843);
#9842 = CARTESIAN_POINT('',(-11.95760962782,-4.278501138081,-1.8E-02));
#9843 = VECTOR('',#9844,1.);
#9844 = DIRECTION('',(0.,0.,1.));
#9845 = PCURVE('',#1818,#9846);
#9846 = DEFINITIONAL_REPRESENTATION('',(#9847),#9851);
#9847 = LINE('',#9848,#9849);
#9848 = CARTESIAN_POINT('',(0.623347204482,0.));
#9849 = VECTOR('',#9850,1.);
#9850 = DIRECTION('',(0.,-1.));
#9851 = ( GEOMETRIC_REPRESENTATION_CONTEXT(2) 
PARAMETRIC_REPRESENTATION_CONTEXT() REPRESENTATION_CONTEXT('2D SPACE',''
  ) );
#9852 = PCURVE('',#1846,#9853);
#9853 = DEFINITIONAL_REPRESENTATION('',(#9854),#9858);
#9854 = LINE('',#9855,#9856);
#9855 = CARTESIAN_POINT('',(0.,0.));
#9856 = VECTOR('',#9857,1.);
#9857 = DIRECTION('',(0.,-1.));
#9858 = ( GEOMETRIC_REPRESENTATION_CONTEXT(2) 
PARAMETRIC_REPRESENTATION_CONTEXT() REPRESENTATION_CONTEXT('2D SPACE',''
  ) );
#9859 = ORIENTED_EDGE('',*,*,#1802,.F.);
#9860 = ADVANCED_FACE('',(#9861),#2238,.T.);
#9861 = FACE_BOUND('',#9862,.T.);
#9862 = EDGE_LOOP('',(#9863,#9884,#9885,#9886));
#9863 = ORIENTED_EDGE('',*,*,#9864,.T.);
#9864 = EDGE_CURVE('',#2195,#5478,#9865,.T.);
#9865 = SURFACE_CURVE('',#9866,(#9870,#9877),.PCURVE_S1.);
#9866 = LINE('',#9867,#9868);
#9867 = CARTESIAN_POINT('',(-11.95760962782,4.278501138081,-1.8E-02));
#9868 = VECTOR('',#9869,1.);
#9869 = DIRECTION('',(0.,0.,1.));
#9870 = PCURVE('',#2238,#9871);
#9871 = DEFINITIONAL_REPRESENTATION('',(#9872),#9876);
#9872 = LINE('',#9873,#9874);
#9873 = CARTESIAN_POINT('',(0.,0.));
#9874 = VECTOR('',#9875,1.);
#9875 = DIRECTION('',(0.,-1.));
#9876 = ( GEOMETRIC_REPRESENTATION_CONTEXT(2) 
PARAMETRIC_REPRESENTATION_CONTEXT() REPRESENTATION_CONTEXT('2D SPACE',''
  ) );
#9877 = PCURVE('',#2210,#9878);
#9878 = DEFINITIONAL_REPRESENTATION('',(#9879),#9883);
#9879 = LINE('',#9880,#9881);
#9880 = CARTESIAN_POINT('',(0.623347204482,0.));
#9881 = VECTOR('',#9882,1.);
#9882 = DIRECTION('',(0.,-1.));
#9883 = ( GEOMETRIC_REPRESENTATION_CONTEXT(2) 
PARAMETRIC_REPRESENTATION_CONTEXT() REPRESENTATION_CONTEXT('2D SPACE',''
  ) );
#9884 = ORIENTED_EDGE('',*,*,#5500,.T.);
#9885 = ORIENTED_EDGE('',*,*,#9810,.F.);
#9886 = ORIENTED_EDGE('',*,*,#2222,.F.);
#9887 = ADVANCED_FACE('',(#9888),#1846,.T.);
#9888 = FACE_BOUND('',#9889,.T.);
#9889 = EDGE_LOOP('',(#9890,#9891,#9892,#9913));
#9890 = ORIENTED_EDGE('',*,*,#9839,.T.);
#9891 = ORIENTED_EDGE('',*,*,#5178,.T.);
#9892 = ORIENTED_EDGE('',*,*,#9893,.F.);
#9893 = EDGE_CURVE('',#1831,#5179,#9894,.T.);
#9894 = SURFACE_CURVE('',#9895,(#9899,#9906),.PCURVE_S1.);
#9895 = LINE('',#9896,#9897);
#9896 = CARTESIAN_POINT('',(-12.15314226379,-3.686615401132,-1.8E-02));
#9897 = VECTOR('',#9898,1.);
#9898 = DIRECTION('',(0.,0.,1.));
#9899 = PCURVE('',#1846,#9900);
#9900 = DEFINITIONAL_REPRESENTATION('',(#9901),#9905);
#9901 = LINE('',#9902,#9903);
#9902 = CARTESIAN_POINT('',(0.623347204482,0.));
#9903 = VECTOR('',#9904,1.);
#9904 = DIRECTION('',(0.,-1.));
#9905 = ( GEOMETRIC_REPRESENTATION_CONTEXT(2) 
PARAMETRIC_REPRESENTATION_CONTEXT() REPRESENTATION_CONTEXT('2D SPACE',''
  ) );
#9906 = PCURVE('',#1874,#9907);
#9907 = DEFINITIONAL_REPRESENTATION('',(#9908),#9912);
#9908 = LINE('',#9909,#9910);
#9909 = CARTESIAN_POINT('',(0.,0.));
#9910 = VECTOR('',#9911,1.);
#9911 = DIRECTION('',(0.,-1.));
#9912 = ( GEOMETRIC_REPRESENTATION_CONTEXT(2) 
PARAMETRIC_REPRESENTATION_CONTEXT() REPRESENTATION_CONTEXT('2D SPACE',''
  ) );
#9913 = ORIENTED_EDGE('',*,*,#1830,.F.);
#9914 = ADVANCED_FACE('',(#9915),#2210,.T.);
#9915 = FACE_BOUND('',#9916,.T.);
#9916 = EDGE_LOOP('',(#9917,#9938,#9939,#9940));
#9917 = ORIENTED_EDGE('',*,*,#9918,.T.);
#9918 = EDGE_CURVE('',#2167,#5455,#9919,.T.);
#9919 = SURFACE_CURVE('',#9920,(#9924,#9931),.PCURVE_S1.);
#9920 = LINE('',#9921,#9922);
#9921 = CARTESIAN_POINT('',(-12.15314226379,3.686615401132,-1.8E-02));
#9922 = VECTOR('',#9923,1.);
#9923 = DIRECTION('',(0.,0.,1.));
#9924 = PCURVE('',#2210,#9925);
#9925 = DEFINITIONAL_REPRESENTATION('',(#9926),#9930);
#9926 = LINE('',#9927,#9928);
#9927 = CARTESIAN_POINT('',(0.,0.));
#9928 = VECTOR('',#9929,1.);
#9929 = DIRECTION('',(0.,-1.));
#9930 = ( GEOMETRIC_REPRESENTATION_CONTEXT(2) 
PARAMETRIC_REPRESENTATION_CONTEXT() REPRESENTATION_CONTEXT('2D SPACE',''
  ) );
#9931 = PCURVE('',#2182,#9932);
#9932 = DEFINITIONAL_REPRESENTATION('',(#9933),#9937);
#9933 = LINE('',#9934,#9935);
#9934 = CARTESIAN_POINT('',(0.623347204482,0.));
#9935 = VECTOR('',#9936,1.);
#9936 = DIRECTION('',(0.,-1.));
#9937 = ( GEOMETRIC_REPRESENTATION_CONTEXT(2) 
PARAMETRIC_REPRESENTATION_CONTEXT() REPRESENTATION_CONTEXT('2D SPACE',''
  ) );
#9938 = ORIENTED_EDGE('',*,*,#5477,.T.);
#9939 = ORIENTED_EDGE('',*,*,#9864,.F.);
#9940 = ORIENTED_EDGE('',*,*,#2194,.F.);
#9941 = ADVANCED_FACE('',(#9942),#1874,.T.);
#9942 = FACE_BOUND('',#9943,.T.);
#9943 = EDGE_LOOP('',(#9944,#9945,#9946,#9967));
#9944 = ORIENTED_EDGE('',*,*,#9893,.T.);
#9945 = ORIENTED_EDGE('',*,*,#5201,.T.);
#9946 = ORIENTED_EDGE('',*,*,#9947,.F.);
#9947 = EDGE_CURVE('',#1859,#5202,#9948,.T.);
#9948 = SURFACE_CURVE('',#9949,(#9953,#9960),.PCURVE_S1.);
#9949 = LINE('',#9950,#9951);
#9950 = CARTESIAN_POINT('',(-12.31939691557,-3.085848284771,-1.8E-02));
#9951 = VECTOR('',#9952,1.);
#9952 = DIRECTION('',(0.,0.,1.));
#9953 = PCURVE('',#1874,#9954);
#9954 = DEFINITIONAL_REPRESENTATION('',(#9955),#9959);
#9955 = LINE('',#9956,#9957);
#9956 = CARTESIAN_POINT('',(0.623347204482,0.));
#9957 = VECTOR('',#9958,1.);
#9958 = DIRECTION('',(0.,-1.));
#9959 = ( GEOMETRIC_REPRESENTATION_CONTEXT(2) 
PARAMETRIC_REPRESENTATION_CONTEXT() REPRESENTATION_CONTEXT('2D SPACE',''
  ) );
#9960 = PCURVE('',#1902,#9961);
#9961 = DEFINITIONAL_REPRESENTATION('',(#9962),#9966);
#9962 = LINE('',#9963,#9964);
#9963 = CARTESIAN_POINT('',(0.,0.));
#9964 = VECTOR('',#9965,1.);
#9965 = DIRECTION('',(0.,-1.));
#9966 = ( GEOMETRIC_REPRESENTATION_CONTEXT(2) 
PARAMETRIC_REPRESENTATION_CONTEXT() REPRESENTATION_CONTEXT('2D SPACE',''
  ) );
#9967 = ORIENTED_EDGE('',*,*,#1858,.F.);
#9968 = ADVANCED_FACE('',(#9969),#2182,.T.);
#9969 = FACE_BOUND('',#9970,.T.);
#9970 = EDGE_LOOP('',(#9971,#9992,#9993,#9994));
#9971 = ORIENTED_EDGE('',*,*,#9972,.T.);
#9972 = EDGE_CURVE('',#2139,#5432,#9973,.T.);
#9973 = SURFACE_CURVE('',#9974,(#9978,#9985),.PCURVE_S1.);
#9974 = LINE('',#9975,#9976);
#9975 = CARTESIAN_POINT('',(-12.31939691557,3.085848284771,-1.8E-02));
#9976 = VECTOR('',#9977,1.);
#9977 = DIRECTION('',(0.,0.,1.));
#9978 = PCURVE('',#2182,#9979);
#9979 = DEFINITIONAL_REPRESENTATION('',(#9980),#9984);
#9980 = LINE('',#9981,#9982);
#9981 = CARTESIAN_POINT('',(0.,0.));
#9982 = VECTOR('',#9983,1.);
#9983 = DIRECTION('',(0.,-1.));
#9984 = ( GEOMETRIC_REPRESENTATION_CONTEXT(2) 
PARAMETRIC_REPRESENTATION_CONTEXT() REPRESENTATION_CONTEXT('2D SPACE',''
  ) );
#9985 = PCURVE('',#2154,#9986);
#9986 = DEFINITIONAL_REPRESENTATION('',(#9987),#9991);
#9987 = LINE('',#9988,#9989);
#9988 = CARTESIAN_POINT('',(0.623347204482,0.));
#9989 = VECTOR('',#9990,1.);
#9990 = DIRECTION('',(0.,-1.));
#9991 = ( GEOMETRIC_REPRESENTATION_CONTEXT(2) 
PARAMETRIC_REPRESENTATION_CONTEXT() REPRESENTATION_CONTEXT('2D SPACE',''
  ) );
#9992 = ORIENTED_EDGE('',*,*,#5454,.T.);
#9993 = ORIENTED_EDGE('',*,*,#9918,.F.);
#9994 = ORIENTED_EDGE('',*,*,#2166,.F.);
#9995 = ADVANCED_FACE('',(#9996),#1902,.T.);
#9996 = FACE_BOUND('',#9997,.T.);
#9997 = EDGE_LOOP('',(#9998,#9999,#10000,#10021));
#9998 = ORIENTED_EDGE('',*,*,#9947,.T.);
#9999 = ORIENTED_EDGE('',*,*,#5224,.T.);
#10000 = ORIENTED_EDGE('',*,*,#10001,.F.);
#10001 = EDGE_CURVE('',#1887,#5225,#10002,.T.);
#10002 = SURFACE_CURVE('',#10003,(#10007,#10014),.PCURVE_S1.);
#10003 = LINE('',#10004,#10005);
#10004 = CARTESIAN_POINT('',(-12.45597306112,-2.477647089605,-1.8E-02));
#10005 = VECTOR('',#10006,1.);
#10006 = DIRECTION('',(0.,0.,1.));
#10007 = PCURVE('',#1902,#10008);
#10008 = DEFINITIONAL_REPRESENTATION('',(#10009),#10013);
#10009 = LINE('',#10010,#10011);
#10010 = CARTESIAN_POINT('',(0.623347204482,0.));
#10011 = VECTOR('',#10012,1.);
#10012 = DIRECTION('',(0.,-1.));
#10013 = ( GEOMETRIC_REPRESENTATION_CONTEXT(2) 
PARAMETRIC_REPRESENTATION_CONTEXT() REPRESENTATION_CONTEXT('2D SPACE',''
  ) );
#10014 = PCURVE('',#1930,#10015);
#10015 = DEFINITIONAL_REPRESENTATION('',(#10016),#10020);
#10016 = LINE('',#10017,#10018);
#10017 = CARTESIAN_POINT('',(0.,0.));
#10018 = VECTOR('',#10019,1.);
#10019 = DIRECTION('',(0.,-1.));
#10020 = ( GEOMETRIC_REPRESENTATION_CONTEXT(2) 
PARAMETRIC_REPRESENTATION_CONTEXT() REPRESENTATION_CONTEXT('2D SPACE',''
  ) );
#10021 = ORIENTED_EDGE('',*,*,#1886,.F.);
#10022 = ADVANCED_FACE('',(#10023),#2154,.T.);
#10023 = FACE_BOUND('',#10024,.T.);
#10024 = EDGE_LOOP('',(#10025,#10046,#10047,#10048));
#10025 = ORIENTED_EDGE('',*,*,#10026,.T.);
#10026 = EDGE_CURVE('',#2111,#5409,#10027,.T.);
#10027 = SURFACE_CURVE('',#10028,(#10032,#10039),.PCURVE_S1.);
#10028 = LINE('',#10029,#10030);
#10029 = CARTESIAN_POINT('',(-12.45597306112,2.477647089605,-1.8E-02));
#10030 = VECTOR('',#10031,1.);
#10031 = DIRECTION('',(0.,0.,1.));
#10032 = PCURVE('',#2154,#10033);
#10033 = DEFINITIONAL_REPRESENTATION('',(#10034),#10038);
#10034 = LINE('',#10035,#10036);
#10035 = CARTESIAN_POINT('',(0.,0.));
#10036 = VECTOR('',#10037,1.);
#10037 = DIRECTION('',(0.,-1.));
#10038 = ( GEOMETRIC_REPRESENTATION_CONTEXT(2) 
PARAMETRIC_REPRESENTATION_CONTEXT() REPRESENTATION_CONTEXT('2D SPACE',''
  ) );
#10039 = PCURVE('',#2126,#10040);
#10040 = DEFINITIONAL_REPRESENTATION('',(#10041),#10045);
#10041 = LINE('',#10042,#10043);
#10042 = CARTESIAN_POINT('',(0.623347204482,0.));
#10043 = VECTOR('',#10044,1.);
#10044 = DIRECTION('',(0.,-1.));
#10045 = ( GEOMETRIC_REPRESENTATION_CONTEXT(2) 
PARAMETRIC_REPRESENTATION_CONTEXT() REPRESENTATION_CONTEXT('2D SPACE',''
  ) );
#10046 = ORIENTED_EDGE('',*,*,#5431,.T.);
#10047 = ORIENTED_EDGE('',*,*,#9972,.F.);
#10048 = ORIENTED_EDGE('',*,*,#2138,.F.);
#10049 = ADVANCED_FACE('',(#10050),#1930,.T.);
#10050 = FACE_BOUND('',#10051,.T.);
#10051 = EDGE_LOOP('',(#10052,#10053,#10054,#10075));
#10052 = ORIENTED_EDGE('',*,*,#10001,.T.);
#10053 = ORIENTED_EDGE('',*,*,#5247,.T.);
#10054 = ORIENTED_EDGE('',*,*,#10055,.F.);
#10055 = EDGE_CURVE('',#1915,#5248,#10056,.T.);
#10056 = SURFACE_CURVE('',#10057,(#10061,#10068),.PCURVE_S1.);
#10057 = LINE('',#10058,#10059);
#10058 = CARTESIAN_POINT('',(-12.56254167655,-1.863477025583,-1.8E-02));
#10059 = VECTOR('',#10060,1.);
#10060 = DIRECTION('',(0.,0.,1.));
#10061 = PCURVE('',#1930,#10062);
#10062 = DEFINITIONAL_REPRESENTATION('',(#10063),#10067);
#10063 = LINE('',#10064,#10065);
#10064 = CARTESIAN_POINT('',(0.623347204482,0.));
#10065 = VECTOR('',#10066,1.);
#10066 = DIRECTION('',(0.,-1.));
#10067 = ( GEOMETRIC_REPRESENTATION_CONTEXT(2) 
PARAMETRIC_REPRESENTATION_CONTEXT() REPRESENTATION_CONTEXT('2D SPACE',''
  ) );
#10068 = PCURVE('',#1958,#10069);
#10069 = DEFINITIONAL_REPRESENTATION('',(#10070),#10074);
#10070 = LINE('',#10071,#10072);
#10071 = CARTESIAN_POINT('',(0.,0.));
#10072 = VECTOR('',#10073,1.);
#10073 = DIRECTION('',(0.,-1.));
#10074 = ( GEOMETRIC_REPRESENTATION_CONTEXT(2) 
PARAMETRIC_REPRESENTATION_CONTEXT() REPRESENTATION_CONTEXT('2D SPACE',''
  ) );
#10075 = ORIENTED_EDGE('',*,*,#1914,.F.);
#10076 = ADVANCED_FACE('',(#10077),#2126,.T.);
#10077 = FACE_BOUND('',#10078,.T.);
#10078 = EDGE_LOOP('',(#10079,#10100,#10101,#10102));
#10079 = ORIENTED_EDGE('',*,*,#10080,.T.);
#10080 = EDGE_CURVE('',#2083,#5386,#10081,.T.);
#10081 = SURFACE_CURVE('',#10082,(#10086,#10093),.PCURVE_S1.);
#10082 = LINE('',#10083,#10084);
#10083 = CARTESIAN_POINT('',(-12.56254167655,1.863477025583,-1.8E-02));
#10084 = VECTOR('',#10085,1.);
#10085 = DIRECTION('',(0.,0.,1.));
#10086 = PCURVE('',#2126,#10087);
#10087 = DEFINITIONAL_REPRESENTATION('',(#10088),#10092);
#10088 = LINE('',#10089,#10090);
#10089 = CARTESIAN_POINT('',(0.,0.));
#10090 = VECTOR('',#10091,1.);
#10091 = DIRECTION('',(0.,-1.));
#10092 = ( GEOMETRIC_REPRESENTATION_CONTEXT(2) 
PARAMETRIC_REPRESENTATION_CONTEXT() REPRESENTATION_CONTEXT('2D SPACE',''
  ) );
#10093 = PCURVE('',#2098,#10094);
#10094 = DEFINITIONAL_REPRESENTATION('',(#10095),#10099);
#10095 = LINE('',#10096,#10097);
#10096 = CARTESIAN_POINT('',(0.623347204482,0.));
#10097 = VECTOR('',#10098,1.);
#10098 = DIRECTION('',(0.,-1.));
#10099 = ( GEOMETRIC_REPRESENTATION_CONTEXT(2) 
PARAMETRIC_REPRESENTATION_CONTEXT() REPRESENTATION_CONTEXT('2D SPACE',''
  ) );
#10100 = ORIENTED_EDGE('',*,*,#5408,.T.);
#10101 = ORIENTED_EDGE('',*,*,#10026,.F.);
#10102 = ORIENTED_EDGE('',*,*,#2110,.F.);
#10103 = ADVANCED_FACE('',(#10104),#1958,.T.);
#10104 = FACE_BOUND('',#10105,.T.);
#10105 = EDGE_LOOP('',(#10106,#10107,#10108,#10129));
#10106 = ORIENTED_EDGE('',*,*,#10055,.T.);
#10107 = ORIENTED_EDGE('',*,*,#5270,.T.);
#10108 = ORIENTED_EDGE('',*,*,#10109,.F.);
#10109 = EDGE_CURVE('',#1943,#5271,#10110,.T.);
#10110 = SURFACE_CURVE('',#10111,(#10115,#10122),.PCURVE_S1.);
#10111 = LINE('',#10112,#10113);
#10112 = CARTESIAN_POINT('',(-12.63884602873,-1.244817682185,-1.8E-02));
#10113 = VECTOR('',#10114,1.);
#10114 = DIRECTION('',(0.,0.,1.));
#10115 = PCURVE('',#1958,#10116);
#10116 = DEFINITIONAL_REPRESENTATION('',(#10117),#10121);
#10117 = LINE('',#10118,#10119);
#10118 = CARTESIAN_POINT('',(0.623347204482,0.));
#10119 = VECTOR('',#10120,1.);
#10120 = DIRECTION('',(0.,-1.));
#10121 = ( GEOMETRIC_REPRESENTATION_CONTEXT(2) 
PARAMETRIC_REPRESENTATION_CONTEXT() REPRESENTATION_CONTEXT('2D SPACE',''
  ) );
#10122 = PCURVE('',#1986,#10123);
#10123 = DEFINITIONAL_REPRESENTATION('',(#10124),#10128);
#10124 = LINE('',#10125,#10126);
#10125 = CARTESIAN_POINT('',(0.,0.));
#10126 = VECTOR('',#10127,1.);
#10127 = DIRECTION('',(0.,-1.));
#10128 = ( GEOMETRIC_REPRESENTATION_CONTEXT(2) 
PARAMETRIC_REPRESENTATION_CONTEXT() REPRESENTATION_CONTEXT('2D SPACE',''
  ) );
#10129 = ORIENTED_EDGE('',*,*,#1942,.F.);
#10130 = ADVANCED_FACE('',(#10131),#2098,.T.);
#10131 = FACE_BOUND('',#10132,.T.);
#10132 = EDGE_LOOP('',(#10133,#10154,#10155,#10156));
#10133 = ORIENTED_EDGE('',*,*,#10134,.T.);
#10134 = EDGE_CURVE('',#2055,#5363,#10135,.T.);
#10135 = SURFACE_CURVE('',#10136,(#10140,#10147),.PCURVE_S1.);
#10136 = LINE('',#10137,#10138);
#10137 = CARTESIAN_POINT('',(-12.63884602873,1.244817682185,-1.8E-02));
#10138 = VECTOR('',#10139,1.);
#10139 = DIRECTION('',(0.,0.,1.));
#10140 = PCURVE('',#2098,#10141);
#10141 = DEFINITIONAL_REPRESENTATION('',(#10142),#10146);
#10142 = LINE('',#10143,#10144);
#10143 = CARTESIAN_POINT('',(0.,0.));
#10144 = VECTOR('',#10145,1.);
#10145 = DIRECTION('',(0.,-1.));
#10146 = ( GEOMETRIC_REPRESENTATION_CONTEXT(2) 
PARAMETRIC_REPRESENTATION_CONTEXT() REPRESENTATION_CONTEXT('2D SPACE',''
  ) );
#10147 = PCURVE('',#2070,#10148);
#10148 = DEFINITIONAL_REPRESENTATION('',(#10149),#10153);
#10149 = LINE('',#10150,#10151);
#10150 = CARTESIAN_POINT('',(0.623347204482,0.));
#10151 = VECTOR('',#10152,1.);
#10152 = DIRECTION('',(0.,-1.));
#10153 = ( GEOMETRIC_REPRESENTATION_CONTEXT(2) 
PARAMETRIC_REPRESENTATION_CONTEXT() REPRESENTATION_CONTEXT('2D SPACE',''
  ) );
#10154 = ORIENTED_EDGE('',*,*,#5385,.T.);
#10155 = ORIENTED_EDGE('',*,*,#10080,.F.);
#10156 = ORIENTED_EDGE('',*,*,#2082,.F.);
#10157 = ADVANCED_FACE('',(#10158),#1986,.T.);
#10158 = FACE_BOUND('',#10159,.T.);
#10159 = EDGE_LOOP('',(#10160,#10161,#10162,#10183));
#10160 = ORIENTED_EDGE('',*,*,#10109,.T.);
#10161 = ORIENTED_EDGE('',*,*,#5293,.T.);
#10162 = ORIENTED_EDGE('',*,*,#10163,.F.);
#10163 = EDGE_CURVE('',#1971,#5294,#10164,.T.);
#10164 = SURFACE_CURVE('',#10165,(#10169,#10176),.PCURVE_S1.);
#10165 = LINE('',#10166,#10167);
#10166 = CARTESIAN_POINT('',(-12.6847022938,-0.623159463958,-1.8E-02));
#10167 = VECTOR('',#10168,1.);
#10168 = DIRECTION('',(0.,0.,1.));
#10169 = PCURVE('',#1986,#10170);
#10170 = DEFINITIONAL_REPRESENTATION('',(#10171),#10175);
#10171 = LINE('',#10172,#10173);
#10172 = CARTESIAN_POINT('',(0.623347204482,0.));
#10173 = VECTOR('',#10174,1.);
#10174 = DIRECTION('',(0.,-1.));
#10175 = ( GEOMETRIC_REPRESENTATION_CONTEXT(2) 
PARAMETRIC_REPRESENTATION_CONTEXT() REPRESENTATION_CONTEXT('2D SPACE',''
  ) );
#10176 = PCURVE('',#2014,#10177);
#10177 = DEFINITIONAL_REPRESENTATION('',(#10178),#10182);
#10178 = LINE('',#10179,#10180);
#10179 = CARTESIAN_POINT('',(0.,0.));
#10180 = VECTOR('',#10181,1.);
#10181 = DIRECTION('',(0.,-1.));
#10182 = ( GEOMETRIC_REPRESENTATION_CONTEXT(2) 
PARAMETRIC_REPRESENTATION_CONTEXT() REPRESENTATION_CONTEXT('2D SPACE',''
  ) );
#10183 = ORIENTED_EDGE('',*,*,#1970,.F.);
#10184 = ADVANCED_FACE('',(#10185),#2070,.T.);
#10185 = FACE_BOUND('',#10186,.T.);
#10186 = EDGE_LOOP('',(#10187,#10208,#10209,#10210));
#10187 = ORIENTED_EDGE('',*,*,#10188,.T.);
#10188 = EDGE_CURVE('',#2027,#5340,#10189,.T.);
#10189 = SURFACE_CURVE('',#10190,(#10194,#10201),.PCURVE_S1.);
#10190 = LINE('',#10191,#10192);
#10191 = CARTESIAN_POINT('',(-12.6847022938,0.623159463958,-1.8E-02));
#10192 = VECTOR('',#10193,1.);
#10193 = DIRECTION('',(0.,0.,1.));
#10194 = PCURVE('',#2070,#10195);
#10195 = DEFINITIONAL_REPRESENTATION('',(#10196),#10200);
#10196 = LINE('',#10197,#10198);
#10197 = CARTESIAN_POINT('',(0.,0.));
#10198 = VECTOR('',#10199,1.);
#10199 = DIRECTION('',(0.,-1.));
#10200 = ( GEOMETRIC_REPRESENTATION_CONTEXT(2) 
PARAMETRIC_REPRESENTATION_CONTEXT() REPRESENTATION_CONTEXT('2D SPACE',''
  ) );
#10201 = PCURVE('',#2042,#10202);
#10202 = DEFINITIONAL_REPRESENTATION('',(#10203),#10207);
#10203 = LINE('',#10204,#10205);
#10204 = CARTESIAN_POINT('',(0.623347204482,0.));
#10205 = VECTOR('',#10206,1.);
#10206 = DIRECTION('',(0.,-1.));
#10207 = ( GEOMETRIC_REPRESENTATION_CONTEXT(2) 
PARAMETRIC_REPRESENTATION_CONTEXT() REPRESENTATION_CONTEXT('2D SPACE',''
  ) );
#10208 = ORIENTED_EDGE('',*,*,#5362,.T.);
#10209 = ORIENTED_EDGE('',*,*,#10134,.F.);
#10210 = ORIENTED_EDGE('',*,*,#2054,.F.);
#10211 = ADVANCED_FACE('',(#10212),#2014,.T.);
#10212 = FACE_BOUND('',#10213,.T.);
#10213 = EDGE_LOOP('',(#10214,#10215,#10216,#10237));
#10214 = ORIENTED_EDGE('',*,*,#10163,.T.);
#10215 = ORIENTED_EDGE('',*,*,#5316,.T.);
#10216 = ORIENTED_EDGE('',*,*,#10217,.F.);
#10217 = EDGE_CURVE('',#1999,#5317,#10218,.T.);
#10218 = SURFACE_CURVE('',#10219,(#10223,#10230),.PCURVE_S1.);
#10219 = LINE('',#10220,#10221);
#10220 = CARTESIAN_POINT('',(-12.7,0.,-1.8E-02));
#10221 = VECTOR('',#10222,1.);
#10222 = DIRECTION('',(0.,0.,1.));
#10223 = PCURVE('',#2014,#10224);
#10224 = DEFINITIONAL_REPRESENTATION('',(#10225),#10229);
#10225 = LINE('',#10226,#10227);
#10226 = CARTESIAN_POINT('',(0.623347204482,0.));
#10227 = VECTOR('',#10228,1.);
#10228 = DIRECTION('',(0.,-1.));
#10229 = ( GEOMETRIC_REPRESENTATION_CONTEXT(2) 
PARAMETRIC_REPRESENTATION_CONTEXT() REPRESENTATION_CONTEXT('2D SPACE',''
  ) );
#10230 = PCURVE('',#2042,#10231);
#10231 = DEFINITIONAL_REPRESENTATION('',(#10232),#10236);
#10232 = LINE('',#10233,#10234);
#10233 = CARTESIAN_POINT('',(0.,0.));
#10234 = VECTOR('',#10235,1.);
#10235 = DIRECTION('',(0.,-1.));
#10236 = ( GEOMETRIC_REPRESENTATION_CONTEXT(2) 
PARAMETRIC_REPRESENTATION_CONTEXT() REPRESENTATION_CONTEXT('2D SPACE',''
  ) );
#10237 = ORIENTED_EDGE('',*,*,#1998,.F.);
#10238 = ADVANCED_FACE('',(#10239),#2042,.T.);
#10239 = FACE_BOUND('',#10240,.T.);
#10240 = EDGE_LOOP('',(#10241,#10242,#10243,#10244));
#10241 = ORIENTED_EDGE('',*,*,#10217,.T.);
#10242 = ORIENTED_EDGE('',*,*,#5339,.T.);
#10243 = ORIENTED_EDGE('',*,*,#10188,.F.);
#10244 = ORIENTED_EDGE('',*,*,#2026,.F.);
#10245 = ADVANCED_FACE('',(#10246),#3803,.F.);
#10246 = FACE_BOUND('',#10247,.T.);
#10247 = EDGE_LOOP('',(#10248,#10249,#10270,#10271));
#10248 = ORIENTED_EDGE('',*,*,#3786,.T.);
#10249 = ORIENTED_EDGE('',*,*,#10250,.T.);
#10250 = EDGE_CURVE('',#3787,#6790,#10251,.T.);
#10251 = SEAM_CURVE('',#10252,(#10256,#10263),.PCURVE_S1.);
#10252 = LINE('',#10253,#10254);
#10253 = CARTESIAN_POINT('',(3.829371405923,-8.693332436602,-6.8E-02));
#10254 = VECTOR('',#10255,1.);
#10255 = DIRECTION('',(0.,0.,1.));
#10256 = PCURVE('',#3803,#10257);
#10257 = DEFINITIONAL_REPRESENTATION('',(#10258),#10262);
#10258 = LINE('',#10259,#10260);
#10259 = CARTESIAN_POINT('',(-6.28318530718,0.));
#10260 = VECTOR('',#10261,1.);
#10261 = DIRECTION('',(-0.,-1.));
#10262 = ( GEOMETRIC_REPRESENTATION_CONTEXT(2) 
PARAMETRIC_REPRESENTATION_CONTEXT() REPRESENTATION_CONTEXT('2D SPACE',''
  ) );
#10263 = PCURVE('',#3803,#10264);
#10264 = DEFINITIONAL_REPRESENTATION('',(#10265),#10269);
#10265 = LINE('',#10266,#10267);
#10266 = CARTESIAN_POINT('',(-0.,0.));
#10267 = VECTOR('',#10268,1.);
#10268 = DIRECTION('',(-0.,-1.));
#10269 = ( GEOMETRIC_REPRESENTATION_CONTEXT(2) 
PARAMETRIC_REPRESENTATION_CONTEXT() REPRESENTATION_CONTEXT('2D SPACE',''
  ) );
#10270 = ORIENTED_EDGE('',*,*,#6789,.F.);
#10271 = ORIENTED_EDGE('',*,*,#10250,.F.);
#10272 = ADVANCED_FACE('',(#10273),#3834,.F.);
#10273 = FACE_BOUND('',#10274,.T.);
#10274 = EDGE_LOOP('',(#10275,#10276,#10297,#10298));
#10275 = ORIENTED_EDGE('',*,*,#3817,.T.);
#10276 = ORIENTED_EDGE('',*,*,#10277,.T.);
#10277 = EDGE_CURVE('',#3818,#6816,#10278,.T.);
#10278 = SEAM_CURVE('',#10279,(#10283,#10290),.PCURVE_S1.);
#10279 = LINE('',#10280,#10281);
#10280 = CARTESIAN_POINT('',(-7.193332436602,-2.329371405923,-6.8E-02));
#10281 = VECTOR('',#10282,1.);
#10282 = DIRECTION('',(0.,0.,1.));
#10283 = PCURVE('',#3834,#10284);
#10284 = DEFINITIONAL_REPRESENTATION('',(#10285),#10289);
#10285 = LINE('',#10286,#10287);
#10286 = CARTESIAN_POINT('',(-6.28318530718,0.));
#10287 = VECTOR('',#10288,1.);
#10288 = DIRECTION('',(-0.,-1.));
#10289 = ( GEOMETRIC_REPRESENTATION_CONTEXT(2) 
PARAMETRIC_REPRESENTATION_CONTEXT() REPRESENTATION_CONTEXT('2D SPACE',''
  ) );
#10290 = PCURVE('',#3834,#10291);
#10291 = DEFINITIONAL_REPRESENTATION('',(#10292),#10296);
#10292 = LINE('',#10293,#10294);
#10293 = CARTESIAN_POINT('',(-0.,0.));
#10294 = VECTOR('',#10295,1.);
#10295 = DIRECTION('',(-0.,-1.));
#10296 = ( GEOMETRIC_REPRESENTATION_CONTEXT(2) 
PARAMETRIC_REPRESENTATION_CONTEXT() REPRESENTATION_CONTEXT('2D SPACE',''
  ) );
#10297 = ORIENTED_EDGE('',*,*,#6815,.F.);
#10298 = ORIENTED_EDGE('',*,*,#10277,.F.);
#10299 = ADVANCED_FACE('',(#10300),#3865,.F.);
#10300 = FACE_BOUND('',#10301,.T.);
#10301 = EDGE_LOOP('',(#10302,#10303,#10324,#10325));
#10302 = ORIENTED_EDGE('',*,*,#3848,.T.);
#10303 = ORIENTED_EDGE('',*,*,#10304,.T.);
#10304 = EDGE_CURVE('',#3849,#6842,#10305,.T.);
#10305 = SEAM_CURVE('',#10306,(#10310,#10317),.PCURVE_S1.);
#10306 = LINE('',#10307,#10308);
#10307 = CARTESIAN_POINT('',(10.193332436602,2.329371405923,-6.8E-02));
#10308 = VECTOR('',#10309,1.);
#10309 = DIRECTION('',(0.,0.,1.));
#10310 = PCURVE('',#3865,#10311);
#10311 = DEFINITIONAL_REPRESENTATION('',(#10312),#10316);
#10312 = LINE('',#10313,#10314);
#10313 = CARTESIAN_POINT('',(-6.28318530718,0.));
#10314 = VECTOR('',#10315,1.);
#10315 = DIRECTION('',(-0.,-1.));
#10316 = ( GEOMETRIC_REPRESENTATION_CONTEXT(2) 
PARAMETRIC_REPRESENTATION_CONTEXT() REPRESENTATION_CONTEXT('2D SPACE',''
  ) );
#10317 = PCURVE('',#3865,#10318);
#10318 = DEFINITIONAL_REPRESENTATION('',(#10319),#10323);
#10319 = LINE('',#10320,#10321);
#10320 = CARTESIAN_POINT('',(-0.,0.));
#10321 = VECTOR('',#10322,1.);
#10322 = DIRECTION('',(-0.,-1.));
#10323 = ( GEOMETRIC_REPRESENTATION_CONTEXT(2) 
PARAMETRIC_REPRESENTATION_CONTEXT() REPRESENTATION_CONTEXT('2D SPACE',''
  ) );
#10324 = ORIENTED_EDGE('',*,*,#6841,.F.);
#10325 = ORIENTED_EDGE('',*,*,#10304,.F.);
#10326 = ADVANCED_FACE('',(#10327),#3896,.F.);
#10327 = FACE_BOUND('',#10328,.T.);
#10328 = EDGE_LOOP('',(#10329,#10330,#10351,#10352));
#10329 = ORIENTED_EDGE('',*,*,#3879,.T.);
#10330 = ORIENTED_EDGE('',*,*,#10331,.T.);
#10331 = EDGE_CURVE('',#3880,#6868,#10332,.T.);
#10332 = SEAM_CURVE('',#10333,(#10337,#10344),.PCURVE_S1.);
#10333 = LINE('',#10334,#10335);
#10334 = CARTESIAN_POINT('',(-0.829371405923,8.693332436602,-6.8E-02));
#10335 = VECTOR('',#10336,1.);
#10336 = DIRECTION('',(0.,0.,1.));
#10337 = PCURVE('',#3896,#10338);
#10338 = DEFINITIONAL_REPRESENTATION('',(#10339),#10343);
#10339 = LINE('',#10340,#10341);
#10340 = CARTESIAN_POINT('',(-6.28318530718,0.));
#10341 = VECTOR('',#10342,1.);
#10342 = DIRECTION('',(-0.,-1.));
#10343 = ( GEOMETRIC_REPRESENTATION_CONTEXT(2) 
PARAMETRIC_REPRESENTATION_CONTEXT() REPRESENTATION_CONTEXT('2D SPACE',''
  ) );
#10344 = PCURVE('',#3896,#10345);
#10345 = DEFINITIONAL_REPRESENTATION('',(#10346),#10350);
#10346 = LINE('',#10347,#10348);
#10347 = CARTESIAN_POINT('',(-0.,0.));
#10348 = VECTOR('',#10349,1.);
#10349 = DIRECTION('',(-0.,-1.));
#10350 = ( GEOMETRIC_REPRESENTATION_CONTEXT(2) 
PARAMETRIC_REPRESENTATION_CONTEXT() REPRESENTATION_CONTEXT('2D SPACE',''
  ) );
#10351 = ORIENTED_EDGE('',*,*,#6867,.F.);
#10352 = ORIENTED_EDGE('',*,*,#10331,.F.);
#10353 = ( GEOMETRIC_REPRESENTATION_CONTEXT(3) 
GLOBAL_UNCERTAINTY_ASSIGNED_CONTEXT((#10357)) 
GLOBAL_UNIT_ASSIGNED_CONTEXT((#10354,#10355,#10356)) 
REPRESENTATION_CONTEXT('Context #1',
  '3D Context with UNIT and UNCERTAINTY') );
#10354 = ( LENGTH_UNIT() NAMED_UNIT(*) SI_UNIT(.MILLI.,.METRE.) );
#10355 = ( NAMED_UNIT(*) PLANE_ANGLE_UNIT() SI_UNIT($,.RADIAN.) );
#10356 = ( NAMED_UNIT(*) SI_UNIT($,.STERADIAN.) SOLID_ANGLE_UNIT() );
#10357 = UNCERTAINTY_MEASURE_WITH_UNIT(LENGTH_MEASURE(1.E-07),#10354,
  'distance_accuracy_value','confusion accuracy');
#10358 = PRODUCT_RELATED_PRODUCT_CATEGORY('part',$,(#7));
ENDSEC;
END-ISO-10303-21;
